"url","source","http_status","redirect_target","final_url","title","h1_count","canonical","robots_meta","content_language","hreflang_zh","hreflang_en","hreflang_x_default","json_ld_types","sitemap_included","response_content_type","file_url_exposed","file_path_exposed","object_key_exposed","signed_url_exposed","download_url_exposed","uploads_path_exposed","cos_path_exposed","public_immutable_cache","observed_at","error"
"https://www.enhe-tech.com.cn/","sitemap.xml","200","","https://www.enhe-tech.com.cn/","恩禾 ENHE AI | AI工具、AI资讯、账号服务与技能课程","1","https://www.enhe-tech.com.cn","index, follow","zh-CN","https://www.enhe-tech.com.cn","https://www.enhe-tech.com.cn/en","https://www.enhe-tech.com.cn","WebSite|Organization|SearchAction|MerchantReturnPolicy|CreativeWork|ContactPoint|BreadcrumbList|ListItem|WebPage|CollectionPage|ItemList","YES","text/html; charset=utf-8","False","False","False","False","False","True","True","False","2026-08-10T18:08:39.4472781Z",""
"https://www.enhe-tech.com.cn/en","sitemap.xml","200","","https://www.enhe-tech.com.cn/en","ENHE AI | AI Tools, News, Account Services & Courses","1","https://www.enhe-tech.com.cn/en","index, follow","en-US","https://www.enhe-tech.com.cn","https://www.enhe-tech.com.cn/en","https://www.enhe-tech.com.cn","WebSite|Organization|SearchAction|MerchantReturnPolicy|CreativeWork|ContactPoint|BreadcrumbList|ListItem|WebPage|CollectionPage|ItemList","YES","text/html; charset=utf-8","False","False","False","False","False","True","True","False","2026-08-10T18:08:39.9796416Z",""
"https://www.enhe-tech.com.cn/about","sitemap.xml","200","","https://www.enhe-tech.com.cn/about","恩禾ENHE AI 是什么？ | 恩禾 ENHE AI","1","https://www.enhe-tech.com.cn/about","index, follow","en-US","https://www.enhe-tech.com.cn/about","https://www.enhe-tech.com.cn/en/about","https://www.enhe-tech.com.cn/about","WebSite|Organization|SearchAction|MerchantReturnPolicy|CreativeWork|ContactPoint|BreadcrumbList|ListItem|AboutPage|FAQPage|Question|Answer","YES","text/html; charset=utf-8","False","False","False","False","False","False","False","False","2026-08-10T18:08:40.4435408Z",""
"https://www.enhe-tech.com.cn/en/about","sitemap.xml","200","","https://www.enhe-tech.com.cn/en/about","What is ENHE AI?","1","https://www.enhe-tech.com.cn/en/about","index, follow","en-US","https://www.enhe-tech.com.cn/about","https://www.enhe-tech.com.cn/en/about","https://www.enhe-tech.com.cn/about","WebSite|Organization|SearchAction|MerchantReturnPolicy|CreativeWork|ContactPoint|BreadcrumbList|ListItem|AboutPage|FAQPage|Question|Answer","YES","text/html; charset=utf-8","False","False","False","False","False","False","False","False","2026-08-10T18:08:40.9384739Z",""
"https://www.enhe-tech.com.cn/ai-topics","sitemap.xml","200","","https://www.enhe-tech.com.cn/ai-topics","AI 主题增长路径 | ENHE AI","1","https://www.enhe-tech.com.cn/ai-topics","index, follow","zh-CN","https://www.enhe-tech.com.cn/ai-topics","https://www.enhe-tech.com.cn/en/ai-topics","https://www.enhe-tech.com.cn/ai-topics","WebSite|Organization|SearchAction|MerchantReturnPolicy|CreativeWork|ContactPoint|BreadcrumbList|ListItem|CollectionPage|ItemList","YES","text/html; charset=utf-8","False","False","False","False","False","False","False","False","2026-08-10T18:08:41.4149610Z",""
"https://www.enhe-tech.com.cn/en/ai-topics","sitemap.xml","200","","https://www.enhe-tech.com.cn/en/ai-topics","AI Topic Growth Paths | ENHE AI","1","https://www.enhe-tech.com.cn/en/ai-topics","index, follow","en-US","https://www.enhe-tech.com.cn/ai-topics","https://www.enhe-tech.com.cn/en/ai-topics","https://www.enhe-tech.com.cn/ai-topics","WebSite|Organization|SearchAction|MerchantReturnPolicy|CreativeWork|ContactPoint|BreadcrumbList|ListItem|CollectionPage|ItemList","YES","text/html; charset=utf-8","False","False","False","False","False","False","False","False","2026-08-10T18:08:41.8953163Z",""
"https://www.enhe-tech.com.cn/ai-topics/ai-content-creation-tools","sitemap.xml","200","","https://www.enhe-tech.com.cn/ai-topics/ai-content-creation-tools","AI 内容创作工具怎么选 | ENHE AI","1","https://www.enhe-tech.com.cn/ai-topics/ai-content-creation-tools","index, follow","zh-CN","https://www.enhe-tech.com.cn/ai-topics/ai-content-creation-tools","https://www.enhe-tech.com.cn/en/ai-topics/ai-content-creation-tools","https://www.enhe-tech.com.cn/ai-topics/ai-content-creation-tools","WebSite|Organization|SearchAction|MerchantReturnPolicy|CreativeWork|ContactPoint|BreadcrumbList|ListItem|CollectionPage|ItemList|FAQPage|Question|Answer","YES","text/html; charset=utf-8","False","False","False","False","False","False","False","False","2026-08-10T18:08:42.4394404Z",""
"https://www.enhe-tech.com.cn/en/ai-topics/ai-content-creation-tools","sitemap.xml","200","","https://www.enhe-tech.com.cn/en/ai-topics/ai-content-creation-tools","How to choose AI content creation tools | ENHE AI","1","https://www.enhe-tech.com.cn/en/ai-topics/ai-content-creation-tools","index, follow","en-US","https://www.enhe-tech.com.cn/ai-topics/ai-content-creation-tools","https://www.enhe-tech.com.cn/en/ai-topics/ai-content-creation-tools","https://www.enhe-tech.com.cn/ai-topics/ai-content-creation-tools","WebSite|Organization|SearchAction|MerchantReturnPolicy|CreativeWork|ContactPoint|BreadcrumbList|ListItem|CollectionPage|ItemList|FAQPage|Question|Answer","YES","text/html; charset=utf-8","False","False","False","False","False","False","False","False","2026-08-10T18:08:42.9146765Z",""
"https://www.enhe-tech.com.cn/ai-topics/local-ai-deployment","sitemap.xml","200","","https://www.enhe-tech.com.cn/ai-topics/local-ai-deployment","本地 AI 部署与开发路线 | ENHE AI","1","https://www.enhe-tech.com.cn/ai-topics/local-ai-deployment","index, follow","zh-CN","https://www.enhe-tech.com.cn/ai-topics/local-ai-deployment","https://www.enhe-tech.com.cn/en/ai-topics/local-ai-deployment","https://www.enhe-tech.com.cn/ai-topics/local-ai-deployment","WebSite|Organization|SearchAction|MerchantReturnPolicy|CreativeWork|ContactPoint|BreadcrumbList|ListItem|CollectionPage|ItemList|FAQPage|Question|Answer","YES","text/html; charset=utf-8","False","False","False","False","False","False","False","False","2026-08-10T18:08:43.3989122Z",""
"https://www.enhe-tech.com.cn/en/ai-topics/local-ai-deployment","sitemap.xml","200","","https://www.enhe-tech.com.cn/en/ai-topics/local-ai-deployment","Local AI deployment and developer path | ENHE AI","1","https://www.enhe-tech.com.cn/en/ai-topics/local-ai-deployment","index, follow","en-US","https://www.enhe-tech.com.cn/ai-topics/local-ai-deployment","https://www.enhe-tech.com.cn/en/ai-topics/local-ai-deployment","https://www.enhe-tech.com.cn/ai-topics/local-ai-deployment","WebSite|Organization|SearchAction|MerchantReturnPolicy|CreativeWork|ContactPoint|BreadcrumbList|ListItem|CollectionPage|ItemList|FAQPage|Question|Answer","YES","text/html; charset=utf-8","False","False","False","False","False","False","False","False","2026-08-10T18:08:43.8960776Z",""
"https://www.enhe-tech.com.cn/ai-topics/ai-account-service-compliance","sitemap.xml","200","","https://www.enhe-tech.com.cn/ai-topics/ai-account-service-compliance","AI 账号服务与合规访问指南 | ENHE AI","1","https://www.enhe-tech.com.cn/ai-topics/ai-account-service-compliance","index, follow","zh-CN","https://www.enhe-tech.com.cn/ai-topics/ai-account-service-compliance","https://www.enhe-tech.com.cn/en/ai-topics/ai-account-service-compliance","https://www.enhe-tech.com.cn/ai-topics/ai-account-service-compliance","WebSite|Organization|SearchAction|MerchantReturnPolicy|CreativeWork|ContactPoint|BreadcrumbList|ListItem|CollectionPage|ItemList|FAQPage|Question|Answer","YES","text/html; charset=utf-8","False","False","False","False","False","False","False","False","2026-08-10T18:08:44.3746743Z",""
"https://www.enhe-tech.com.cn/en/ai-topics/ai-account-service-compliance","sitemap.xml","200","","https://www.enhe-tech.com.cn/en/ai-topics/ai-account-service-compliance","AI account services and compliant access guide | ENHE AI","1","https://www.enhe-tech.com.cn/en/ai-topics/ai-account-service-compliance","index, follow","en-US","https://www.enhe-tech.com.cn/ai-topics/ai-account-service-compliance","https://www.enhe-tech.com.cn/en/ai-topics/ai-account-service-compliance","https://www.enhe-tech.com.cn/ai-topics/ai-account-service-compliance","WebSite|Organization|SearchAction|MerchantReturnPolicy|CreativeWork|ContactPoint|BreadcrumbList|ListItem|CollectionPage|ItemList|FAQPage|Question|Answer","YES","text/html; charset=utf-8","False","False","False","False","False","False","False","False","2026-08-10T18:08:44.8388430Z",""
"https://www.enhe-tech.com.cn/ai-topics/ai-skill-learning-path","sitemap.xml","200","","https://www.enhe-tech.com.cn/ai-topics/ai-skill-learning-path","AI 技能学习路线怎么规划 | ENHE AI","1","https://www.enhe-tech.com.cn/ai-topics/ai-skill-learning-path","index, follow","zh-CN","https://www.enhe-tech.com.cn/ai-topics/ai-skill-learning-path","https://www.enhe-tech.com.cn/en/ai-topics/ai-skill-learning-path","https://www.enhe-tech.com.cn/ai-topics/ai-skill-learning-path","WebSite|Organization|SearchAction|MerchantReturnPolicy|CreativeWork|ContactPoint|BreadcrumbList|ListItem|CollectionPage|ItemList|FAQPage|Question|Answer","YES","text/html; charset=utf-8","False","False","False","False","False","False","False","False","2026-08-10T18:08:45.3664410Z",""
"https://www.enhe-tech.com.cn/en/ai-topics/ai-skill-learning-path","sitemap.xml","200","","https://www.enhe-tech.com.cn/en/ai-topics/ai-skill-learning-path","How to plan an AI skill learning path | ENHE AI","1","https://www.enhe-tech.com.cn/en/ai-topics/ai-skill-learning-path","index, follow","en-US","https://www.enhe-tech.com.cn/ai-topics/ai-skill-learning-path","https://www.enhe-tech.com.cn/en/ai-topics/ai-skill-learning-path","https://www.enhe-tech.com.cn/ai-topics/ai-skill-learning-path","WebSite|Organization|SearchAction|MerchantReturnPolicy|CreativeWork|ContactPoint|BreadcrumbList|ListItem|CollectionPage|ItemList|FAQPage|Question|Answer","YES","text/html; charset=utf-8","False","False","False","False","False","False","False","False","2026-08-10T18:08:45.8474323Z",""
"https://www.enhe-tech.com.cn/build-your-own-x","sitemap.xml","200","","https://www.enhe-tech.com.cn/build-your-own-x","Build Your Own X 项目导航器 | ENHE AI","1","https://www.enhe-tech.com.cn/build-your-own-x","index, follow","zh-CN","https://www.enhe-tech.com.cn/build-your-own-x","https://www.enhe-tech.com.cn/en/build-your-own-x","https://www.enhe-tech.com.cn/build-your-own-x","WebSite|Organization|SearchAction|MerchantReturnPolicy|CreativeWork|ContactPoint|BreadcrumbList|ListItem|WebApplication|ItemList|CollectionPage|FAQPage|Question|Answer","YES","text/html; charset=utf-8","False","False","False","False","False","False","False","False","2026-08-10T18:08:46.4956018Z",""
"https://www.enhe-tech.com.cn/en/build-your-own-x","sitemap.xml","200","","https://www.enhe-tech.com.cn/en/build-your-own-x","Build Your Own X Navigator | ENHE AI","1","https://www.enhe-tech.com.cn/en/build-your-own-x","index, follow","en-US","https://www.enhe-tech.com.cn/build-your-own-x","https://www.enhe-tech.com.cn/en/build-your-own-x","https://www.enhe-tech.com.cn/build-your-own-x","WebSite|Organization|SearchAction|MerchantReturnPolicy|CreativeWork|ContactPoint|BreadcrumbList|ListItem|WebApplication|ItemList|CollectionPage|FAQPage|Question|Answer","YES","text/html; charset=utf-8","False","False","False","False","False","False","False","False","2026-08-10T18:08:47.1111072Z",""
"https://www.enhe-tech.com.cn/software","sitemap.xml","200","","https://www.enhe-tech.com.cn/software","最热门AI工具、热门AI软件与高频效率产品 | 恩禾 ENHE AI","1","https://www.enhe-tech.com.cn/software","index, follow","zh-CN","https://www.enhe-tech.com.cn/software","https://www.enhe-tech.com.cn/en/software","https://www.enhe-tech.com.cn/software","WebSite|Organization|SearchAction|MerchantReturnPolicy|CreativeWork|ContactPoint|BreadcrumbList|ListItem|CollectionPage|ItemList|FAQPage|Question|Answer","YES","text/html; charset=utf-8","False","False","False","False","False","True","False","False","2026-08-10T18:08:47.6883876Z",""
"https://www.enhe-tech.com.cn/en/software","sitemap.xml","200","","https://www.enhe-tech.com.cn/en/software","Most Popular AI Tools And Productivity Software | ENHE AI","1","https://www.enhe-tech.com.cn/en/software","index, follow","en-US","https://www.enhe-tech.com.cn/software","https://www.enhe-tech.com.cn/en/software","https://www.enhe-tech.com.cn/software","WebSite|Organization|SearchAction|MerchantReturnPolicy|CreativeWork|ContactPoint|BreadcrumbList|ListItem|CollectionPage|ItemList|FAQPage|Question|Answer","YES","text/html; charset=utf-8","False","False","False","False","False","True","False","False","2026-08-10T18:08:48.2325147Z",""
"https://www.enhe-tech.com.cn/ai-skills","sitemap.xml","200","","https://www.enhe-tech.com.cn/ai-skills","AI Skill - ENHE AI","1","https://www.enhe-tech.com.cn/ai-skills","index, follow","zh-CN","https://www.enhe-tech.com.cn/ai-skills","https://www.enhe-tech.com.cn/en/ai-skills","https://www.enhe-tech.com.cn/ai-skills","WebSite|Organization|SearchAction|MerchantReturnPolicy|CreativeWork|ContactPoint|BreadcrumbList|ListItem|CollectionPage|ItemList","YES","text/html; charset=utf-8","False","False","False","False","False","True","True","False","2026-08-10T18:08:48.7198394Z",""
"https://www.enhe-tech.com.cn/en/ai-skills","sitemap.xml","200","","https://www.enhe-tech.com.cn/en/ai-skills","AI Skills - ENHE AI","1","https://www.enhe-tech.com.cn/en/ai-skills","index, follow","en-US","https://www.enhe-tech.com.cn/ai-skills","https://www.enhe-tech.com.cn/en/ai-skills","https://www.enhe-tech.com.cn/ai-skills","WebSite|Organization|SearchAction|MerchantReturnPolicy|CreativeWork|ContactPoint|BreadcrumbList|ListItem|CollectionPage|ItemList","YES","text/html; charset=utf-8","False","False","False","False","False","True","True","False","2026-08-10T18:08:49.1991711Z",""
"https://www.enhe-tech.com.cn/online-tools/seo-geo-audit","sitemap.xml","200","","https://www.enhe-tech.com.cn/online-tools/seo-geo-audit","独立站 SEO/GEO 智能巡检 | ENHE AI","1","https://www.enhe-tech.com.cn/online-tools/seo-geo-audit","index, follow","en-US","https://www.enhe-tech.com.cn/online-tools/seo-geo-audit","https://www.enhe-tech.com.cn/en/online-tools/seo-geo-audit","https://www.enhe-tech.com.cn/online-tools/seo-geo-audit","WebSite|Organization|SearchAction|MerchantReturnPolicy|CreativeWork|ContactPoint","YES","text/html; charset=utf-8","False","False","False","False","False","False","False","False","2026-08-10T18:08:49.6832236Z",""
"https://www.enhe-tech.com.cn/en/online-tools/seo-geo-audit","sitemap.xml","200","","https://www.enhe-tech.com.cn/en/online-tools/seo-geo-audit","Independent-site SEO/GEO Audit | ENHE AI","1","https://www.enhe-tech.com.cn/en/online-tools/seo-geo-audit","index, follow","en-US","https://www.enhe-tech.com.cn/online-tools/seo-geo-audit","https://www.enhe-tech.com.cn/en/online-tools/seo-geo-audit","https://www.enhe-tech.com.cn/online-tools/seo-geo-audit","WebSite|Organization|SearchAction|MerchantReturnPolicy|CreativeWork|ContactPoint","YES","text/html; charset=utf-8","False","False","False","False","False","False","False","False","2026-08-10T18:08:50.1705836Z",""
"https://www.enhe-tech.com.cn/account-services","sitemap.xml","200","","https://www.enhe-tech.com.cn/account-services","AI账号服务咨询、订阅说明与合规边界 | 恩禾 ENHE AI","1","https://www.enhe-tech.com.cn/account-services","index, follow","zh-CN","https://www.enhe-tech.com.cn/account-services","https://www.enhe-tech.com.cn/en/account-services","https://www.enhe-tech.com.cn/account-services","WebSite|Organization|SearchAction|MerchantReturnPolicy|CreativeWork|ContactPoint|BreadcrumbList|ListItem|CollectionPage|Service|FAQPage|Question|Answer","YES","text/html; charset=utf-8","False","False","False","False","False","True","False","False","2026-08-10T18:08:50.6543210Z",""
"https://www.enhe-tech.com.cn/en/account-services","sitemap.xml","200","","https://www.enhe-tech.com.cn/en/account-services","AI Account Service Guidance and Compliance | ENHE AI","1","https://www.enhe-tech.com.cn/en/account-services","index, follow","en-US","https://www.enhe-tech.com.cn/account-services","https://www.enhe-tech.com.cn/en/account-services","https://www.enhe-tech.com.cn/account-services","WebSite|Organization|SearchAction|MerchantReturnPolicy|CreativeWork|ContactPoint|BreadcrumbList|ListItem|CollectionPage|Service|FAQPage|Question|Answer","YES","text/html; charset=utf-8","False","False","False","False","False","True","False","False","2026-08-10T18:08:51.1606189Z",""
"https://www.enhe-tech.com.cn/skill-learning","sitemap.xml","200","","https://www.enhe-tech.com.cn/skill-learning","AI教程与实战指南、AI工具与本地部署教程 | 恩禾 ENHE AI","1","https://www.enhe-tech.com.cn/skill-learning","index, follow","zh-CN","https://www.enhe-tech.com.cn/skill-learning","https://www.enhe-tech.com.cn/en/skill-learning","https://www.enhe-tech.com.cn/skill-learning","WebSite|Organization|SearchAction|MerchantReturnPolicy|CreativeWork|ContactPoint|BreadcrumbList|ListItem|FAQPage|Question|Answer","YES","text/html; charset=utf-8","False","False","False","False","False","True","False","False","2026-08-10T18:08:51.6414405Z",""
"https://www.enhe-tech.com.cn/en/skill-learning","sitemap.xml","200","","https://www.enhe-tech.com.cn/en/skill-learning","Practical AI Tutorials and Guides | ENHE AI","1","https://www.enhe-tech.com.cn/en/skill-learning","index, follow","en-US","https://www.enhe-tech.com.cn/skill-learning","https://www.enhe-tech.com.cn/en/skill-learning","https://www.enhe-tech.com.cn/skill-learning","WebSite|Organization|SearchAction|MerchantReturnPolicy|CreativeWork|ContactPoint|BreadcrumbList|ListItem|FAQPage|Question|Answer","YES","text/html; charset=utf-8","False","False","False","False","False","True","False","False","2026-08-10T18:08:52.1324811Z",""
"https://www.enhe-tech.com.cn/skill-learning/ai-prompt-management","sitemap.xml","200","","https://www.enhe-tech.com.cn/skill-learning/ai-prompt-management","AI提示词管理系统 | ENHE AI","1","https://www.enhe-tech.com.cn/skill-learning/ai-prompt-management","index, follow","zh-CN","https://www.enhe-tech.com.cn/skill-learning/ai-prompt-management","https://www.enhe-tech.com.cn/en/skill-learning/ai-prompt-management","https://www.enhe-tech.com.cn/skill-learning/ai-prompt-management","WebSite|Organization|SearchAction|MerchantReturnPolicy|CreativeWork|ContactPoint|WebApplication|Offer|BreadcrumbList|ListItem|FAQPage|Question|Answer","YES","text/html; charset=utf-8","False","False","False","False","False","False","False","False","2026-08-10T18:08:52.5983023Z",""
"https://www.enhe-tech.com.cn/en/skill-learning/ai-prompt-management","sitemap.xml","200","","https://www.enhe-tech.com.cn/en/skill-learning/ai-prompt-management","AI Prompt Management System | ENHE AI","1","https://www.enhe-tech.com.cn/en/skill-learning/ai-prompt-management","index, follow","en-US","https://www.enhe-tech.com.cn/skill-learning/ai-prompt-management","https://www.enhe-tech.com.cn/en/skill-learning/ai-prompt-management","https://www.enhe-tech.com.cn/skill-learning/ai-prompt-management","WebSite|Organization|SearchAction|MerchantReturnPolicy|CreativeWork|ContactPoint|WebApplication|Offer|BreadcrumbList|ListItem|FAQPage|Question|Answer","YES","text/html; charset=utf-8","False","False","False","False","False","False","False","False","2026-08-10T18:08:53.0772581Z",""
"https://www.enhe-tech.com.cn/product-paths/work-efficiency","sitemap.xml","200","","https://www.enhe-tech.com.cn/product-paths/work-efficiency","提升工作效率 - 恩禾ENHE AI","1","https://www.enhe-tech.com.cn/product-paths/work-efficiency","index, follow","en-US","https://www.enhe-tech.com.cn/product-paths/work-efficiency","https://www.enhe-tech.com.cn/en/product-paths/work-efficiency","https://www.enhe-tech.com.cn/product-paths/work-efficiency","WebSite|Organization|SearchAction|MerchantReturnPolicy|CreativeWork|ContactPoint|BreadcrumbList|ListItem|CollectionPage|ItemList","YES","text/html; charset=utf-8","False","False","False","False","False","True","False","False","2026-08-10T18:08:53.5859059Z",""
"https://www.enhe-tech.com.cn/en/product-paths/work-efficiency","sitemap.xml","200","","https://www.enhe-tech.com.cn/en/product-paths/work-efficiency","Improve work efficiency - ENHE AI","1","https://www.enhe-tech.com.cn/en/product-paths/work-efficiency","index, follow","en-US","https://www.enhe-tech.com.cn/product-paths/work-efficiency","https://www.enhe-tech.com.cn/en/product-paths/work-efficiency","https://www.enhe-tech.com.cn/product-paths/work-efficiency","WebSite|Organization|SearchAction|MerchantReturnPolicy|CreativeWork|ContactPoint|BreadcrumbList|ListItem|CollectionPage|ItemList","YES","text/html; charset=utf-8","False","False","False","False","False","True","False","False","2026-08-10T18:08:54.0945618Z",""
"https://www.enhe-tech.com.cn/product-paths/media-generation","sitemap.xml","200","","https://www.enhe-tech.com.cn/product-paths/media-generation","生成图片/视频/音频 - 恩禾ENHE AI","1","https://www.enhe-tech.com.cn/product-paths/media-generation","index, follow","en-US","https://www.enhe-tech.com.cn/product-paths/media-generation","https://www.enhe-tech.com.cn/en/product-paths/media-generation","https://www.enhe-tech.com.cn/product-paths/media-generation","WebSite|Organization|SearchAction|MerchantReturnPolicy|CreativeWork|ContactPoint|BreadcrumbList|ListItem|CollectionPage|ItemList","YES","text/html; charset=utf-8","False","False","False","False","False","True","False","False","2026-08-10T18:08:54.5751717Z",""
"https://www.enhe-tech.com.cn/en/product-paths/media-generation","sitemap.xml","200","","https://www.enhe-tech.com.cn/en/product-paths/media-generation","Generate image/video/audio - ENHE AI","1","https://www.enhe-tech.com.cn/en/product-paths/media-generation","index, follow","en-US","https://www.enhe-tech.com.cn/product-paths/media-generation","https://www.enhe-tech.com.cn/en/product-paths/media-generation","https://www.enhe-tech.com.cn/product-paths/media-generation","WebSite|Organization|SearchAction|MerchantReturnPolicy|CreativeWork|ContactPoint|BreadcrumbList|ListItem|CollectionPage|ItemList","YES","text/html; charset=utf-8","False","False","False","False","False","True","False","False","2026-08-10T18:08:55.0495552Z",""
"https://www.enhe-tech.com.cn/product-demos","sitemap.xml","200","","https://www.enhe-tech.com.cn/product-demos","工具功能演示 - 恩禾ENHE AI","1","https://www.enhe-tech.com.cn/product-demos","index, follow","en-US","https://www.enhe-tech.com.cn/product-demos","https://www.enhe-tech.com.cn/en/product-demos","https://www.enhe-tech.com.cn/product-demos","WebSite|Organization|SearchAction|MerchantReturnPolicy|CreativeWork|ContactPoint|BreadcrumbList|ListItem|CollectionPage|ItemList","YES","text/html; charset=utf-8","False","False","False","False","False","True","False","False","2026-08-10T18:08:55.5374704Z",""
"https://www.enhe-tech.com.cn/en/product-demos","sitemap.xml","200","","https://www.enhe-tech.com.cn/en/product-demos","Tool Function Demos - ENHE AI","1","https://www.enhe-tech.com.cn/en/product-demos","index, follow","en-US","https://www.enhe-tech.com.cn/product-demos","https://www.enhe-tech.com.cn/en/product-demos","https://www.enhe-tech.com.cn/product-demos","WebSite|Organization|SearchAction|MerchantReturnPolicy|CreativeWork|ContactPoint|BreadcrumbList|ListItem|CollectionPage|ItemList","YES","text/html; charset=utf-8","False","False","False","False","False","True","False","False","2026-08-10T18:08:56.0409499Z",""
"https://www.enhe-tech.com.cn/product-demos/windows-ai-video-studio","sitemap.xml","200","","https://www.enhe-tech.com.cn/product-demos/windows-ai-video-studio","无所不能版｜AI 视频生成工作站｜文生视频、图生视频、本地AI部署｜ENHE AI工具站","1","https://www.enhe-tech.com.cn/product-demos/windows-ai-video-studio","index, follow","en-US","https://www.enhe-tech.com.cn/product-demos/windows-ai-video-studio","https://www.enhe-tech.com.cn/en/product-demos/windows-ai-video-studio","https://www.enhe-tech.com.cn/product-demos/windows-ai-video-studio","WebSite|Organization|SearchAction|MerchantReturnPolicy|CreativeWork|ContactPoint|BreadcrumbList|ListItem|VideoObject|FAQPage|Question|Answer|Product|Brand|Offer","YES","text/html; charset=utf-8","False","False","False","False","False","True","False","False","2026-08-10T18:08:56.5283649Z",""
"https://www.enhe-tech.com.cn/en/product-demos/windows-ai-video-studio","sitemap.xml","200","","https://www.enhe-tech.com.cn/en/product-demos/windows-ai-video-studio","Ultimate Edition | AI Video Generation Suite Demo | ENHE AI","1","https://www.enhe-tech.com.cn/en/product-demos/windows-ai-video-studio","index, follow","en-US","https://www.enhe-tech.com.cn/product-demos/windows-ai-video-studio","https://www.enhe-tech.com.cn/en/product-demos/windows-ai-video-studio","https://www.enhe-tech.com.cn/product-demos/windows-ai-video-studio","WebSite|Organization|SearchAction|MerchantReturnPolicy|CreativeWork|ContactPoint|BreadcrumbList|ListItem|VideoObject|FAQPage|Question|Answer|Product|Brand|Offer","YES","text/html; charset=utf-8","False","False","False","False","False","True","False","False","2026-08-10T18:08:57.0158467Z",""
"https://www.enhe-tech.com.cn/product-demos/ai-video","sitemap.xml","200","","https://www.enhe-tech.com.cn/product-demos/ai-video","FaceSwap Studio AI人像处理工具｜图片换脸、视频换脸、本地AI处理｜ENHE AI工具站","1","https://www.enhe-tech.com.cn/product-demos/ai-video","index, follow","en-US","https://www.enhe-tech.com.cn/product-demos/ai-video","https://www.enhe-tech.com.cn/en/product-demos/ai-video","https://www.enhe-tech.com.cn/product-demos/ai-video","WebSite|Organization|SearchAction|MerchantReturnPolicy|CreativeWork|ContactPoint|BreadcrumbList|ListItem|VideoObject|Product|Brand|Offer","YES","text/html; charset=utf-8","False","False","False","False","False","True","False","False","2026-08-10T18:08:57.5018752Z",""
"https://www.enhe-tech.com.cn/en/product-demos/ai-video","sitemap.xml","200","","https://www.enhe-tech.com.cn/en/product-demos/ai-video","FaceSwap Studio Local Portrait Synthesis Lab Demo | ENHE AI","1","https://www.enhe-tech.com.cn/en/product-demos/ai-video","index, follow","en-US","https://www.enhe-tech.com.cn/product-demos/ai-video","https://www.enhe-tech.com.cn/en/product-demos/ai-video","https://www.enhe-tech.com.cn/product-demos/ai-video","WebSite|Organization|SearchAction|MerchantReturnPolicy|CreativeWork|ContactPoint|BreadcrumbList|ListItem|VideoObject|Product|Brand|Offer","YES","text/html; charset=utf-8","False","False","False","False","False","True","False","False","2026-08-10T18:08:58.0086364Z",""
"https://www.enhe-tech.com.cn/product-demos/windows-ai-lumi","sitemap.xml","200","","https://www.enhe-tech.com.cn/product-demos/windows-ai-lumi","LumiOS Windows AI｜个人 AI 操作智能体伴侣 | ENHE AI","1","https://www.enhe-tech.com.cn/product-demos/windows-ai-lumi","index, follow","en-US","https://www.enhe-tech.com.cn/product-demos/windows-ai-lumi","https://www.enhe-tech.com.cn/en/product-demos/windows-ai-lumi","https://www.enhe-tech.com.cn/product-demos/windows-ai-lumi","WebSite|Organization|SearchAction|MerchantReturnPolicy|CreativeWork|ContactPoint|BreadcrumbList|ListItem|VideoObject|Product|Brand|Offer","YES","text/html; charset=utf-8","False","False","False","False","False","True","False","False","2026-08-10T18:08:58.4903835Z",""
"https://www.enhe-tech.com.cn/en/product-demos/windows-ai-lumi","sitemap.xml","200","","https://www.enhe-tech.com.cn/en/product-demos/windows-ai-lumi","LumiOS Personal AI Operating Companion Demo | ENHE AI","1","https://www.enhe-tech.com.cn/en/product-demos/windows-ai-lumi","index, follow","en-US","https://www.enhe-tech.com.cn/product-demos/windows-ai-lumi","https://www.enhe-tech.com.cn/en/product-demos/windows-ai-lumi","https://www.enhe-tech.com.cn/product-demos/windows-ai-lumi","WebSite|Organization|SearchAction|MerchantReturnPolicy|CreativeWork|ContactPoint|BreadcrumbList|ListItem|VideoObject|Product|Brand|Offer","YES","text/html; charset=utf-8","False","False","False","False","False","True","False","False","2026-08-10T18:08:58.9975754Z",""
"https://www.enhe-tech.com.cn/pricing","sitemap.xml","200","","https://www.enhe-tech.com.cn/pricing","AI工具报价、购买流程与交付说明 | 恩禾 ENHE AI","1","https://www.enhe-tech.com.cn/pricing","index, follow","zh-CN","https://www.enhe-tech.com.cn/pricing","https://www.enhe-tech.com.cn/en/pricing","https://www.enhe-tech.com.cn/pricing","WebSite|Organization|SearchAction|MerchantReturnPolicy|CreativeWork|ContactPoint|BreadcrumbList|ListItem|OfferCatalog|Offer|SoftwareApplication|Service|Course","YES","text/html; charset=utf-8","False","False","False","False","False","False","False","False","2026-08-10T18:08:59.5689963Z",""
"https://www.enhe-tech.com.cn/en/pricing","sitemap.xml","200","","https://www.enhe-tech.com.cn/en/pricing","AI Tool Pricing, Purchase, and Delivery Guide | ENHE AI","1","https://www.enhe-tech.com.cn/en/pricing","index, follow","en-US","https://www.enhe-tech.com.cn/pricing","https://www.enhe-tech.com.cn/en/pricing","https://www.enhe-tech.com.cn/pricing","WebSite|Organization|SearchAction|MerchantReturnPolicy|CreativeWork|ContactPoint|BreadcrumbList|ListItem|OfferCatalog|Offer|SoftwareApplication|Service|Course","YES","text/html; charset=utf-8","False","False","False","False","False","False","False","False","2026-08-10T18:09:00.1056488Z",""
"https://www.enhe-tech.com.cn/tutorials","sitemap.xml","200","","https://www.enhe-tech.com.cn/tutorials","AI工具教程、软件配置与使用指南 | 恩禾 ENHE AI","1","https://www.enhe-tech.com.cn/tutorials","index, follow","zh-CN","https://www.enhe-tech.com.cn/tutorials","https://www.enhe-tech.com.cn/en/tutorials","https://www.enhe-tech.com.cn/tutorials","WebSite|Organization|SearchAction|MerchantReturnPolicy|CreativeWork|ContactPoint|BreadcrumbList|ListItem|HowTo|HowToStep|FAQPage|Question|Answer","YES","text/html; charset=utf-8","False","False","False","False","False","False","False","False","2026-08-10T18:09:00.5630213Z",""
"https://www.enhe-tech.com.cn/en/tutorials","sitemap.xml","200","","https://www.enhe-tech.com.cn/en/tutorials","AI Tool Tutorials, Setup, and Workflow Guides | ENHE AI","1","https://www.enhe-tech.com.cn/en/tutorials","index, follow","en-US","https://www.enhe-tech.com.cn/tutorials","https://www.enhe-tech.com.cn/en/tutorials","https://www.enhe-tech.com.cn/tutorials","WebSite|Organization|SearchAction|MerchantReturnPolicy|CreativeWork|ContactPoint|BreadcrumbList|ListItem|HowTo|HowToStep|FAQPage|Question|Answer","YES","text/html; charset=utf-8","False","False","False","False","False","False","False","False","2026-08-10T18:09:01.0375662Z",""
"https://www.enhe-tech.com.cn/ai-news","sitemap.xml","200","","https://www.enhe-tech.com.cn/ai-news","AI资讯、趋势解读与工具落地指南 | 恩禾 ENHE AI","1","https://www.enhe-tech.com.cn/ai-news","index, follow","zh-CN","https://www.enhe-tech.com.cn/ai-news","https://www.enhe-tech.com.cn/en/ai-news","https://www.enhe-tech.com.cn/ai-news","WebSite|Organization|SearchAction|MerchantReturnPolicy|CreativeWork|ContactPoint|BreadcrumbList|ListItem|CollectionPage|WebPage|Thing|FAQPage|Question|Answer","YES","text/html; charset=utf-8","False","False","False","False","False","False","False","False","2026-08-10T18:09:01.6512395Z",""
"https://www.enhe-tech.com.cn/en/ai-news","sitemap.xml","200","","https://www.enhe-tech.com.cn/en/ai-news","AI News, Trend Insights, and Tool Decisions | ENHE AI","1","https://www.enhe-tech.com.cn/en/ai-news","index, follow","en-US","https://www.enhe-tech.com.cn/ai-news","https://www.enhe-tech.com.cn/en/ai-news","https://www.enhe-tech.com.cn/ai-news","WebSite|Organization|SearchAction|MerchantReturnPolicy|CreativeWork|ContactPoint|BreadcrumbList|ListItem|CollectionPage|WebPage|Thing|FAQPage|Question|Answer","YES","text/html; charset=utf-8","False","False","False","False","False","False","False","False","2026-08-10T18:09:02.2562312Z",""
"https://www.enhe-tech.com.cn/ai-trends","sitemap.xml","200","","https://www.enhe-tech.com.cn/ai-trends","人类最渴望用 AI 解决哪些问题 | ENHE AI","1","https://www.enhe-tech.com.cn/ai-trends","index, follow","zh-CN","https://www.enhe-tech.com.cn/ai-trends","https://www.enhe-tech.com.cn/en/ai-trends","https://www.enhe-tech.com.cn/ai-trends","WebSite|Organization|SearchAction|MerchantReturnPolicy|CreativeWork|ContactPoint|BreadcrumbList|ListItem|CollectionPage|WebPage|Thing|FAQPage|Question|Answer","YES","text/html; charset=utf-8","False","False","False","False","False","True","False","False","2026-08-10T18:09:02.8021807Z",""
"https://www.enhe-tech.com.cn/en/ai-trends","sitemap.xml","200","","https://www.enhe-tech.com.cn/en/ai-trends","What People Most Want AI To Solve | ENHE AI","1","https://www.enhe-tech.com.cn/en/ai-trends","index, follow","en-US","https://www.enhe-tech.com.cn/ai-trends","https://www.enhe-tech.com.cn/en/ai-trends","https://www.enhe-tech.com.cn/ai-trends","WebSite|Organization|SearchAction|MerchantReturnPolicy|CreativeWork|ContactPoint|BreadcrumbList|ListItem|CollectionPage|WebPage|Thing|FAQPage|Question|Answer","YES","text/html; charset=utf-8","False","False","False","False","False","True","False","False","2026-08-10T18:09:03.3049736Z",""
"https://www.enhe-tech.com.cn/legal/user-agreement","sitemap.xml","200","","https://www.enhe-tech.com.cn/legal/user-agreement","用户协议 | 恩禾 ENHE AI","1","https://www.enhe-tech.com.cn/legal/user-agreement","index, follow","zh-CN","https://www.enhe-tech.com.cn/legal/user-agreement","https://www.enhe-tech.com.cn/en/legal/user-agreement","https://www.enhe-tech.com.cn/legal/user-agreement","WebSite|Organization|SearchAction|MerchantReturnPolicy|CreativeWork|ContactPoint|BreadcrumbList|ListItem","YES","text/html; charset=utf-8","False","False","False","False","False","False","False","False","2026-08-10T18:09:03.8149820Z",""
"https://www.enhe-tech.com.cn/en/legal/user-agreement","sitemap.xml","200","","https://www.enhe-tech.com.cn/en/legal/user-agreement","User Agreement | ENHE AI","1","https://www.enhe-tech.com.cn/en/legal/user-agreement","index, follow","en-US","https://www.enhe-tech.com.cn/legal/user-agreement","https://www.enhe-tech.com.cn/en/legal/user-agreement","https://www.enhe-tech.com.cn/legal/user-agreement","WebSite|Organization|SearchAction|MerchantReturnPolicy|CreativeWork|ContactPoint|BreadcrumbList|ListItem","YES","text/html; charset=utf-8","False","False","False","False","False","False","False","False","2026-08-10T18:09:04.2907409Z",""
"https://www.enhe-tech.com.cn/legal/privacy-policy","sitemap.xml","200","","https://www.enhe-tech.com.cn/legal/privacy-policy","隐私政策 | 恩禾 ENHE AI","1","https://www.enhe-tech.com.cn/legal/privacy-policy","index, follow","zh-CN","https://www.enhe-tech.com.cn/legal/privacy-policy","https://www.enhe-tech.com.cn/en/legal/privacy-policy","https://www.enhe-tech.com.cn/legal/privacy-policy","WebSite|Organization|SearchAction|MerchantReturnPolicy|CreativeWork|ContactPoint|BreadcrumbList|ListItem","YES","text/html; charset=utf-8","False","False","False","False","False","False","False","False","2026-08-10T18:09:04.7716091Z",""
"https://www.enhe-tech.com.cn/en/legal/privacy-policy","sitemap.xml","200","","https://www.enhe-tech.com.cn/en/legal/privacy-policy","Privacy Policy | ENHE AI","1","https://www.enhe-tech.com.cn/en/legal/privacy-policy","index, follow","en-US","https://www.enhe-tech.com.cn/legal/privacy-policy","https://www.enhe-tech.com.cn/en/legal/privacy-policy","https://www.enhe-tech.com.cn/legal/privacy-policy","WebSite|Organization|SearchAction|MerchantReturnPolicy|CreativeWork|ContactPoint|BreadcrumbList|ListItem","YES","text/html; charset=utf-8","False","False","False","False","False","False","False","False","2026-08-10T18:09:05.2453304Z",""
"https://www.enhe-tech.com.cn/legal/membership-refund","sitemap.xml","200","","https://www.enhe-tech.com.cn/legal/membership-refund","会员服务与退款规则 | 恩禾 ENHE AI","1","https://www.enhe-tech.com.cn/legal/membership-refund","index, follow","zh-CN","https://www.enhe-tech.com.cn/legal/membership-refund","https://www.enhe-tech.com.cn/en/legal/membership-refund","https://www.enhe-tech.com.cn/legal/membership-refund","WebSite|Organization|SearchAction|MerchantReturnPolicy|CreativeWork|ContactPoint|BreadcrumbList|ListItem","YES","text/html; charset=utf-8","False","False","False","False","False","False","False","False","2026-08-10T18:09:05.7350176Z",""
"https://www.enhe-tech.com.cn/en/legal/membership-refund","sitemap.xml","200","","https://www.enhe-tech.com.cn/en/legal/membership-refund","Membership and Refund Rules | ENHE AI","1","https://www.enhe-tech.com.cn/en/legal/membership-refund","index, follow","en-US","https://www.enhe-tech.com.cn/legal/membership-refund","https://www.enhe-tech.com.cn/en/legal/membership-refund","https://www.enhe-tech.com.cn/legal/membership-refund","WebSite|Organization|SearchAction|MerchantReturnPolicy|CreativeWork|ContactPoint|BreadcrumbList|ListItem","YES","text/html; charset=utf-8","False","False","False","False","False","False","False","False","2026-08-10T18:09:06.2117350Z",""
"https://www.enhe-tech.com.cn/legal/disclaimer","sitemap.xml","200","","https://www.enhe-tech.com.cn/legal/disclaimer","免责声明 | 恩禾 ENHE AI","1","https://www.enhe-tech.com.cn/legal/disclaimer","index, follow","zh-CN","https://www.enhe-tech.com.cn/legal/disclaimer","https://www.enhe-tech.com.cn/en/legal/disclaimer","https://www.enhe-tech.com.cn/legal/disclaimer","WebSite|Organization|SearchAction|MerchantReturnPolicy|CreativeWork|ContactPoint|BreadcrumbList|ListItem","YES","text/html; charset=utf-8","False","False","False","False","False","False","False","False","2026-08-10T18:09:06.6954190Z",""
"https://www.enhe-tech.com.cn/en/legal/disclaimer","sitemap.xml","200","","https://www.enhe-tech.com.cn/en/legal/disclaimer","Disclaimer | ENHE AI","1","https://www.enhe-tech.com.cn/en/legal/disclaimer","index, follow","en-US","https://www.enhe-tech.com.cn/legal/disclaimer","https://www.enhe-tech.com.cn/en/legal/disclaimer","https://www.enhe-tech.com.cn/legal/disclaimer","WebSite|Organization|SearchAction|MerchantReturnPolicy|CreativeWork|ContactPoint|BreadcrumbList|ListItem","YES","text/html; charset=utf-8","False","False","False","False","False","False","False","False","2026-08-10T18:09:07.1843690Z",""
"https://www.enhe-tech.com.cn/legal/copyright-complaint","sitemap.xml","200","","https://www.enhe-tech.com.cn/legal/copyright-complaint","版权投诉指引 | 恩禾 ENHE AI","1","https://www.enhe-tech.com.cn/legal/copyright-complaint","index, follow","zh-CN","https://www.enhe-tech.com.cn/legal/copyright-complaint","https://www.enhe-tech.com.cn/en/legal/copyright-complaint","https://www.enhe-tech.com.cn/legal/copyright-complaint","WebSite|Organization|SearchAction|MerchantReturnPolicy|CreativeWork|ContactPoint|BreadcrumbList|ListItem","YES","text/html; charset=utf-8","False","False","False","False","False","False","False","False","2026-08-10T18:09:07.6764454Z",""
"https://www.enhe-tech.com.cn/en/legal/copyright-complaint","sitemap.xml","200","","https://www.enhe-tech.com.cn/en/legal/copyright-complaint","Copyright Complaint Guide | ENHE AI","1","https://www.enhe-tech.com.cn/en/legal/copyright-complaint","index, follow","en-US","https://www.enhe-tech.com.cn/legal/copyright-complaint","https://www.enhe-tech.com.cn/en/legal/copyright-complaint","https://www.enhe-tech.com.cn/legal/copyright-complaint","WebSite|Organization|SearchAction|MerchantReturnPolicy|CreativeWork|ContactPoint|BreadcrumbList|ListItem","YES","text/html; charset=utf-8","False","False","False","False","False","False","False","False","2026-08-10T18:09:08.1285258Z",""
"https://www.enhe-tech.com.cn/legal/minor-protection","sitemap.xml","200","","https://www.enhe-tech.com.cn/legal/minor-protection","未成年人保护规则 | 恩禾 ENHE AI","1","https://www.enhe-tech.com.cn/legal/minor-protection","index, follow","zh-CN","https://www.enhe-tech.com.cn/legal/minor-protection","https://www.enhe-tech.com.cn/en/legal/minor-protection","https://www.enhe-tech.com.cn/legal/minor-protection","WebSite|Organization|SearchAction|MerchantReturnPolicy|CreativeWork|ContactPoint|BreadcrumbList|ListItem","YES","text/html; charset=utf-8","False","False","False","False","False","False","False","False","2026-08-10T18:09:08.6105480Z",""
"https://www.enhe-tech.com.cn/en/legal/minor-protection","sitemap.xml","200","","https://www.enhe-tech.com.cn/en/legal/minor-protection","Minor Protection Rules | ENHE AI","1","https://www.enhe-tech.com.cn/en/legal/minor-protection","index, follow","en-US","https://www.enhe-tech.com.cn/legal/minor-protection","https://www.enhe-tech.com.cn/en/legal/minor-protection","https://www.enhe-tech.com.cn/legal/minor-protection","WebSite|Organization|SearchAction|MerchantReturnPolicy|CreativeWork|ContactPoint|BreadcrumbList|ListItem","YES","text/html; charset=utf-8","False","False","False","False","False","False","False","False","2026-08-10T18:09:09.0762468Z",""
"https://www.enhe-tech.com.cn/ai-news/topics/ai-agent","sitemap.xml","200","","https://www.enhe-tech.com.cn/ai-news/topics/ai-agent","AI智能体趋势专题 | 恩禾 ENHE AI","1","https://www.enhe-tech.com.cn/ai-news/topics/ai-agent","index, follow","zh-CN","https://www.enhe-tech.com.cn/ai-news/topics/ai-agent","https://www.enhe-tech.com.cn/en/ai-news/topics/ai-agent","https://www.enhe-tech.com.cn/ai-news/topics/ai-agent","WebSite|Organization|SearchAction|MerchantReturnPolicy|CreativeWork|ContactPoint|BreadcrumbList|ListItem|CollectionPage|FAQPage|Question|Answer","YES","text/html; charset=utf-8","False","False","False","False","False","False","False","False","2026-08-10T18:09:09.5565489Z",""
"https://www.enhe-tech.com.cn/en/ai-news/topics/ai-agent","sitemap.xml","200","","https://www.enhe-tech.com.cn/en/ai-news/topics/ai-agent","AI Agent Trends | ENHE AI","1","https://www.enhe-tech.com.cn/en/ai-news/topics/ai-agent","index, follow","en-US","https://www.enhe-tech.com.cn/ai-news/topics/ai-agent","https://www.enhe-tech.com.cn/en/ai-news/topics/ai-agent","https://www.enhe-tech.com.cn/ai-news/topics/ai-agent","WebSite|Organization|SearchAction|MerchantReturnPolicy|CreativeWork|ContactPoint|BreadcrumbList|ListItem|CollectionPage|FAQPage|Question|Answer","YES","text/html; charset=utf-8","False","False","False","False","False","False","False","False","2026-08-10T18:09:10.0343798Z",""
"https://www.enhe-tech.com.cn/ai-news/topics/local-ai","sitemap.xml","200","","https://www.enhe-tech.com.cn/ai-news/topics/local-ai","本地部署AI专题 | 恩禾 ENHE AI","1","https://www.enhe-tech.com.cn/ai-news/topics/local-ai","index, follow","zh-CN","https://www.enhe-tech.com.cn/ai-news/topics/local-ai","https://www.enhe-tech.com.cn/en/ai-news/topics/local-ai","https://www.enhe-tech.com.cn/ai-news/topics/local-ai","WebSite|Organization|SearchAction|MerchantReturnPolicy|CreativeWork|ContactPoint|BreadcrumbList|ListItem|CollectionPage|FAQPage|Question|Answer","YES","text/html; charset=utf-8","False","False","False","False","False","False","False","False","2026-08-10T18:09:10.4925112Z",""
"https://www.enhe-tech.com.cn/en/ai-news/topics/local-ai","sitemap.xml","200","","https://www.enhe-tech.com.cn/en/ai-news/topics/local-ai","Local AI Deployment | ENHE AI","1","https://www.enhe-tech.com.cn/en/ai-news/topics/local-ai","index, follow","en-US","https://www.enhe-tech.com.cn/ai-news/topics/local-ai","https://www.enhe-tech.com.cn/en/ai-news/topics/local-ai","https://www.enhe-tech.com.cn/ai-news/topics/local-ai","WebSite|Organization|SearchAction|MerchantReturnPolicy|CreativeWork|ContactPoint|BreadcrumbList|ListItem|CollectionPage|FAQPage|Question|Answer","YES","text/html; charset=utf-8","False","False","False","False","False","False","False","False","2026-08-10T18:09:10.9660511Z",""
"https://www.enhe-tech.com.cn/ai-news/topics/open-source-models","sitemap.xml","200","","https://www.enhe-tech.com.cn/ai-news/topics/open-source-models","开源大模型专题 | 恩禾 ENHE AI","1","https://www.enhe-tech.com.cn/ai-news/topics/open-source-models","index, follow","zh-CN","https://www.enhe-tech.com.cn/ai-news/topics/open-source-models","https://www.enhe-tech.com.cn/en/ai-news/topics/open-source-models","https://www.enhe-tech.com.cn/ai-news/topics/open-source-models","WebSite|Organization|SearchAction|MerchantReturnPolicy|CreativeWork|ContactPoint|BreadcrumbList|ListItem|CollectionPage|FAQPage|Question|Answer","YES","text/html; charset=utf-8","False","False","False","False","False","False","False","False","2026-08-10T18:09:11.4399519Z",""
"https://www.enhe-tech.com.cn/en/ai-news/topics/open-source-models","sitemap.xml","200","","https://www.enhe-tech.com.cn/en/ai-news/topics/open-source-models","Open-source LLMs | ENHE AI","1","https://www.enhe-tech.com.cn/en/ai-news/topics/open-source-models","index, follow","en-US","https://www.enhe-tech.com.cn/ai-news/topics/open-source-models","https://www.enhe-tech.com.cn/en/ai-news/topics/open-source-models","https://www.enhe-tech.com.cn/ai-news/topics/open-source-models","WebSite|Organization|SearchAction|MerchantReturnPolicy|CreativeWork|ContactPoint|BreadcrumbList|ListItem|CollectionPage|FAQPage|Question|Answer","YES","text/html; charset=utf-8","False","False","False","False","False","False","False","False","2026-08-10T18:09:11.9235771Z",""
"https://www.enhe-tech.com.cn/ai-news/topics/ai-tools","sitemap.xml","200","","https://www.enhe-tech.com.cn/ai-news/topics/ai-tools","AI工具专题 | 恩禾 ENHE AI","1","https://www.enhe-tech.com.cn/ai-news/topics/ai-tools","index, follow","zh-CN","https://www.enhe-tech.com.cn/ai-news/topics/ai-tools","https://www.enhe-tech.com.cn/en/ai-news/topics/ai-tools","https://www.enhe-tech.com.cn/ai-news/topics/ai-tools","WebSite|Organization|SearchAction|MerchantReturnPolicy|CreativeWork|ContactPoint|BreadcrumbList|ListItem|CollectionPage|FAQPage|Question|Answer","YES","text/html; charset=utf-8","False","False","False","False","False","False","False","False","2026-08-10T18:09:12.4056731Z",""
"https://www.enhe-tech.com.cn/en/ai-news/topics/ai-tools","sitemap.xml","200","","https://www.enhe-tech.com.cn/en/ai-news/topics/ai-tools","AI Tools | ENHE AI","1","https://www.enhe-tech.com.cn/en/ai-news/topics/ai-tools","index, follow","en-US","https://www.enhe-tech.com.cn/ai-news/topics/ai-tools","https://www.enhe-tech.com.cn/en/ai-news/topics/ai-tools","https://www.enhe-tech.com.cn/ai-news/topics/ai-tools","WebSite|Organization|SearchAction|MerchantReturnPolicy|CreativeWork|ContactPoint|BreadcrumbList|ListItem|CollectionPage|FAQPage|Question|Answer","YES","text/html; charset=utf-8","False","False","False","False","False","False","False","False","2026-08-10T18:09:12.8862431Z",""
"https://www.enhe-tech.com.cn/ai-news/topics/ai-tutorials","sitemap.xml","200","","https://www.enhe-tech.com.cn/ai-news/topics/ai-tutorials","AI技能教程专题 | 恩禾 ENHE AI","1","https://www.enhe-tech.com.cn/ai-news/topics/ai-tutorials","index, follow","zh-CN","https://www.enhe-tech.com.cn/ai-news/topics/ai-tutorials","https://www.enhe-tech.com.cn/en/ai-news/topics/ai-tutorials","https://www.enhe-tech.com.cn/ai-news/topics/ai-tutorials","WebSite|Organization|SearchAction|MerchantReturnPolicy|CreativeWork|ContactPoint|BreadcrumbList|ListItem|CollectionPage|FAQPage|Question|Answer","YES","text/html; charset=utf-8","False","False","False","False","False","False","False","False","2026-08-10T18:09:13.3723985Z",""
"https://www.enhe-tech.com.cn/en/ai-news/topics/ai-tutorials","sitemap.xml","200","","https://www.enhe-tech.com.cn/en/ai-news/topics/ai-tutorials","AI Tutorials | ENHE AI","1","https://www.enhe-tech.com.cn/en/ai-news/topics/ai-tutorials","index, follow","en-US","https://www.enhe-tech.com.cn/ai-news/topics/ai-tutorials","https://www.enhe-tech.com.cn/en/ai-news/topics/ai-tutorials","https://www.enhe-tech.com.cn/ai-news/topics/ai-tutorials","WebSite|Organization|SearchAction|MerchantReturnPolicy|CreativeWork|ContactPoint|BreadcrumbList|ListItem|CollectionPage|FAQPage|Question|Answer","YES","text/html; charset=utf-8","False","False","False","False","False","False","False","False","2026-08-10T18:09:13.8406201Z",""
"https://www.enhe-tech.com.cn/ai-news/topics/ai-account-service","sitemap.xml","200","","https://www.enhe-tech.com.cn/ai-news/topics/ai-account-service","AI账号服务合规专题 | 恩禾 ENHE AI","1","https://www.enhe-tech.com.cn/ai-news/topics/ai-account-service","index, follow","zh-CN","https://www.enhe-tech.com.cn/ai-news/topics/ai-account-service","https://www.enhe-tech.com.cn/en/ai-news/topics/ai-account-service","https://www.enhe-tech.com.cn/ai-news/topics/ai-account-service","WebSite|Organization|SearchAction|MerchantReturnPolicy|CreativeWork|ContactPoint|BreadcrumbList|ListItem|CollectionPage|FAQPage|Question|Answer","YES","text/html; charset=utf-8","False","False","False","False","False","False","False","False","2026-08-10T18:09:14.3393550Z",""
"https://www.enhe-tech.com.cn/en/ai-news/topics/ai-account-service","sitemap.xml","200","","https://www.enhe-tech.com.cn/en/ai-news/topics/ai-account-service","AI Account Service Compliance | ENHE AI","1","https://www.enhe-tech.com.cn/en/ai-news/topics/ai-account-service","index, follow","en-US","https://www.enhe-tech.com.cn/ai-news/topics/ai-account-service","https://www.enhe-tech.com.cn/en/ai-news/topics/ai-account-service","https://www.enhe-tech.com.cn/ai-news/topics/ai-account-service","WebSite|Organization|SearchAction|MerchantReturnPolicy|CreativeWork|ContactPoint|BreadcrumbList|ListItem|CollectionPage|FAQPage|Question|Answer","YES","text/html; charset=utf-8","False","False","False","False","False","False","False","False","2026-08-10T18:09:14.8165179Z",""
"https://www.enhe-tech.com.cn/ai-news/topics/ai-regulation","sitemap.xml","200","","https://www.enhe-tech.com.cn/ai-news/topics/ai-regulation","AI监管与安全专题 | 恩禾 ENHE AI","1","https://www.enhe-tech.com.cn/ai-news/topics/ai-regulation","index, follow","zh-CN","https://www.enhe-tech.com.cn/ai-news/topics/ai-regulation","https://www.enhe-tech.com.cn/en/ai-news/topics/ai-regulation","https://www.enhe-tech.com.cn/ai-news/topics/ai-regulation","WebSite|Organization|SearchAction|MerchantReturnPolicy|CreativeWork|ContactPoint|BreadcrumbList|ListItem|CollectionPage|FAQPage|Question|Answer","YES","text/html; charset=utf-8","False","False","False","False","False","False","False","False","2026-08-10T18:09:15.2959076Z",""
"https://www.enhe-tech.com.cn/en/ai-news/topics/ai-regulation","sitemap.xml","200","","https://www.enhe-tech.com.cn/en/ai-news/topics/ai-regulation","AI Regulation and Safety | ENHE AI","1","https://www.enhe-tech.com.cn/en/ai-news/topics/ai-regulation","index, follow","en-US","https://www.enhe-tech.com.cn/ai-news/topics/ai-regulation","https://www.enhe-tech.com.cn/en/ai-news/topics/ai-regulation","https://www.enhe-tech.com.cn/ai-news/topics/ai-regulation","WebSite|Organization|SearchAction|MerchantReturnPolicy|CreativeWork|ContactPoint|BreadcrumbList|ListItem|CollectionPage|FAQPage|Question|Answer","YES","text/html; charset=utf-8","False","False","False","False","False","False","False","False","2026-08-10T18:09:15.7579138Z",""
"https://www.enhe-tech.com.cn/ai-news/page/2","sitemap.xml","200","","https://www.enhe-tech.com.cn/ai-news/page/2","AI前沿资讯与趋势洞察 - 第2页 | 恩禾 ENHE AI","1","https://www.enhe-tech.com.cn/ai-news/page/2","index, follow","zh-CN","https://www.enhe-tech.com.cn/ai-news/page/2","https://www.enhe-tech.com.cn/en/ai-news/page/2","https://www.enhe-tech.com.cn/ai-news/page/2","WebSite|Organization|SearchAction|MerchantReturnPolicy|CreativeWork|ContactPoint|BreadcrumbList|ListItem|CollectionPage|WebPage|Thing|FAQPage|Question|Answer","YES","text/html; charset=utf-8","False","False","False","False","False","False","False","False","2026-08-10T18:09:16.3163641Z",""
"https://www.enhe-tech.com.cn/ai-news/page/3","sitemap.xml","200","","https://www.enhe-tech.com.cn/ai-news/page/3","AI前沿资讯与趋势洞察 - 第3页 | 恩禾 ENHE AI","1","https://www.enhe-tech.com.cn/ai-news/page/3","index, follow","zh-CN","https://www.enhe-tech.com.cn/ai-news/page/3","https://www.enhe-tech.com.cn/en/ai-news/page/3","https://www.enhe-tech.com.cn/ai-news/page/3","WebSite|Organization|SearchAction|MerchantReturnPolicy|CreativeWork|ContactPoint|BreadcrumbList|ListItem|CollectionPage|WebPage|Thing|FAQPage|Question|Answer","YES","text/html; charset=utf-8","False","False","False","False","False","False","False","False","2026-08-10T18:09:16.8521618Z",""
"https://www.enhe-tech.com.cn/ai-news/page/4","sitemap.xml","200","","https://www.enhe-tech.com.cn/ai-news/page/4","AI前沿资讯与趋势洞察 - 第4页 | 恩禾 ENHE AI","1","https://www.enhe-tech.com.cn/ai-news/page/4","index, follow","zh-CN","https://www.enhe-tech.com.cn/ai-news/page/4","https://www.enhe-tech.com.cn/en/ai-news/page/4","https://www.enhe-tech.com.cn/ai-news/page/4","WebSite|Organization|SearchAction|MerchantReturnPolicy|CreativeWork|ContactPoint|BreadcrumbList|ListItem|CollectionPage|WebPage|Thing|FAQPage|Question|Answer","YES","text/html; charset=utf-8","False","False","False","False","False","False","False","False","2026-08-10T18:09:17.3896877Z",""
"https://www.enhe-tech.com.cn/ai-news/page/5","sitemap.xml","200","","https://www.enhe-tech.com.cn/ai-news/page/5","AI前沿资讯与趋势洞察 - 第5页 | 恩禾 ENHE AI","1","https://www.enhe-tech.com.cn/ai-news/page/5","index, follow","zh-CN","https://www.enhe-tech.com.cn/ai-news/page/5","https://www.enhe-tech.com.cn/en/ai-news/page/5","https://www.enhe-tech.com.cn/ai-news/page/5","WebSite|Organization|SearchAction|MerchantReturnPolicy|CreativeWork|ContactPoint|BreadcrumbList|ListItem|CollectionPage|WebPage|Thing|FAQPage|Question|Answer","YES","text/html; charset=utf-8","False","False","False","False","False","False","False","False","2026-08-10T18:09:17.9050121Z",""
"https://www.enhe-tech.com.cn/ai-news/page/6","sitemap.xml","200","","https://www.enhe-tech.com.cn/ai-news/page/6","AI前沿资讯与趋势洞察 - 第6页 | 恩禾 ENHE AI","1","https://www.enhe-tech.com.cn/ai-news/page/6","index, follow","zh-CN","https://www.enhe-tech.com.cn/ai-news/page/6","https://www.enhe-tech.com.cn/en/ai-news/page/6","https://www.enhe-tech.com.cn/ai-news/page/6","WebSite|Organization|SearchAction|MerchantReturnPolicy|CreativeWork|ContactPoint|BreadcrumbList|ListItem|CollectionPage|WebPage|Thing|FAQPage|Question|Answer","YES","text/html; charset=utf-8","False","False","False","False","False","False","False","False","2026-08-10T18:09:18.4324677Z",""
"https://www.enhe-tech.com.cn/ai-news/page/7","sitemap.xml","200","","https://www.enhe-tech.com.cn/ai-news/page/7","AI前沿资讯与趋势洞察 - 第7页 | 恩禾 ENHE AI","1","https://www.enhe-tech.com.cn/ai-news/page/7","index, follow","zh-CN","https://www.enhe-tech.com.cn/ai-news/page/7","https://www.enhe-tech.com.cn/en/ai-news/page/7","https://www.enhe-tech.com.cn/ai-news/page/7","WebSite|Organization|SearchAction|MerchantReturnPolicy|CreativeWork|ContactPoint|BreadcrumbList|ListItem|CollectionPage|WebPage|Thing|FAQPage|Question|Answer","YES","text/html; charset=utf-8","False","False","False","False","False","False","False","False","2026-08-10T18:09:18.9643169Z",""
"https://www.enhe-tech.com.cn/ai-news/page/8","sitemap.xml","200","","https://www.enhe-tech.com.cn/ai-news/page/8","AI前沿资讯与趋势洞察 - 第8页 | 恩禾 ENHE AI","1","https://www.enhe-tech.com.cn/ai-news/page/8","index, follow","zh-CN","https://www.enhe-tech.com.cn/ai-news/page/8","https://www.enhe-tech.com.cn/en/ai-news/page/8","https://www.enhe-tech.com.cn/ai-news/page/8","WebSite|Organization|SearchAction|MerchantReturnPolicy|CreativeWork|ContactPoint|BreadcrumbList|ListItem|CollectionPage|WebPage|Thing|FAQPage|Question|Answer","YES","text/html; charset=utf-8","False","False","False","False","False","False","False","False","2026-08-10T18:09:19.4930181Z",""
"https://www.enhe-tech.com.cn/ai-news/page/9","sitemap.xml","200","","https://www.enhe-tech.com.cn/ai-news/page/9","AI前沿资讯与趋势洞察 - 第9页 | 恩禾 ENHE AI","1","https://www.enhe-tech.com.cn/ai-news/page/9","index, follow","zh-CN","https://www.enhe-tech.com.cn/ai-news/page/9","https://www.enhe-tech.com.cn/en/ai-news/page/9","https://www.enhe-tech.com.cn/ai-news/page/9","WebSite|Organization|SearchAction|MerchantReturnPolicy|CreativeWork|ContactPoint|BreadcrumbList|ListItem|CollectionPage|WebPage|Thing|FAQPage|Question|Answer","YES","text/html; charset=utf-8","False","False","False","False","False","False","False","False","2026-08-10T18:09:20.0291835Z",""
"https://www.enhe-tech.com.cn/ai-news/page/10","sitemap.xml","200","","https://www.enhe-tech.com.cn/ai-news/page/10","AI前沿资讯与趋势洞察 - 第10页 | 恩禾 ENHE AI","1","https://www.enhe-tech.com.cn/ai-news/page/10","index, follow","zh-CN","https://www.enhe-tech.com.cn/ai-news/page/10","https://www.enhe-tech.com.cn/en/ai-news/page/10","https://www.enhe-tech.com.cn/ai-news/page/10","WebSite|Organization|SearchAction|MerchantReturnPolicy|CreativeWork|ContactPoint|BreadcrumbList|ListItem|CollectionPage|WebPage|Thing|FAQPage|Question|Answer","YES","text/html; charset=utf-8","False","False","False","False","False","False","False","False","2026-08-10T18:09:20.5824761Z",""
"https://www.enhe-tech.com.cn/ai-news/page/11","sitemap.xml","200","","https://www.enhe-tech.com.cn/ai-news/page/11","AI前沿资讯与趋势洞察 - 第11页 | 恩禾 ENHE AI","1","https://www.enhe-tech.com.cn/ai-news/page/11","index, follow","zh-CN","https://www.enhe-tech.com.cn/ai-news/page/11","https://www.enhe-tech.com.cn/en/ai-news/page/11","https://www.enhe-tech.com.cn/ai-news/page/11","WebSite|Organization|SearchAction|MerchantReturnPolicy|CreativeWork|ContactPoint|BreadcrumbList|ListItem|CollectionPage|WebPage|Thing|FAQPage|Question|Answer","YES","text/html; charset=utf-8","False","False","False","False","False","False","False","False","2026-08-10T18:09:21.1010278Z",""
"https://www.enhe-tech.com.cn/ai-news/page/12","sitemap.xml","200","","https://www.enhe-tech.com.cn/ai-news/page/12","AI前沿资讯与趋势洞察 - 第12页 | 恩禾 ENHE AI","1","https://www.enhe-tech.com.cn/ai-news/page/12","index, follow","zh-CN","https://www.enhe-tech.com.cn/ai-news/page/12","https://www.enhe-tech.com.cn/en/ai-news/page/12","https://www.enhe-tech.com.cn/ai-news/page/12","WebSite|Organization|SearchAction|MerchantReturnPolicy|CreativeWork|ContactPoint|BreadcrumbList|ListItem|CollectionPage|WebPage|Thing|FAQPage|Question|Answer","YES","text/html; charset=utf-8","False","False","False","False","False","False","False","False","2026-08-10T18:09:21.6450017Z",""
"https://www.enhe-tech.com.cn/ai-news/page/13","sitemap.xml","200","","https://www.enhe-tech.com.cn/ai-news/page/13","AI前沿资讯与趋势洞察 - 第13页 | 恩禾 ENHE AI","1","https://www.enhe-tech.com.cn/ai-news/page/13","index, follow","zh-CN","https://www.enhe-tech.com.cn/ai-news/page/13","https://www.enhe-tech.com.cn/en/ai-news/page/13","https://www.enhe-tech.com.cn/ai-news/page/13","WebSite|Organization|SearchAction|MerchantReturnPolicy|CreativeWork|ContactPoint|BreadcrumbList|ListItem|CollectionPage|WebPage|Thing|FAQPage|Question|Answer","YES","text/html; charset=utf-8","False","False","False","False","False","False","False","False","2026-08-10T18:09:22.1494549Z",""
"https://www.enhe-tech.com.cn/ai-news/page/14","sitemap.xml","200","","https://www.enhe-tech.com.cn/ai-news/page/14","AI前沿资讯与趋势洞察 - 第14页 | 恩禾 ENHE AI","1","https://www.enhe-tech.com.cn/ai-news/page/14","index, follow","zh-CN","https://www.enhe-tech.com.cn/ai-news/page/14","https://www.enhe-tech.com.cn/en/ai-news/page/14","https://www.enhe-tech.com.cn/ai-news/page/14","WebSite|Organization|SearchAction|MerchantReturnPolicy|CreativeWork|ContactPoint|BreadcrumbList|ListItem|CollectionPage|WebPage|Thing|FAQPage|Question|Answer","YES","text/html; charset=utf-8","False","False","False","False","False","False","False","False","2026-08-10T18:09:22.6885972Z",""
"https://www.enhe-tech.com.cn/ai-news/page/15","sitemap.xml","200","","https://www.enhe-tech.com.cn/ai-news/page/15","AI前沿资讯与趋势洞察 - 第15页 | 恩禾 ENHE AI","1","https://www.enhe-tech.com.cn/ai-news/page/15","index, follow","zh-CN","https://www.enhe-tech.com.cn/ai-news/page/15","https://www.enhe-tech.com.cn/en/ai-news/page/15","https://www.enhe-tech.com.cn/ai-news/page/15","WebSite|Organization|SearchAction|MerchantReturnPolicy|CreativeWork|ContactPoint|BreadcrumbList|ListItem|CollectionPage|WebPage|Thing|FAQPage|Question|Answer","YES","text/html; charset=utf-8","False","False","False","False","False","False","False","False","2026-08-10T18:09:23.2081448Z",""
"https://www.enhe-tech.com.cn/ai-news/page/16","sitemap.xml","200","","https://www.enhe-tech.com.cn/ai-news/page/16","AI前沿资讯与趋势洞察 - 第16页 | 恩禾 ENHE AI","1","https://www.enhe-tech.com.cn/ai-news/page/16","index, follow","zh-CN","https://www.enhe-tech.com.cn/ai-news/page/16","https://www.enhe-tech.com.cn/en/ai-news/page/16","https://www.enhe-tech.com.cn/ai-news/page/16","WebSite|Organization|SearchAction|MerchantReturnPolicy|CreativeWork|ContactPoint|BreadcrumbList|ListItem|CollectionPage|WebPage|Thing|FAQPage|Question|Answer","YES","text/html; charset=utf-8","False","False","False","False","False","False","False","False","2026-08-10T18:09:23.7096432Z",""
"https://www.enhe-tech.com.cn/ai-news/page/17","sitemap.xml","200","","https://www.enhe-tech.com.cn/ai-news/page/17","AI前沿资讯与趋势洞察 - 第17页 | 恩禾 ENHE AI","1","https://www.enhe-tech.com.cn/ai-news/page/17","index, follow","zh-CN","https://www.enhe-tech.com.cn/ai-news/page/17","https://www.enhe-tech.com.cn/en/ai-news/page/17","https://www.enhe-tech.com.cn/ai-news/page/17","WebSite|Organization|SearchAction|MerchantReturnPolicy|CreativeWork|ContactPoint|BreadcrumbList|ListItem|CollectionPage|WebPage|Thing|FAQPage|Question|Answer","YES","text/html; charset=utf-8","False","False","False","False","False","False","False","False","2026-08-10T18:09:24.2286606Z",""
"https://www.enhe-tech.com.cn/ai-news/page/18","sitemap.xml","200","","https://www.enhe-tech.com.cn/ai-news/page/18","AI前沿资讯与趋势洞察 - 第18页 | 恩禾 ENHE AI","1","https://www.enhe-tech.com.cn/ai-news/page/18","index, follow","zh-CN","https://www.enhe-tech.com.cn/ai-news/page/18","https://www.enhe-tech.com.cn/en/ai-news/page/18","https://www.enhe-tech.com.cn/ai-news/page/18","WebSite|Organization|SearchAction|MerchantReturnPolicy|CreativeWork|ContactPoint|BreadcrumbList|ListItem|CollectionPage|WebPage|Thing|FAQPage|Question|Answer","YES","text/html; charset=utf-8","False","False","False","False","False","False","False","False","2026-08-10T18:09:24.7548081Z",""
"https://www.enhe-tech.com.cn/ai-news/page/19","sitemap.xml","200","","https://www.enhe-tech.com.cn/ai-news/page/19","AI前沿资讯与趋势洞察 - 第19页 | 恩禾 ENHE AI","1","https://www.enhe-tech.com.cn/ai-news/page/19","index, follow","zh-CN","https://www.enhe-tech.com.cn/ai-news/page/19","https://www.enhe-tech.com.cn/en/ai-news/page/19","https://www.enhe-tech.com.cn/ai-news/page/19","WebSite|Organization|SearchAction|MerchantReturnPolicy|CreativeWork|ContactPoint|BreadcrumbList|ListItem|CollectionPage|WebPage|Thing|FAQPage|Question|Answer","YES","text/html; charset=utf-8","False","False","False","False","False","False","False","False","2026-08-10T18:09:25.2641110Z",""
"https://www.enhe-tech.com.cn/ai-news/page/20","sitemap.xml","200","","https://www.enhe-tech.com.cn/ai-news/page/20","AI前沿资讯与趋势洞察 - 第20页 | 恩禾 ENHE AI","1","https://www.enhe-tech.com.cn/ai-news/page/20","index, follow","zh-CN","https://www.enhe-tech.com.cn/ai-news/page/20","https://www.enhe-tech.com.cn/en/ai-news/page/20","https://www.enhe-tech.com.cn/ai-news/page/20","WebSite|Organization|SearchAction|MerchantReturnPolicy|CreativeWork|ContactPoint|BreadcrumbList|ListItem|CollectionPage|WebPage|Thing|FAQPage|Question|Answer","YES","text/html; charset=utf-8","False","False","False","False","False","False","False","False","2026-08-10T18:09:25.7863121Z",""
"https://www.enhe-tech.com.cn/ai-news/page/21","sitemap.xml","200","","https://www.enhe-tech.com.cn/ai-news/page/21","AI前沿资讯与趋势洞察 - 第21页 | 恩禾 ENHE AI","1","https://www.enhe-tech.com.cn/ai-news/page/21","index, follow","zh-CN","https://www.enhe-tech.com.cn/ai-news/page/21","https://www.enhe-tech.com.cn/en/ai-news/page/21","https://www.enhe-tech.com.cn/ai-news/page/21","WebSite|Organization|SearchAction|MerchantReturnPolicy|CreativeWork|ContactPoint|BreadcrumbList|ListItem|CollectionPage|WebPage|Thing|FAQPage|Question|Answer","YES","text/html; charset=utf-8","False","False","False","False","False","False","False","False","2026-08-10T18:09:26.3050708Z",""
"https://www.enhe-tech.com.cn/ai-news/page/22","sitemap.xml","200","","https://www.enhe-tech.com.cn/ai-news/page/22","AI前沿资讯与趋势洞察 - 第22页 | 恩禾 ENHE AI","1","https://www.enhe-tech.com.cn/ai-news/page/22","index, follow","zh-CN","https://www.enhe-tech.com.cn/ai-news/page/22","https://www.enhe-tech.com.cn/en/ai-news/page/22","https://www.enhe-tech.com.cn/ai-news/page/22","WebSite|Organization|SearchAction|MerchantReturnPolicy|CreativeWork|ContactPoint|BreadcrumbList|ListItem|CollectionPage|WebPage|Thing|FAQPage|Question|Answer","YES","text/html; charset=utf-8","False","False","False","False","False","False","False","False","2026-08-10T18:09:26.8210130Z",""
"https://www.enhe-tech.com.cn/en/ai-news/page/2","sitemap.xml","200","","https://www.enhe-tech.com.cn/en/ai-news/page/2","AI News And Trend Insights - Page 2 | ENHE AI","1","https://www.enhe-tech.com.cn/en/ai-news/page/2","index, follow","en-US","https://www.enhe-tech.com.cn/ai-news/page/2","https://www.enhe-tech.com.cn/en/ai-news/page/2","https://www.enhe-tech.com.cn/ai-news/page/2","WebSite|Organization|SearchAction|MerchantReturnPolicy|CreativeWork|ContactPoint|BreadcrumbList|ListItem|CollectionPage|WebPage|Thing|FAQPage|Question|Answer","YES","text/html; charset=utf-8","False","False","False","False","False","False","False","False","2026-08-10T18:09:27.3534426Z",""
"https://www.enhe-tech.com.cn/en/ai-news/page/3","sitemap.xml","200","","https://www.enhe-tech.com.cn/en/ai-news/page/3","AI News And Trend Insights - Page 3 | ENHE AI","1","https://www.enhe-tech.com.cn/en/ai-news/page/3","index, follow","en-US","https://www.enhe-tech.com.cn/ai-news/page/3","https://www.enhe-tech.com.cn/en/ai-news/page/3","https://www.enhe-tech.com.cn/ai-news/page/3","WebSite|Organization|SearchAction|MerchantReturnPolicy|CreativeWork|ContactPoint|BreadcrumbList|ListItem|CollectionPage|WebPage|Thing|FAQPage|Question|Answer","YES","text/html; charset=utf-8","False","False","False","False","False","False","False","False","2026-08-10T18:09:27.8728790Z",""
"https://www.enhe-tech.com.cn/en/ai-news/page/4","sitemap.xml","200","","https://www.enhe-tech.com.cn/en/ai-news/page/4","AI News And Trend Insights - Page 4 | ENHE AI","1","https://www.enhe-tech.com.cn/en/ai-news/page/4","index, follow","en-US","https://www.enhe-tech.com.cn/ai-news/page/4","https://www.enhe-tech.com.cn/en/ai-news/page/4","https://www.enhe-tech.com.cn/ai-news/page/4","WebSite|Organization|SearchAction|MerchantReturnPolicy|CreativeWork|ContactPoint|BreadcrumbList|ListItem|CollectionPage|WebPage|Thing|FAQPage|Question|Answer","YES","text/html; charset=utf-8","False","False","False","False","False","False","False","False","2026-08-10T18:09:28.3803704Z",""
"https://www.enhe-tech.com.cn/en/ai-news/page/5","sitemap.xml","200","","https://www.enhe-tech.com.cn/en/ai-news/page/5","AI News And Trend Insights - Page 5 | ENHE AI","1","https://www.enhe-tech.com.cn/en/ai-news/page/5","index, follow","en-US","https://www.enhe-tech.com.cn/ai-news/page/5","https://www.enhe-tech.com.cn/en/ai-news/page/5","https://www.enhe-tech.com.cn/ai-news/page/5","WebSite|Organization|SearchAction|MerchantReturnPolicy|CreativeWork|ContactPoint|BreadcrumbList|ListItem|CollectionPage|WebPage|Thing|FAQPage|Question|Answer","YES","text/html; charset=utf-8","False","False","False","False","False","False","False","False","2026-08-10T18:09:28.9055434Z",""
"https://www.enhe-tech.com.cn/en/ai-news/page/6","sitemap.xml","200","","https://www.enhe-tech.com.cn/en/ai-news/page/6","AI News And Trend Insights - Page 6 | ENHE AI","1","https://www.enhe-tech.com.cn/en/ai-news/page/6","index, follow","en-US","https://www.enhe-tech.com.cn/ai-news/page/6","https://www.enhe-tech.com.cn/en/ai-news/page/6","https://www.enhe-tech.com.cn/ai-news/page/6","WebSite|Organization|SearchAction|MerchantReturnPolicy|CreativeWork|ContactPoint|BreadcrumbList|ListItem|CollectionPage|WebPage|Thing|FAQPage|Question|Answer","YES","text/html; charset=utf-8","False","False","False","False","False","False","False","False","2026-08-10T18:09:29.4143162Z",""
"https://www.enhe-tech.com.cn/en/ai-news/page/7","sitemap.xml","200","","https://www.enhe-tech.com.cn/en/ai-news/page/7","AI News And Trend Insights - Page 7 | ENHE AI","1","https://www.enhe-tech.com.cn/en/ai-news/page/7","index, follow","en-US","https://www.enhe-tech.com.cn/ai-news/page/7","https://www.enhe-tech.com.cn/en/ai-news/page/7","https://www.enhe-tech.com.cn/ai-news/page/7","WebSite|Organization|SearchAction|MerchantReturnPolicy|CreativeWork|ContactPoint|BreadcrumbList|ListItem|CollectionPage|WebPage|Thing|FAQPage|Question|Answer","YES","text/html; charset=utf-8","False","False","False","False","False","False","False","False","2026-08-10T18:09:29.9207203Z",""
"https://www.enhe-tech.com.cn/en/ai-news/page/8","sitemap.xml","200","","https://www.enhe-tech.com.cn/en/ai-news/page/8","AI News And Trend Insights - Page 8 | ENHE AI","1","https://www.enhe-tech.com.cn/en/ai-news/page/8","index, follow","en-US","https://www.enhe-tech.com.cn/ai-news/page/8","https://www.enhe-tech.com.cn/en/ai-news/page/8","https://www.enhe-tech.com.cn/ai-news/page/8","WebSite|Organization|SearchAction|MerchantReturnPolicy|CreativeWork|ContactPoint|BreadcrumbList|ListItem|CollectionPage|WebPage|Thing|FAQPage|Question|Answer","YES","text/html; charset=utf-8","False","False","False","False","False","False","False","False","2026-08-10T18:09:30.4412030Z",""
"https://www.enhe-tech.com.cn/en/ai-news/page/9","sitemap.xml","200","","https://www.enhe-tech.com.cn/en/ai-news/page/9","AI News And Trend Insights - Page 9 | ENHE AI","1","https://www.enhe-tech.com.cn/en/ai-news/page/9","index, follow","en-US","https://www.enhe-tech.com.cn/ai-news/page/9","https://www.enhe-tech.com.cn/en/ai-news/page/9","https://www.enhe-tech.com.cn/ai-news/page/9","WebSite|Organization|SearchAction|MerchantReturnPolicy|CreativeWork|ContactPoint|BreadcrumbList|ListItem|CollectionPage|WebPage|Thing|FAQPage|Question|Answer","YES","text/html; charset=utf-8","False","False","False","False","False","False","False","False","2026-08-10T18:09:30.9437910Z",""
"https://www.enhe-tech.com.cn/en/ai-news/page/10","sitemap.xml","200","","https://www.enhe-tech.com.cn/en/ai-news/page/10","AI News And Trend Insights - Page 10 | ENHE AI","1","https://www.enhe-tech.com.cn/en/ai-news/page/10","index, follow","en-US","https://www.enhe-tech.com.cn/ai-news/page/10","https://www.enhe-tech.com.cn/en/ai-news/page/10","https://www.enhe-tech.com.cn/ai-news/page/10","WebSite|Organization|SearchAction|MerchantReturnPolicy|CreativeWork|ContactPoint|BreadcrumbList|ListItem|CollectionPage|WebPage|Thing|FAQPage|Question|Answer","YES","text/html; charset=utf-8","False","False","False","False","False","False","False","False","2026-08-10T18:09:31.4718291Z",""
"https://www.enhe-tech.com.cn/en/ai-news/page/11","sitemap.xml","200","","https://www.enhe-tech.com.cn/en/ai-news/page/11","AI News And Trend Insights - Page 11 | ENHE AI","1","https://www.enhe-tech.com.cn/en/ai-news/page/11","index, follow","en-US","https://www.enhe-tech.com.cn/ai-news/page/11","https://www.enhe-tech.com.cn/en/ai-news/page/11","https://www.enhe-tech.com.cn/ai-news/page/11","WebSite|Organization|SearchAction|MerchantReturnPolicy|CreativeWork|ContactPoint|BreadcrumbList|ListItem|CollectionPage|WebPage|Thing|FAQPage|Question|Answer","YES","text/html; charset=utf-8","False","False","False","False","False","False","False","False","2026-08-10T18:09:31.9882136Z",""
"https://www.enhe-tech.com.cn/en/ai-news/page/12","sitemap.xml","200","","https://www.enhe-tech.com.cn/en/ai-news/page/12","AI News And Trend Insights - Page 12 | ENHE AI","1","https://www.enhe-tech.com.cn/en/ai-news/page/12","index, follow","en-US","https://www.enhe-tech.com.cn/ai-news/page/12","https://www.enhe-tech.com.cn/en/ai-news/page/12","https://www.enhe-tech.com.cn/ai-news/page/12","WebSite|Organization|SearchAction|MerchantReturnPolicy|CreativeWork|ContactPoint|BreadcrumbList|ListItem|CollectionPage|WebPage|Thing|FAQPage|Question|Answer","YES","text/html; charset=utf-8","False","False","False","False","False","False","False","False","2026-08-10T18:09:32.5089405Z",""
"https://www.enhe-tech.com.cn/en/ai-news/page/13","sitemap.xml","200","","https://www.enhe-tech.com.cn/en/ai-news/page/13","AI News And Trend Insights - Page 13 | ENHE AI","1","https://www.enhe-tech.com.cn/en/ai-news/page/13","index, follow","en-US","https://www.enhe-tech.com.cn/ai-news/page/13","https://www.enhe-tech.com.cn/en/ai-news/page/13","https://www.enhe-tech.com.cn/ai-news/page/13","WebSite|Organization|SearchAction|MerchantReturnPolicy|CreativeWork|ContactPoint|BreadcrumbList|ListItem|CollectionPage|WebPage|Thing|FAQPage|Question|Answer","YES","text/html; charset=utf-8","False","False","False","False","False","False","False","False","2026-08-10T18:09:33.0471066Z",""
"https://www.enhe-tech.com.cn/en/ai-news/page/14","sitemap.xml","200","","https://www.enhe-tech.com.cn/en/ai-news/page/14","AI News And Trend Insights - Page 14 | ENHE AI","1","https://www.enhe-tech.com.cn/en/ai-news/page/14","index, follow","en-US","https://www.enhe-tech.com.cn/ai-news/page/14","https://www.enhe-tech.com.cn/en/ai-news/page/14","https://www.enhe-tech.com.cn/ai-news/page/14","WebSite|Organization|SearchAction|MerchantReturnPolicy|CreativeWork|ContactPoint|BreadcrumbList|ListItem|CollectionPage|WebPage|Thing|FAQPage|Question|Answer","YES","text/html; charset=utf-8","False","False","False","False","False","False","False","False","2026-08-10T18:09:33.5717911Z",""
"https://www.enhe-tech.com.cn/en/ai-news/page/15","sitemap.xml","200","","https://www.enhe-tech.com.cn/en/ai-news/page/15","AI News And Trend Insights - Page 15 | ENHE AI","1","https://www.enhe-tech.com.cn/en/ai-news/page/15","index, follow","en-US","https://www.enhe-tech.com.cn/ai-news/page/15","https://www.enhe-tech.com.cn/en/ai-news/page/15","https://www.enhe-tech.com.cn/ai-news/page/15","WebSite|Organization|SearchAction|MerchantReturnPolicy|CreativeWork|ContactPoint|BreadcrumbList|ListItem|CollectionPage|WebPage|Thing|FAQPage|Question|Answer","YES","text/html; charset=utf-8","False","False","False","False","False","False","False","False","2026-08-10T18:09:34.0780234Z",""
"https://www.enhe-tech.com.cn/en/ai-news/page/16","sitemap.xml","200","","https://www.enhe-tech.com.cn/en/ai-news/page/16","AI News And Trend Insights - Page 16 | ENHE AI","1","https://www.enhe-tech.com.cn/en/ai-news/page/16","index, follow","en-US","https://www.enhe-tech.com.cn/ai-news/page/16","https://www.enhe-tech.com.cn/en/ai-news/page/16","https://www.enhe-tech.com.cn/ai-news/page/16","WebSite|Organization|SearchAction|MerchantReturnPolicy|CreativeWork|ContactPoint|BreadcrumbList|ListItem|CollectionPage|WebPage|Thing|FAQPage|Question|Answer","YES","text/html; charset=utf-8","False","False","False","False","False","False","False","False","2026-08-10T18:09:34.5927379Z",""
"https://www.enhe-tech.com.cn/en/ai-news/page/17","sitemap.xml","200","","https://www.enhe-tech.com.cn/en/ai-news/page/17","AI News And Trend Insights - Page 17 | ENHE AI","1","https://www.enhe-tech.com.cn/en/ai-news/page/17","index, follow","en-US","https://www.enhe-tech.com.cn/ai-news/page/17","https://www.enhe-tech.com.cn/en/ai-news/page/17","https://www.enhe-tech.com.cn/ai-news/page/17","WebSite|Organization|SearchAction|MerchantReturnPolicy|CreativeWork|ContactPoint|BreadcrumbList|ListItem|CollectionPage|WebPage|Thing|FAQPage|Question|Answer","YES","text/html; charset=utf-8","False","False","False","False","False","False","False","False","2026-08-10T18:09:35.1106312Z",""
"https://www.enhe-tech.com.cn/en/ai-news/page/18","sitemap.xml","200","","https://www.enhe-tech.com.cn/en/ai-news/page/18","AI News And Trend Insights - Page 18 | ENHE AI","1","https://www.enhe-tech.com.cn/en/ai-news/page/18","index, follow","en-US","https://www.enhe-tech.com.cn/ai-news/page/18","https://www.enhe-tech.com.cn/en/ai-news/page/18","https://www.enhe-tech.com.cn/ai-news/page/18","WebSite|Organization|SearchAction|MerchantReturnPolicy|CreativeWork|ContactPoint|BreadcrumbList|ListItem|CollectionPage|WebPage|Thing|FAQPage|Question|Answer","YES","text/html; charset=utf-8","False","False","False","False","False","False","False","False","2026-08-10T18:09:35.6275601Z",""
"https://www.enhe-tech.com.cn/en/ai-news/page/19","sitemap.xml","200","","https://www.enhe-tech.com.cn/en/ai-news/page/19","AI News And Trend Insights - Page 19 | ENHE AI","1","https://www.enhe-tech.com.cn/en/ai-news/page/19","index, follow","en-US","https://www.enhe-tech.com.cn/ai-news/page/19","https://www.enhe-tech.com.cn/en/ai-news/page/19","https://www.enhe-tech.com.cn/ai-news/page/19","WebSite|Organization|SearchAction|MerchantReturnPolicy|CreativeWork|ContactPoint|BreadcrumbList|ListItem|CollectionPage|WebPage|Thing|FAQPage|Question|Answer","YES","text/html; charset=utf-8","False","False","False","False","False","False","False","False","2026-08-10T18:09:36.1463331Z",""
"https://www.enhe-tech.com.cn/en/ai-news/page/20","sitemap.xml","200","","https://www.enhe-tech.com.cn/en/ai-news/page/20","AI News And Trend Insights - Page 20 | ENHE AI","1","https://www.enhe-tech.com.cn/en/ai-news/page/20","index, follow","en-US","https://www.enhe-tech.com.cn/ai-news/page/20","https://www.enhe-tech.com.cn/en/ai-news/page/20","https://www.enhe-tech.com.cn/ai-news/page/20","WebSite|Organization|SearchAction|MerchantReturnPolicy|CreativeWork|ContactPoint|BreadcrumbList|ListItem|CollectionPage|WebPage|Thing|FAQPage|Question|Answer","YES","text/html; charset=utf-8","False","False","False","False","False","False","False","False","2026-08-10T18:09:36.6606934Z",""
"https://www.enhe-tech.com.cn/en/ai-news/page/21","sitemap.xml","200","","https://www.enhe-tech.com.cn/en/ai-news/page/21","AI News And Trend Insights - Page 21 | ENHE AI","1","https://www.enhe-tech.com.cn/en/ai-news/page/21","index, follow","en-US","https://www.enhe-tech.com.cn/ai-news/page/21","https://www.enhe-tech.com.cn/en/ai-news/page/21","https://www.enhe-tech.com.cn/ai-news/page/21","WebSite|Organization|SearchAction|MerchantReturnPolicy|CreativeWork|ContactPoint|BreadcrumbList|ListItem|CollectionPage|WebPage|Thing|FAQPage|Question|Answer","YES","text/html; charset=utf-8","False","False","False","False","False","False","False","False","2026-08-10T18:09:37.1626416Z",""
"https://www.enhe-tech.com.cn/en/ai-news/page/22","sitemap.xml","200","","https://www.enhe-tech.com.cn/en/ai-news/page/22","AI News And Trend Insights - Page 22 | ENHE AI","1","https://www.enhe-tech.com.cn/en/ai-news/page/22","index, follow","en-US","https://www.enhe-tech.com.cn/ai-news/page/22","https://www.enhe-tech.com.cn/en/ai-news/page/22","https://www.enhe-tech.com.cn/ai-news/page/22","WebSite|Organization|SearchAction|MerchantReturnPolicy|CreativeWork|ContactPoint|BreadcrumbList|ListItem|CollectionPage|WebPage|Thing|FAQPage|Question|Answer","YES","text/html; charset=utf-8","False","False","False","False","False","False","False","False","2026-08-10T18:09:37.6798228Z",""
"https://www.enhe-tech.com.cn/skill-learning/ai-monetization-side-hustle-course","sitemap.xml","200","","https://www.enhe-tech.com.cn/skill-learning/ai-monetization-side-hustle-course","AI副业课程 | 恩禾 ENHE AI","1","https://www.enhe-tech.com.cn/skill-learning/ai-monetization-side-hustle-course","index, follow","zh-CN","https://www.enhe-tech.com.cn/skill-learning/ai-monetization-side-hustle-course","https://www.enhe-tech.com.cn/en/skill-learning/ai-monetization-side-hustle-course","https://www.enhe-tech.com.cn/skill-learning/ai-monetization-side-hustle-course","WebSite|Organization|SearchAction|MerchantReturnPolicy|CreativeWork|ContactPoint|BreadcrumbList|ListItem|Course|CourseInstance|Offer|FAQPage|Question|Answer","YES","text/html; charset=utf-8","False","False","False","False","False","True","False","False","2026-08-10T18:09:38.1884852Z",""
"https://www.enhe-tech.com.cn/en/skill-learning/ai-monetization-side-hustle-course","sitemap.xml","200","","https://www.enhe-tech.com.cn/en/skill-learning/ai-monetization-side-hustle-course","AI Side Hustle Course | ENHE AI","1","https://www.enhe-tech.com.cn/en/skill-learning/ai-monetization-side-hustle-course","index, follow","en-US","https://www.enhe-tech.com.cn/skill-learning/ai-monetization-side-hustle-course","https://www.enhe-tech.com.cn/en/skill-learning/ai-monetization-side-hustle-course","https://www.enhe-tech.com.cn/skill-learning/ai-monetization-side-hustle-course","WebSite|Organization|SearchAction|MerchantReturnPolicy|CreativeWork|ContactPoint|BreadcrumbList|ListItem|Course|CourseInstance|Offer|FAQPage|Question|Answer","YES","text/html; charset=utf-8","False","False","False","False","False","True","False","False","2026-08-10T18:09:38.6875660Z",""
"https://www.enhe-tech.com.cn/software/windows-ai","sitemap.xml","200","","https://www.enhe-tech.com.cn/software/windows-ai","Windows AI桌面助手 | 恩禾 ENHE AI","1","https://www.enhe-tech.com.cn/software/windows-ai","index, follow","zh-CN","https://www.enhe-tech.com.cn/software/windows-ai","https://www.enhe-tech.com.cn/en/software/windows-ai","https://www.enhe-tech.com.cn/software/windows-ai","WebSite|Organization|SearchAction|MerchantReturnPolicy|CreativeWork|ContactPoint|BreadcrumbList|ListItem|SoftwareApplication|Brand|Offer|Product|FAQPage|Question|Answer","YES","text/html; charset=utf-8","False","False","False","False","False","True","False","False","2026-08-10T18:09:39.1720337Z",""
"https://www.enhe-tech.com.cn/en/software/windows-ai","sitemap.xml","200","","https://www.enhe-tech.com.cn/en/software/windows-ai","Windows AI Desktop Assistant | ENHE AI","1","https://www.enhe-tech.com.cn/en/software/windows-ai","index, follow","en-US","https://www.enhe-tech.com.cn/software/windows-ai","https://www.enhe-tech.com.cn/en/software/windows-ai","https://www.enhe-tech.com.cn/software/windows-ai","WebSite|Organization|SearchAction|MerchantReturnPolicy|CreativeWork|ContactPoint|BreadcrumbList|ListItem|SoftwareApplication|Brand|Offer|Product|FAQPage|Question|Answer","YES","text/html; charset=utf-8","False","False","False","False","False","True","False","False","2026-08-10T18:09:39.6784058Z",""
"https://www.enhe-tech.com.cn/account-services/gmail-google","sitemap.xml","200","","https://www.enhe-tech.com.cn/account-services/gmail-google","Gmail 使用与Google生态咨询 | 恩禾 ENHE AI","1","https://www.enhe-tech.com.cn/account-services/gmail-google","index, follow","zh-CN","https://www.enhe-tech.com.cn/account-services/gmail-google","https://www.enhe-tech.com.cn/en/account-services/gmail-google","https://www.enhe-tech.com.cn/account-services/gmail-google","WebSite|Organization|SearchAction|MerchantReturnPolicy|CreativeWork|ContactPoint|BreadcrumbList|ListItem|Service|OfferCatalog|Offer|AggregateOffer|FAQPage|Question|Answer","YES","text/html; charset=utf-8","False","False","False","False","False","True","False","False","2026-08-10T18:09:40.1791933Z",""
"https://www.enhe-tech.com.cn/en/account-services/gmail-google","sitemap.xml","200","","https://www.enhe-tech.com.cn/en/account-services/gmail-google","Gmail and Google Ecosystem Account Guidance | ENHE AI","1","https://www.enhe-tech.com.cn/en/account-services/gmail-google","index, follow","en-US","https://www.enhe-tech.com.cn/account-services/gmail-google","https://www.enhe-tech.com.cn/en/account-services/gmail-google","https://www.enhe-tech.com.cn/account-services/gmail-google","WebSite|Organization|SearchAction|MerchantReturnPolicy|CreativeWork|ContactPoint|BreadcrumbList|ListItem|Service|OfferCatalog|Offer|AggregateOffer|FAQPage|Question|Answer","YES","text/html; charset=utf-8","False","False","False","False","False","True","False","False","2026-08-10T18:09:40.6902087Z",""
"https://www.enhe-tech.com.cn/software/ultimate-edition-ai-video-generation-suite","sitemap.xml","200","","https://www.enhe-tech.com.cn/software/ultimate-edition-ai-video-generation-suite","Ultimate Edition 本地AI视频生成 | 恩禾 ENHE AI","1","https://www.enhe-tech.com.cn/software/ultimate-edition-ai-video-generation-suite","index, follow","zh-CN","https://www.enhe-tech.com.cn/software/ultimate-edition-ai-video-generation-suite","https://www.enhe-tech.com.cn/en/software/ultimate-edition-ai-video-generation-suite","https://www.enhe-tech.com.cn/software/ultimate-edition-ai-video-generation-suite","WebSite|Organization|SearchAction|MerchantReturnPolicy|CreativeWork|ContactPoint|BreadcrumbList|ListItem|SoftwareApplication|Brand|Offer|Product|FAQPage|Question|Answer","YES","text/html; charset=utf-8","False","False","False","False","False","True","False","False","2026-08-10T18:09:41.2056344Z",""
"https://www.enhe-tech.com.cn/en/software/ultimate-edition-ai-video-generation-suite","sitemap.xml","200","","https://www.enhe-tech.com.cn/en/software/ultimate-edition-ai-video-generation-suite","Ultimate Edition Local AI Video Generator | ENHE AI","1","https://www.enhe-tech.com.cn/en/software/ultimate-edition-ai-video-generation-suite","index, follow","en-US","https://www.enhe-tech.com.cn/software/ultimate-edition-ai-video-generation-suite","https://www.enhe-tech.com.cn/en/software/ultimate-edition-ai-video-generation-suite","https://www.enhe-tech.com.cn/software/ultimate-edition-ai-video-generation-suite","WebSite|Organization|SearchAction|MerchantReturnPolicy|CreativeWork|ContactPoint|BreadcrumbList|ListItem|SoftwareApplication|Brand|Offer|Product|FAQPage|Question|Answer","YES","text/html; charset=utf-8","False","False","False","False","False","True","False","False","2026-08-10T18:09:41.7013491Z",""
"https://www.enhe-tech.com.cn/software/infinitetalk-ai","sitemap.xml","200","","https://www.enhe-tech.com.cn/software/infinitetalk-ai","InfiniteTalk AI数字人口播 | 恩禾 ENHE AI","1","https://www.enhe-tech.com.cn/software/infinitetalk-ai","index, follow","zh-CN","https://www.enhe-tech.com.cn/software/infinitetalk-ai","https://www.enhe-tech.com.cn/en/software/infinitetalk-ai","https://www.enhe-tech.com.cn/software/infinitetalk-ai","WebSite|Organization|SearchAction|MerchantReturnPolicy|CreativeWork|ContactPoint|BreadcrumbList|ListItem|SoftwareApplication|Brand|Offer|Product|FAQPage|Question|Answer","YES","text/html; charset=utf-8","False","False","False","False","False","True","False","False","2026-08-10T18:09:42.1999300Z",""
"https://www.enhe-tech.com.cn/en/software/infinitetalk-ai","sitemap.xml","200","","https://www.enhe-tech.com.cn/en/software/infinitetalk-ai","InfiniteTalk AI Talking Avatar Generator | ENHE AI","1","https://www.enhe-tech.com.cn/en/software/infinitetalk-ai","index, follow","en-US","https://www.enhe-tech.com.cn/software/infinitetalk-ai","https://www.enhe-tech.com.cn/en/software/infinitetalk-ai","https://www.enhe-tech.com.cn/software/infinitetalk-ai","WebSite|Organization|SearchAction|MerchantReturnPolicy|CreativeWork|ContactPoint|BreadcrumbList|ListItem|SoftwareApplication|Brand|Offer|Product|FAQPage|Question|Answer","YES","text/html; charset=utf-8","False","False","False","False","False","True","False","False","2026-08-10T18:09:42.7165699Z",""
"https://www.enhe-tech.com.cn/software/ai-prompt-management-system-418-bilingual-prompts-for-writing-seo-and-ai-creation","sitemap.xml","200","","https://www.enhe-tech.com.cn/software/ai-prompt-management-system-418-bilingual-prompts-for-writing-seo-and-ai-creation","418双语提示词 AI提示词管理工具 | 恩禾 ENHE AI","1","https://www.enhe-tech.com.cn/software/ai-prompt-management-system-418-bilingual-prompts-for-writing-seo-and-ai-creation","index, follow","zh-CN","https://www.enhe-tech.com.cn/software/ai-prompt-management-system-418-bilingual-prompts-for-writing-seo-and-ai-creation","https://www.enhe-tech.com.cn/en/software/ai-prompt-management-system-418-bilingual-prompts-for-writing-seo-and-ai-creation","https://www.enhe-tech.com.cn/software/ai-prompt-management-system-418-bilingual-prompts-for-writing-seo-and-ai-creation","WebSite|Organization|SearchAction|MerchantReturnPolicy|CreativeWork|ContactPoint|BreadcrumbList|ListItem|SoftwareApplication|Brand|Offer|Product|FAQPage|Question|Answer","YES","text/html; charset=utf-8","False","False","False","False","False","True","False","False","2026-08-10T18:09:43.2206860Z",""
"https://www.enhe-tech.com.cn/en/software/ai-prompt-management-system-418-bilingual-prompts-for-writing-seo-and-ai-creation","sitemap.xml","200","","https://www.enhe-tech.com.cn/en/software/ai-prompt-management-system-418-bilingual-prompts-for-writing-seo-and-ai-creation","418 Bilingual AI Prompt Management Tool | ENHE AI","1","https://www.enhe-tech.com.cn/en/software/ai-prompt-management-system-418-bilingual-prompts-for-writing-seo-and-ai-creation","index, follow","en-US","https://www.enhe-tech.com.cn/software/ai-prompt-management-system-418-bilingual-prompts-for-writing-seo-and-ai-creation","https://www.enhe-tech.com.cn/en/software/ai-prompt-management-system-418-bilingual-prompts-for-writing-seo-and-ai-creation","https://www.enhe-tech.com.cn/software/ai-prompt-management-system-418-bilingual-prompts-for-writing-seo-and-ai-creation","WebSite|Organization|SearchAction|MerchantReturnPolicy|CreativeWork|ContactPoint|BreadcrumbList|ListItem|SoftwareApplication|Brand|Offer|Product|FAQPage|Question|Answer","YES","text/html; charset=utf-8","False","False","False","False","False","True","False","False","2026-08-10T18:09:43.7785230Z",""
"https://www.enhe-tech.com.cn/software/faceswap-studio-ai","sitemap.xml","200","","https://www.enhe-tech.com.cn/software/faceswap-studio-ai","FaceSwap Studio 本地AI人像合成 | 恩禾 ENHE AI","1","https://www.enhe-tech.com.cn/software/faceswap-studio-ai","index, follow","zh-CN","https://www.enhe-tech.com.cn/software/faceswap-studio-ai","https://www.enhe-tech.com.cn/en/software/faceswap-studio-ai","https://www.enhe-tech.com.cn/software/faceswap-studio-ai","WebSite|Organization|SearchAction|MerchantReturnPolicy|CreativeWork|ContactPoint|BreadcrumbList|ListItem|SoftwareApplication|Brand|Offer|Product|FAQPage|Question|Answer","YES","text/html; charset=utf-8","False","False","False","False","False","True","False","False","2026-08-10T18:09:44.3294284Z",""
"https://www.enhe-tech.com.cn/en/software/faceswap-studio-ai","sitemap.xml","200","","https://www.enhe-tech.com.cn/en/software/faceswap-studio-ai","FaceSwap Studio Local AI Portrait Tool | ENHE AI","1","https://www.enhe-tech.com.cn/en/software/faceswap-studio-ai","index, follow","en-US","https://www.enhe-tech.com.cn/software/faceswap-studio-ai","https://www.enhe-tech.com.cn/en/software/faceswap-studio-ai","https://www.enhe-tech.com.cn/software/faceswap-studio-ai","WebSite|Organization|SearchAction|MerchantReturnPolicy|CreativeWork|ContactPoint|BreadcrumbList|ListItem|SoftwareApplication|Brand|Offer|Product|FAQPage|Question|Answer","YES","text/html; charset=utf-8","False","False","False","False","False","True","False","False","2026-08-10T18:09:44.8416617Z",""
"https://www.enhe-tech.com.cn/software/codex-api","sitemap.xml","200","","https://www.enhe-tech.com.cn/software/codex-api","Codex智能切换助手 | 官方API与第三方模型快速切换 | 恩禾 ENHE AI","1","https://www.enhe-tech.com.cn/software/codex-api","index, follow","zh-CN","https://www.enhe-tech.com.cn/software/codex-api","https://www.enhe-tech.com.cn/en/software/codex-api","https://www.enhe-tech.com.cn/software/codex-api","WebSite|Organization|SearchAction|MerchantReturnPolicy|CreativeWork|ContactPoint|BreadcrumbList|ListItem|SoftwareApplication|Brand|Offer|Product|FAQPage|Question|Answer","YES","text/html; charset=utf-8","False","False","False","False","False","True","False","False","2026-08-10T18:09:45.3328822Z",""
"https://www.enhe-tech.com.cn/en/software/codex-api","sitemap.xml","200","","https://www.enhe-tech.com.cn/en/software/codex-api","Codex Provider Switcher | One-click AI | ENHE AI","1","https://www.enhe-tech.com.cn/en/software/codex-api","index, follow","en-US","https://www.enhe-tech.com.cn/software/codex-api","https://www.enhe-tech.com.cn/en/software/codex-api","https://www.enhe-tech.com.cn/software/codex-api","WebSite|Organization|SearchAction|MerchantReturnPolicy|CreativeWork|ContactPoint|BreadcrumbList|ListItem|SoftwareApplication|Brand|Offer|Product|FAQPage|Question|Answer","YES","text/html; charset=utf-8","False","False","False","False","False","True","False","False","2026-08-10T18:09:45.8515210Z",""
"https://www.enhe-tech.com.cn/ai-skills/seo-geo-skill","sitemap.xml","200","","https://www.enhe-tech.com.cn/ai-skills/seo-geo-skill","独立站 SEO + GEO 网站审查 Skill | 恩禾 ENHE AI","1","https://www.enhe-tech.com.cn/ai-skills/seo-geo-skill","index, follow","zh-CN","https://www.enhe-tech.com.cn/ai-skills/seo-geo-skill","https://www.enhe-tech.com.cn/en/ai-skills/seo-geo-skill","https://www.enhe-tech.com.cn/ai-skills/seo-geo-skill","BreadcrumbList|ListItem|SoftwareApplication|Brand|Offer|MerchantReturnPolicy|Product|FAQPage|Question|Answer","YES","text/html; charset=utf-8","False","False","False","False","False","True","True","False","2026-08-10T18:09:46.2956334Z",""
"https://www.enhe-tech.com.cn/en/ai-skills/seo-geo-skill","sitemap.xml","200","","https://www.enhe-tech.com.cn/en/ai-skills/seo-geo-skill","SEO + GEO Website Audit | Evidence-Based AI | ENHE AI","1","https://www.enhe-tech.com.cn/en/ai-skills/seo-geo-skill","index, follow","en-US","https://www.enhe-tech.com.cn/ai-skills/seo-geo-skill","https://www.enhe-tech.com.cn/en/ai-skills/seo-geo-skill","https://www.enhe-tech.com.cn/ai-skills/seo-geo-skill","WebSite|Organization|SearchAction|MerchantReturnPolicy|CreativeWork|ContactPoint|BreadcrumbList|ListItem|SoftwareApplication|Brand|Offer|Product|FAQPage|Question|Answer","YES","text/html; charset=utf-8","False","False","False","False","False","True","True","False","2026-08-10T18:09:46.8090744Z",""
"https://www.enhe-tech.com.cn/software/zfb-transfer-link-qr-code-generator","sitemap.xml","200","","https://www.enhe-tech.com.cn/software/zfb-transfer-link-qr-code-generator","转账链接二维码生成器｜本地整理工具 | 恩禾 ENHE AI","1","https://www.enhe-tech.com.cn/software/zfb-transfer-link-qr-code-generator","index, follow","zh-CN","https://www.enhe-tech.com.cn/software/zfb-transfer-link-qr-code-generator","https://www.enhe-tech.com.cn/en/software/zfb-transfer-link-qr-code-generator","https://www.enhe-tech.com.cn/software/zfb-transfer-link-qr-code-generator","WebSite|Organization|SearchAction|MerchantReturnPolicy|CreativeWork|ContactPoint|BreadcrumbList|ListItem|SoftwareApplication|Brand|Offer|Product|FAQPage|Question|Answer","YES","text/html; charset=utf-8","False","False","False","False","False","True","False","False","2026-08-10T18:09:47.3171308Z",""
"https://www.enhe-tech.com.cn/en/software/zfb-transfer-link-qr-code-generator","sitemap.xml","200","","https://www.enhe-tech.com.cn/en/software/zfb-transfer-link-qr-code-generator","Transfer Link QR Code Organizer | ENHE AI","1","https://www.enhe-tech.com.cn/en/software/zfb-transfer-link-qr-code-generator","index, follow","en-US","https://www.enhe-tech.com.cn/software/zfb-transfer-link-qr-code-generator","https://www.enhe-tech.com.cn/en/software/zfb-transfer-link-qr-code-generator","https://www.enhe-tech.com.cn/software/zfb-transfer-link-qr-code-generator","WebSite|Organization|SearchAction|MerchantReturnPolicy|CreativeWork|ContactPoint|BreadcrumbList|ListItem|SoftwareApplication|Brand|Offer|Product|FAQPage|Question|Answer","YES","text/html; charset=utf-8","False","False","False","False","False","True","False","False","2026-08-10T18:09:47.8077665Z",""
"https://www.enhe-tech.com.cn/skill-learning/high-frequency-ai-prompts-for-work-learning-and-teaching","sitemap.xml","200","","https://www.enhe-tech.com.cn/skill-learning/high-frequency-ai-prompts-for-work-learning-and-teaching","高频AI提示词模板 | 恩禾 ENHE AI","1","https://www.enhe-tech.com.cn/skill-learning/high-frequency-ai-prompts-for-work-learning-and-teaching","index, follow","zh-CN","https://www.enhe-tech.com.cn/skill-learning/high-frequency-ai-prompts-for-work-learning-and-teaching","https://www.enhe-tech.com.cn/en/skill-learning/high-frequency-ai-prompts-for-work-learning-and-teaching","https://www.enhe-tech.com.cn/skill-learning/high-frequency-ai-prompts-for-work-learning-and-teaching","WebSite|Organization|SearchAction|MerchantReturnPolicy|CreativeWork|ContactPoint|BreadcrumbList|ListItem|Course|CourseInstance|Offer|FAQPage|Question|Answer","YES","text/html; charset=utf-8","False","False","False","False","False","True","False","False","2026-08-10T18:09:48.2956478Z",""
"https://www.enhe-tech.com.cn/en/skill-learning/high-frequency-ai-prompts-for-work-learning-and-teaching","sitemap.xml","200","","https://www.enhe-tech.com.cn/en/skill-learning/high-frequency-ai-prompts-for-work-learning-and-teaching","AI Prompt Templates for Work and Learning | ENHE AI","1","https://www.enhe-tech.com.cn/en/skill-learning/high-frequency-ai-prompts-for-work-learning-and-teaching","index, follow","en-US","https://www.enhe-tech.com.cn/skill-learning/high-frequency-ai-prompts-for-work-learning-and-teaching","https://www.enhe-tech.com.cn/en/skill-learning/high-frequency-ai-prompts-for-work-learning-and-teaching","https://www.enhe-tech.com.cn/skill-learning/high-frequency-ai-prompts-for-work-learning-and-teaching","WebSite|Organization|SearchAction|MerchantReturnPolicy|CreativeWork|ContactPoint|BreadcrumbList|ListItem|Course|CourseInstance|Offer|FAQPage|Question|Answer","YES","text/html; charset=utf-8","False","False","False","False","False","True","False","False","2026-08-10T18:09:48.7839448Z",""
"https://www.enhe-tech.com.cn/ai-skills/a-skill","sitemap.xml","200","","https://www.enhe-tech.com.cn/ai-skills/a-skill","中国A股市场股票深度分析 Skill | 恩禾 ENHE AI","1","https://www.enhe-tech.com.cn/ai-skills/a-skill","index, follow","zh-CN","https://www.enhe-tech.com.cn/ai-skills/a-skill","https://www.enhe-tech.com.cn/en/ai-skills/a-skill","https://www.enhe-tech.com.cn/ai-skills/a-skill","BreadcrumbList|ListItem|SoftwareApplication|Brand|Offer|MerchantReturnPolicy|Product|FAQPage|Question|Answer","YES","text/html; charset=utf-8","False","False","False","False","False","True","True","False","2026-08-10T18:09:49.2384115Z",""
"https://www.enhe-tech.com.cn/en/ai-skills/a-skill","sitemap.xml","200","","https://www.enhe-tech.com.cn/en/ai-skills/a-skill","AShareTrace | AI Skill | ENHE AI","1","https://www.enhe-tech.com.cn/en/ai-skills/a-skill","index, follow","en-US","https://www.enhe-tech.com.cn/ai-skills/a-skill","https://www.enhe-tech.com.cn/en/ai-skills/a-skill","https://www.enhe-tech.com.cn/ai-skills/a-skill","WebSite|Organization|SearchAction|MerchantReturnPolicy|CreativeWork|ContactPoint|BreadcrumbList|ListItem|SoftwareApplication|Brand|Offer|Product|FAQPage|Question|Answer","YES","text/html; charset=utf-8","False","False","False","False","False","True","True","False","2026-08-10T18:09:49.7293904Z",""
"https://www.enhe-tech.com.cn/software/local-ai-voice-generator-for-voiceover-materials","sitemap.xml","200","","https://www.enhe-tech.com.cn/software/local-ai-voice-generator-for-voiceover-materials","本地AI配音工具 | 恩禾 ENHE AI","1","https://www.enhe-tech.com.cn/software/local-ai-voice-generator-for-voiceover-materials","index, follow","zh-CN","https://www.enhe-tech.com.cn/software/local-ai-voice-generator-for-voiceover-materials","https://www.enhe-tech.com.cn/en/software/local-ai-voice-generator-for-voiceover-materials","https://www.enhe-tech.com.cn/software/local-ai-voice-generator-for-voiceover-materials","WebSite|Organization|SearchAction|MerchantReturnPolicy|CreativeWork|ContactPoint|BreadcrumbList|ListItem|SoftwareApplication|Brand|Offer|Product|FAQPage|Question|Answer","YES","text/html; charset=utf-8","False","False","False","False","False","True","False","False","2026-08-10T18:09:50.2678176Z",""
"https://www.enhe-tech.com.cn/en/software/local-ai-voice-generator-for-voiceover-materials","sitemap.xml","200","","https://www.enhe-tech.com.cn/en/software/local-ai-voice-generator-for-voiceover-materials","Local AI Voice Generator | ENHE AI","1","https://www.enhe-tech.com.cn/en/software/local-ai-voice-generator-for-voiceover-materials","index, follow","en-US","https://www.enhe-tech.com.cn/software/local-ai-voice-generator-for-voiceover-materials","https://www.enhe-tech.com.cn/en/software/local-ai-voice-generator-for-voiceover-materials","https://www.enhe-tech.com.cn/software/local-ai-voice-generator-for-voiceover-materials","WebSite|Organization|SearchAction|MerchantReturnPolicy|CreativeWork|ContactPoint|BreadcrumbList|ListItem|SoftwareApplication|Brand|Offer|Product|FAQPage|Question|Answer","YES","text/html; charset=utf-8","False","False","False","False","False","True","False","False","2026-08-10T18:09:50.7681062Z",""
"https://www.enhe-tech.com.cn/account-services/chatgpt-codex-dalle","sitemap.xml","200","","https://www.enhe-tech.com.cn/account-services/chatgpt-codex-dalle","ChatGPT Codex与DALL-E指南 | 恩禾 ENHE AI","1","https://www.enhe-tech.com.cn/account-services/chatgpt-codex-dalle","index, follow","zh-CN","https://www.enhe-tech.com.cn/account-services/chatgpt-codex-dalle","https://www.enhe-tech.com.cn/en/account-services/chatgpt-codex-dalle","https://www.enhe-tech.com.cn/account-services/chatgpt-codex-dalle","WebSite|Organization|SearchAction|MerchantReturnPolicy|CreativeWork|ContactPoint|BreadcrumbList|ListItem|Service|OfferCatalog|Offer|AggregateOffer|FAQPage|Question|Answer","YES","text/html; charset=utf-8","False","False","False","False","False","True","False","False","2026-08-10T18:09:51.2710033Z",""
"https://www.enhe-tech.com.cn/en/account-services/chatgpt-codex-dalle","sitemap.xml","200","","https://www.enhe-tech.com.cn/en/account-services/chatgpt-codex-dalle","ChatGPT Codex and DALL-E Guide | ENHE AI","1","https://www.enhe-tech.com.cn/en/account-services/chatgpt-codex-dalle","index, follow","en-US","https://www.enhe-tech.com.cn/account-services/chatgpt-codex-dalle","https://www.enhe-tech.com.cn/en/account-services/chatgpt-codex-dalle","https://www.enhe-tech.com.cn/account-services/chatgpt-codex-dalle","WebSite|Organization|SearchAction|MerchantReturnPolicy|CreativeWork|ContactPoint|BreadcrumbList|ListItem|Service|OfferCatalog|Offer|AggregateOffer|FAQPage|Question|Answer","YES","text/html; charset=utf-8","False","False","False","False","False","True","False","False","2026-08-10T18:09:51.7848861Z",""
"https://www.enhe-tech.com.cn/software/no-code-chat-screenshot-maker","sitemap.xml","200","","https://www.enhe-tech.com.cn/software/no-code-chat-screenshot-maker","聊天截图素材制作｜无需代码 | 恩禾 ENHE AI","1","https://www.enhe-tech.com.cn/software/no-code-chat-screenshot-maker","index, follow","zh-CN","https://www.enhe-tech.com.cn/software/no-code-chat-screenshot-maker","https://www.enhe-tech.com.cn/en/software/no-code-chat-screenshot-maker","https://www.enhe-tech.com.cn/software/no-code-chat-screenshot-maker","WebSite|Organization|SearchAction|MerchantReturnPolicy|CreativeWork|ContactPoint|BreadcrumbList|ListItem|SoftwareApplication|Brand|Offer|Product|FAQPage|Question|Answer","YES","text/html; charset=utf-8","False","False","False","False","False","True","False","False","2026-08-10T18:09:52.3344108Z",""
"https://www.enhe-tech.com.cn/en/software/no-code-chat-screenshot-maker","sitemap.xml","200","","https://www.enhe-tech.com.cn/en/software/no-code-chat-screenshot-maker","No-Code Chat Screenshot Maker | AI Software App | ENHE AI","1","https://www.enhe-tech.com.cn/en/software/no-code-chat-screenshot-maker","index, follow","en-US","https://www.enhe-tech.com.cn/software/no-code-chat-screenshot-maker","https://www.enhe-tech.com.cn/en/software/no-code-chat-screenshot-maker","https://www.enhe-tech.com.cn/software/no-code-chat-screenshot-maker","WebSite|Organization|SearchAction|MerchantReturnPolicy|CreativeWork|ContactPoint|BreadcrumbList|ListItem|SoftwareApplication|Brand|Offer|Product|FAQPage|Question|Answer","YES","text/html; charset=utf-8","False","False","False","False","False","True","False","False","2026-08-10T18:09:52.8415149Z",""
"https://www.enhe-tech.com.cn/account-services/chatgpt-plus-100","sitemap.xml","200","","https://www.enhe-tech.com.cn/account-services/chatgpt-plus-100","ChatGPT Plus订阅指南 | 恩禾 ENHE AI","1","https://www.enhe-tech.com.cn/account-services/chatgpt-plus-100","index, follow","zh-CN","https://www.enhe-tech.com.cn/account-services/chatgpt-plus-100","https://www.enhe-tech.com.cn/en/account-services/chatgpt-plus-100","https://www.enhe-tech.com.cn/account-services/chatgpt-plus-100","WebSite|Organization|SearchAction|MerchantReturnPolicy|CreativeWork|ContactPoint|BreadcrumbList|ListItem|Service|OfferCatalog|Offer|AggregateOffer|FAQPage|Question|Answer","YES","text/html; charset=utf-8","False","False","False","False","False","True","False","False","2026-08-10T18:09:53.3460513Z",""
"https://www.enhe-tech.com.cn/en/account-services/chatgpt-plus-100","sitemap.xml","200","","https://www.enhe-tech.com.cn/en/account-services/chatgpt-plus-100","ChatGPT Plus Subscription Guide | ENHE AI","1","https://www.enhe-tech.com.cn/en/account-services/chatgpt-plus-100","index, follow","en-US","https://www.enhe-tech.com.cn/account-services/chatgpt-plus-100","https://www.enhe-tech.com.cn/en/account-services/chatgpt-plus-100","https://www.enhe-tech.com.cn/account-services/chatgpt-plus-100","WebSite|Organization|SearchAction|MerchantReturnPolicy|CreativeWork|ContactPoint|BreadcrumbList|ListItem|Service|OfferCatalog|Offer|AggregateOffer|FAQPage|Question|Answer","YES","text/html; charset=utf-8","False","False","False","False","False","True","False","False","2026-08-10T18:09:53.8426835Z",""
"https://www.enhe-tech.com.cn/ai-news/google-gemini-api-managed-agents-3-6-flash-hooks","sitemap.xml","200","","https://www.enhe-tech.com.cn/ai-news/google-gemini-api-managed-agents-3-6-flash-hooks","Gemini API Managed Agents | 恩禾 ENHE AI","1","https://www.enhe-tech.com.cn/ai-news/google-gemini-api-managed-agents-3-6-flash-hooks","index, follow","zh-CN","https://www.enhe-tech.com.cn/ai-news/google-gemini-api-managed-agents-3-6-flash-hooks","https://www.enhe-tech.com.cn/en/ai-news/google-gemini-api-managed-agents-3-6-flash-hooks","https://www.enhe-tech.com.cn/ai-news/google-gemini-api-managed-agents-3-6-flash-hooks","WebSite|Organization|SearchAction|MerchantReturnPolicy|CreativeWork|ContactPoint|BreadcrumbList|ListItem|NewsArticle|WebPage","YES","text/html; charset=utf-8","False","False","False","False","False","False","False","False","2026-08-10T18:09:54.5822490Z",""
"https://www.enhe-tech.com.cn/en/ai-news/google-gemini-api-managed-agents-3-6-flash-hooks","sitemap.xml","200","","https://www.enhe-tech.com.cn/en/ai-news/google-gemini-api-managed-agents-3-6-flash-hooks","Gemini API Managed Agents: 3.6 Flash, Hooks | ENHE AI","1","https://www.enhe-tech.com.cn/en/ai-news/google-gemini-api-managed-agents-3-6-flash-hooks","index, follow","en-US","https://www.enhe-tech.com.cn/ai-news/google-gemini-api-managed-agents-3-6-flash-hooks","https://www.enhe-tech.com.cn/en/ai-news/google-gemini-api-managed-agents-3-6-flash-hooks","https://www.enhe-tech.com.cn/ai-news/google-gemini-api-managed-agents-3-6-flash-hooks","WebSite|Organization|SearchAction|MerchantReturnPolicy|CreativeWork|ContactPoint|BreadcrumbList|ListItem|NewsArticle|WebPage","YES","text/html; charset=utf-8","False","False","False","False","False","False","False","False","2026-08-10T18:09:55.3064295Z",""
"https://www.enhe-tech.com.cn/ai-news/ai-news-and-trend-insights-from-information-to-action","sitemap.xml","200","","https://www.enhe-tech.com.cn/ai-news/ai-news-and-trend-insights-from-information-to-action","AI资讯与趋势洞察上线 | 恩禾 ENHE AI工","1","https://www.enhe-tech.com.cn/ai-news/ai-news-and-trend-insights-from-information-to-action","index, follow","zh-CN","https://www.enhe-tech.com.cn/ai-news/ai-news-and-trend-insights-from-information-to-action","https://www.enhe-tech.com.cn/en/ai-news/ai-news-and-trend-insights-from-information-to-action","https://www.enhe-tech.com.cn/ai-news/ai-news-and-trend-insights-from-information-to-action","WebSite|Organization|SearchAction|MerchantReturnPolicy|CreativeWork|ContactPoint|BreadcrumbList|ListItem|NewsArticle|WebPage|FAQPage|Question|Answer","YES","text/html; charset=utf-8","False","False","False","False","False","False","False","False","2026-08-10T18:09:56.0044257Z",""
"https://www.enhe-tech.com.cn/en/ai-news/ai-news-and-trend-insights-from-information-to-action","sitemap.xml","200","","https://www.enhe-tech.com.cn/en/ai-news/ai-news-and-trend-insights-from-information-to-action","AI News and Trend Insights | ENHE AI Tools","1","https://www.enhe-tech.com.cn/en/ai-news/ai-news-and-trend-insights-from-information-to-action","index, follow","en-US","https://www.enhe-tech.com.cn/ai-news/ai-news-and-trend-insights-from-information-to-action","https://www.enhe-tech.com.cn/en/ai-news/ai-news-and-trend-insights-from-information-to-action","https://www.enhe-tech.com.cn/ai-news/ai-news-and-trend-insights-from-information-to-action","WebSite|Organization|SearchAction|MerchantReturnPolicy|CreativeWork|ContactPoint|BreadcrumbList|ListItem|NewsArticle|WebPage|FAQPage|Question|Answer","YES","text/html; charset=utf-8","False","False","False","False","False","False","False","False","2026-08-10T18:09:56.7214798Z",""
"https://www.enhe-tech.com.cn/ai-news/cisa-ai-ai-2","sitemap.xml","200","","https://www.enhe-tech.com.cn/ai-news/cisa-ai-ai-2","全球AI正转向智能体安全运营 | 恩禾 ENHE AI","1","https://www.enhe-tech.com.cn/ai-news/cisa-ai-ai-2","index, follow","zh-CN","https://www.enhe-tech.com.cn/ai-news/cisa-ai-ai-2","https://www.enhe-tech.com.cn/en/ai-news/cisa-ai-ai-2","https://www.enhe-tech.com.cn/ai-news/cisa-ai-ai-2","WebSite|Organization|SearchAction|MerchantReturnPolicy|CreativeWork|ContactPoint|BreadcrumbList|ListItem|NewsArticle|WebPage","YES","text/html; charset=utf-8","False","False","False","False","False","True","False","False","2026-08-10T18:09:57.4979075Z",""
"https://www.enhe-tech.com.cn/en/ai-news/cisa-ai-ai-2","sitemap.xml","200","","https://www.enhe-tech.com.cn/en/ai-news/cisa-ai-ai-2","Global AI Deployment Moves Toward Security | ENHE AI","1","https://www.enhe-tech.com.cn/en/ai-news/cisa-ai-ai-2","index, follow","en-US","https://www.enhe-tech.com.cn/ai-news/cisa-ai-ai-2","https://www.enhe-tech.com.cn/en/ai-news/cisa-ai-ai-2","https://www.enhe-tech.com.cn/ai-news/cisa-ai-ai-2","WebSite|Organization|SearchAction|MerchantReturnPolicy|CreativeWork|ContactPoint|BreadcrumbList|ListItem|NewsArticle|WebPage","YES","text/html; charset=utf-8","False","False","False","False","False","True","False","False","2026-08-10T18:09:58.3021087Z",""
"https://www.enhe-tech.com.cn/ai-news/agentic-ai","sitemap.xml","200","","https://www.enhe-tech.com.cn/ai-news/agentic-ai","上海华为云发布 Agentic AI 系列新品 | 恩禾 ENHE AI","1","https://www.enhe-tech.com.cn/ai-news/agentic-ai","index, follow","zh-CN","https://www.enhe-tech.com.cn/ai-news/agentic-ai","","https://www.enhe-tech.com.cn/ai-news/agentic-ai","WebSite|Organization|SearchAction|MerchantReturnPolicy|CreativeWork|ContactPoint|BreadcrumbList|ListItem|NewsArticle|WebPage|FAQPage|Question|Answer","YES","text/html; charset=utf-8","False","False","False","False","False","True","False","False","2026-08-10T18:09:58.8086352Z",""
"https://www.enhe-tech.com.cn/ai-news/openai-workspace-agents-chatgpt-ai","sitemap.xml","200","","https://www.enhe-tech.com.cn/ai-news/openai-workspace-agents-chatgpt-ai","OpenAI 将 Workspace Agents | 恩禾 ENHE AI","1","https://www.enhe-tech.com.cn/ai-news/openai-workspace-agents-chatgpt-ai","index, follow","zh-CN","https://www.enhe-tech.com.cn/ai-news/openai-workspace-agents-chatgpt-ai","","https://www.enhe-tech.com.cn/ai-news/openai-workspace-agents-chatgpt-ai","WebSite|Organization|SearchAction|MerchantReturnPolicy|CreativeWork|ContactPoint|BreadcrumbList|ListItem|NewsArticle|WebPage|FAQPage|Question|Answer","YES","text/html; charset=utf-8","False","False","False","False","False","True","False","False","2026-08-10T18:09:59.3321640Z",""
"https://www.enhe-tech.com.cn/ai-news/ai-task-scheduling","sitemap.xml","200","","https://www.enhe-tech.com.cn/ai-news/ai-task-scheduling","AI Task Scheduling | 恩禾 ENHE AI","1","https://www.enhe-tech.com.cn/ai-news/ai-task-scheduling","index, follow","zh-CN","https://www.enhe-tech.com.cn/ai-news/ai-task-scheduling","https://www.enhe-tech.com.cn/en/ai-news/ai-task-scheduling","https://www.enhe-tech.com.cn/ai-news/ai-task-scheduling","WebSite|Organization|SearchAction|MerchantReturnPolicy|CreativeWork|ContactPoint|BreadcrumbList|ListItem|NewsArticle|WebPage|FAQPage|Question|Answer","YES","text/html; charset=utf-8","False","False","False","False","False","True","False","False","2026-08-10T18:10:00.0857225Z",""
"https://www.enhe-tech.com.cn/en/ai-news/ai-task-scheduling","sitemap.xml","200","","https://www.enhe-tech.com.cn/en/ai-news/ai-task-scheduling","AI Task Scheduling for Agent Cost Control | ENHE AI","1","https://www.enhe-tech.com.cn/en/ai-news/ai-task-scheduling","index, follow","en-US","https://www.enhe-tech.com.cn/ai-news/ai-task-scheduling","https://www.enhe-tech.com.cn/en/ai-news/ai-task-scheduling","https://www.enhe-tech.com.cn/ai-news/ai-task-scheduling","WebSite|Organization|SearchAction|MerchantReturnPolicy|CreativeWork|ContactPoint|BreadcrumbList|ListItem|NewsArticle|WebPage|FAQPage|Question|Answer","YES","text/html; charset=utf-8","False","False","False","False","False","True","False","False","2026-08-10T18:10:00.8213624Z",""
"https://www.enhe-tech.com.cn/ai-news/github-mcp-ai","sitemap.xml","200","","https://www.enhe-tech.com.cn/ai-news/github-mcp-ai","全球AI资讯解读：GitHub下一版MCP预览为何 | 恩禾 ENHE AI","1","https://www.enhe-tech.com.cn/ai-news/github-mcp-ai","index, follow","zh-CN","https://www.enhe-tech.com.cn/ai-news/github-mcp-ai","https://www.enhe-tech.com.cn/en/ai-news/github-mcp-ai","https://www.enhe-tech.com.cn/ai-news/github-mcp-ai","WebSite|Organization|SearchAction|MerchantReturnPolicy|CreativeWork|ContactPoint|BreadcrumbList|ListItem|NewsArticle|WebPage","YES","text/html; charset=utf-8","False","False","False","False","False","False","False","False","2026-08-10T18:10:01.5923502Z",""
"https://www.enhe-tech.com.cn/en/ai-news/github-mcp-ai","sitemap.xml","200","","https://www.enhe-tech.com.cn/en/ai-news/github-mcp-ai","Why GitHub's Next MCP Preview Shifts AI Tool | ENHE AI","1","https://www.enhe-tech.com.cn/en/ai-news/github-mcp-ai","index, follow","en-US","https://www.enhe-tech.com.cn/ai-news/github-mcp-ai","https://www.enhe-tech.com.cn/en/ai-news/github-mcp-ai","https://www.enhe-tech.com.cn/ai-news/github-mcp-ai","WebSite|Organization|SearchAction|MerchantReturnPolicy|CreativeWork|ContactPoint|BreadcrumbList|ListItem|NewsArticle|WebPage","YES","text/html; charset=utf-8","False","False","False","False","False","False","False","False","2026-08-10T18:10:02.4066836Z",""
"https://www.enhe-tech.com.cn/ai-news/beijing-baai-conference-pushes-ai-agents-further-into-real-world-deployment","sitemap.xml","200","","https://www.enhe-tech.com.cn/ai-news/beijing-baai-conference-pushes-ai-agents-further-into-real-world-deployment","北京智源大会 AI智能体升温 | 恩禾 ENHE AI","1","https://www.enhe-tech.com.cn/ai-news/beijing-baai-conference-pushes-ai-agents-further-into-real-world-deployment","index, follow","zh-CN","https://www.enhe-tech.com.cn/ai-news/beijing-baai-conference-pushes-ai-agents-further-into-real-world-deployment","https://www.enhe-tech.com.cn/en/ai-news/beijing-baai-conference-pushes-ai-agents-further-into-real-world-deployment","https://www.enhe-tech.com.cn/ai-news/beijing-baai-conference-pushes-ai-agents-further-into-real-world-deployment","WebSite|Organization|SearchAction|MerchantReturnPolicy|CreativeWork|ContactPoint|BreadcrumbList|ListItem|NewsArticle|WebPage|FAQPage|Question|Answer","YES","text/html; charset=utf-8","False","False","False","False","False","True","False","False","2026-08-10T18:10:03.1910154Z",""
"https://www.enhe-tech.com.cn/en/ai-news/beijing-baai-conference-pushes-ai-agents-further-into-real-world-deployment","sitemap.xml","200","","https://www.enhe-tech.com.cn/en/ai-news/beijing-baai-conference-pushes-ai-agents-further-into-real-world-deployment","Beijing BAAI Conference AI Agents and Local | ENHE AI","1","https://www.enhe-tech.com.cn/en/ai-news/beijing-baai-conference-pushes-ai-agents-further-into-real-world-deployment","index, follow","en-US","https://www.enhe-tech.com.cn/ai-news/beijing-baai-conference-pushes-ai-agents-further-into-real-world-deployment","https://www.enhe-tech.com.cn/en/ai-news/beijing-baai-conference-pushes-ai-agents-further-into-real-world-deployment","https://www.enhe-tech.com.cn/ai-news/beijing-baai-conference-pushes-ai-agents-further-into-real-world-deployment","WebSite|Organization|SearchAction|MerchantReturnPolicy|CreativeWork|ContactPoint|BreadcrumbList|ListItem|NewsArticle|WebPage|FAQPage|Question|Answer","YES","text/html; charset=utf-8","False","False","False","False","False","True","False","False","2026-08-10T18:10:04.0062015Z",""
"https://www.enhe-tech.com.cn/ai-news/cloudflare-webmcp-ai","sitemap.xml","200","","https://www.enhe-tech.com.cn/ai-news/cloudflare-webmcp-ai","Cloudflare WebMCP预览 | 恩禾 ENHE AI","1","https://www.enhe-tech.com.cn/ai-news/cloudflare-webmcp-ai","index, follow","zh-CN","https://www.enhe-tech.com.cn/ai-news/cloudflare-webmcp-ai","https://www.enhe-tech.com.cn/en/ai-news/cloudflare-webmcp-ai","https://www.enhe-tech.com.cn/ai-news/cloudflare-webmcp-ai","WebSite|Organization|SearchAction|MerchantReturnPolicy|CreativeWork|ContactPoint|BreadcrumbList|ListItem|NewsArticle|WebPage","YES","text/html; charset=utf-8","False","False","False","False","False","False","False","False","2026-08-10T18:10:04.7249462Z",""
"https://www.enhe-tech.com.cn/en/ai-news/cloudflare-webmcp-ai","sitemap.xml","200","","https://www.enhe-tech.com.cn/en/ai-news/cloudflare-webmcp-ai","Cloudflare WebMCP Preview | ENHE AI","1","https://www.enhe-tech.com.cn/en/ai-news/cloudflare-webmcp-ai","index, follow","en-US","https://www.enhe-tech.com.cn/ai-news/cloudflare-webmcp-ai","https://www.enhe-tech.com.cn/en/ai-news/cloudflare-webmcp-ai","https://www.enhe-tech.com.cn/ai-news/cloudflare-webmcp-ai","WebSite|Organization|SearchAction|MerchantReturnPolicy|CreativeWork|ContactPoint|BreadcrumbList|ListItem|NewsArticle|WebPage","YES","text/html; charset=utf-8","False","False","False","False","False","False","False","False","2026-08-10T18:10:05.4896595Z",""
"https://www.enhe-tech.com.cn/ai-news/meta-business-agent-whatsapp-ai","sitemap.xml","200","","https://www.enhe-tech.com.cn/ai-news/meta-business-agent-whatsapp-ai","WhatsApp AI智能体进入合规窗口 | 恩禾 ENHE AI","1","https://www.enhe-tech.com.cn/ai-news/meta-business-agent-whatsapp-ai","index, follow","zh-CN","https://www.enhe-tech.com.cn/ai-news/meta-business-agent-whatsapp-ai","https://www.enhe-tech.com.cn/en/ai-news/meta-business-agent-whatsapp-ai","https://www.enhe-tech.com.cn/ai-news/meta-business-agent-whatsapp-ai","WebSite|Organization|SearchAction|MerchantReturnPolicy|CreativeWork|ContactPoint|BreadcrumbList|ListItem|NewsArticle|WebPage|FAQPage|Question|Answer","YES","text/html; charset=utf-8","False","False","False","False","False","True","False","False","2026-08-10T18:10:06.2693192Z",""
"https://www.enhe-tech.com.cn/en/ai-news/meta-business-agent-whatsapp-ai","sitemap.xml","200","","https://www.enhe-tech.com.cn/en/ai-news/meta-business-agent-whatsapp-ai","WhatsApp AI Agents and Meta Business Agent Rules | ENHE AI","1","https://www.enhe-tech.com.cn/en/ai-news/meta-business-agent-whatsapp-ai","index, follow","en-US","https://www.enhe-tech.com.cn/ai-news/meta-business-agent-whatsapp-ai","https://www.enhe-tech.com.cn/en/ai-news/meta-business-agent-whatsapp-ai","https://www.enhe-tech.com.cn/ai-news/meta-business-agent-whatsapp-ai","WebSite|Organization|SearchAction|MerchantReturnPolicy|CreativeWork|ContactPoint|BreadcrumbList|ListItem|NewsArticle|WebPage|FAQPage|Question|Answer","YES","text/html; charset=utf-8","False","False","False","False","False","True","False","False","2026-08-10T18:10:07.0091396Z",""
"https://www.enhe-tech.com.cn/ai-news/github-copilot-ai","sitemap.xml","200","","https://www.enhe-tech.com.cn/ai-news/github-copilot-ai","GitHub Copilot代码评审分析深度更新解 | 恩禾 ENHE AI","1","https://www.enhe-tech.com.cn/ai-news/github-copilot-ai","index, follow","zh-CN","https://www.enhe-tech.com.cn/ai-news/github-copilot-ai","https://www.enhe-tech.com.cn/en/ai-news/github-copilot-ai","https://www.enhe-tech.com.cn/ai-news/github-copilot-ai","WebSite|Organization|SearchAction|MerchantReturnPolicy|CreativeWork|ContactPoint|BreadcrumbList|ListItem|NewsArticle|WebPage","YES","text/html; charset=utf-8","False","False","False","False","False","False","False","False","2026-08-10T18:10:07.7747314Z",""
"https://www.enhe-tech.com.cn/en/ai-news/github-copilot-ai","sitemap.xml","200","","https://www.enhe-tech.com.cn/en/ai-news/github-copilot-ai","GitHub Copilot Code Review Analysis Depth Update | ENHE AI","1","https://www.enhe-tech.com.cn/en/ai-news/github-copilot-ai","index, follow","en-US","https://www.enhe-tech.com.cn/ai-news/github-copilot-ai","https://www.enhe-tech.com.cn/en/ai-news/github-copilot-ai","https://www.enhe-tech.com.cn/ai-news/github-copilot-ai","WebSite|Organization|SearchAction|MerchantReturnPolicy|CreativeWork|ContactPoint|BreadcrumbList|ListItem|NewsArticle|WebPage","YES","text/html; charset=utf-8","False","False","False","False","False","False","False","False","2026-08-10T18:10:08.5168862Z",""
"https://www.enhe-tech.com.cn/ai-news/tencent-cloud-efficiency-agent-tools","sitemap.xml","200","","https://www.enhe-tech.com.cn/ai-news/tencent-cloud-efficiency-agent-tools","腾讯云效率智能体工具集发布 | 恩禾 ENHE AI","1","https://www.enhe-tech.com.cn/ai-news/tencent-cloud-efficiency-agent-tools","index, follow","zh-CN","https://www.enhe-tech.com.cn/ai-news/tencent-cloud-efficiency-agent-tools","https://www.enhe-tech.com.cn/en/ai-news/tencent-cloud-efficiency-agent-tools","https://www.enhe-tech.com.cn/ai-news/tencent-cloud-efficiency-agent-tools","WebSite|Organization|SearchAction|MerchantReturnPolicy|CreativeWork|ContactPoint|BreadcrumbList|ListItem|NewsArticle|WebPage|FAQPage|Question|Answer","YES","text/html; charset=utf-8","False","False","False","False","False","True","False","False","2026-08-10T18:10:09.3264241Z",""
"https://www.enhe-tech.com.cn/en/ai-news/tencent-cloud-efficiency-agent-tools","sitemap.xml","200","","https://www.enhe-tech.com.cn/en/ai-news/tencent-cloud-efficiency-agent-tools","Tencent Cloud Productivity Agent Suite and AI | ENHE AI","1","https://www.enhe-tech.com.cn/en/ai-news/tencent-cloud-efficiency-agent-tools","index, follow","en-US","https://www.enhe-tech.com.cn/ai-news/tencent-cloud-efficiency-agent-tools","https://www.enhe-tech.com.cn/en/ai-news/tencent-cloud-efficiency-agent-tools","https://www.enhe-tech.com.cn/ai-news/tencent-cloud-efficiency-agent-tools","WebSite|Organization|SearchAction|MerchantReturnPolicy|CreativeWork|ContactPoint|BreadcrumbList|ListItem|NewsArticle|WebPage|FAQPage|Question|Answer","YES","text/html; charset=utf-8","False","False","False","False","False","True","False","False","2026-08-10T18:10:10.1295107Z",""
"https://www.enhe-tech.com.cn/ai-news/ibm-power-autonomous-operations-ai-2","sitemap.xml","200","","https://www.enhe-tech.com.cn/ai-news/ibm-power-autonomous-operations-ai-2","IBM Power Autonomous | 恩禾 ENHE AI","1","https://www.enhe-tech.com.cn/ai-news/ibm-power-autonomous-operations-ai-2","index, follow","zh-CN","https://www.enhe-tech.com.cn/ai-news/ibm-power-autonomous-operations-ai-2","https://www.enhe-tech.com.cn/en/ai-news/ibm-power-autonomous-operations-ai-2","https://www.enhe-tech.com.cn/ai-news/ibm-power-autonomous-operations-ai-2","WebSite|Organization|SearchAction|MerchantReturnPolicy|CreativeWork|ContactPoint|BreadcrumbList|ListItem|NewsArticle|WebPage","YES","text/html; charset=utf-8","False","False","False","False","False","False","False","False","2026-08-10T18:10:10.8760446Z",""
"https://www.enhe-tech.com.cn/en/ai-news/ibm-power-autonomous-operations-ai-2","sitemap.xml","200","","https://www.enhe-tech.com.cn/en/ai-news/ibm-power-autonomous-operations-ai-2","IBM Power Shows AI Competition Moving | ENHE AI","1","https://www.enhe-tech.com.cn/en/ai-news/ibm-power-autonomous-operations-ai-2","index, follow","en-US","https://www.enhe-tech.com.cn/ai-news/ibm-power-autonomous-operations-ai-2","https://www.enhe-tech.com.cn/en/ai-news/ibm-power-autonomous-operations-ai-2","https://www.enhe-tech.com.cn/ai-news/ibm-power-autonomous-operations-ai-2","WebSite|Organization|SearchAction|MerchantReturnPolicy|CreativeWork|ContactPoint|BreadcrumbList|ListItem|NewsArticle|WebPage","YES","text/html; charset=utf-8","False","False","False","False","False","False","False","False","2026-08-10T18:10:11.6576040Z",""
"https://www.enhe-tech.com.cn/ai-news/adobe-creative-agent-ai","sitemap.xml","200","","https://www.enhe-tech.com.cn/ai-news/adobe-creative-agent-ai","Adobe Creative Agent扩展 | 恩禾 ENHE AI","1","https://www.enhe-tech.com.cn/ai-news/adobe-creative-agent-ai","index, follow","zh-CN","https://www.enhe-tech.com.cn/ai-news/adobe-creative-agent-ai","https://www.enhe-tech.com.cn/en/ai-news/adobe-creative-agent-ai","https://www.enhe-tech.com.cn/ai-news/adobe-creative-agent-ai","WebSite|Organization|SearchAction|MerchantReturnPolicy|CreativeWork|ContactPoint|BreadcrumbList|ListItem|NewsArticle|WebPage|FAQPage|Question|Answer","YES","text/html; charset=utf-8","False","False","False","False","False","True","False","False","2026-08-10T18:10:12.4867141Z",""
"https://www.enhe-tech.com.cn/en/ai-news/adobe-creative-agent-ai","sitemap.xml","200","","https://www.enhe-tech.com.cn/en/ai-news/adobe-creative-agent-ai","Adobe Creative Agent and Creative AI Workflows | ENHE AI","1","https://www.enhe-tech.com.cn/en/ai-news/adobe-creative-agent-ai","index, follow","en-US","https://www.enhe-tech.com.cn/ai-news/adobe-creative-agent-ai","https://www.enhe-tech.com.cn/en/ai-news/adobe-creative-agent-ai","https://www.enhe-tech.com.cn/ai-news/adobe-creative-agent-ai","WebSite|Organization|SearchAction|MerchantReturnPolicy|CreativeWork|ContactPoint|BreadcrumbList|ListItem|NewsArticle|WebPage|FAQPage|Question|Answer","YES","text/html; charset=utf-8","False","False","False","False","False","True","False","False","2026-08-10T18:10:13.2707761Z",""
"https://www.enhe-tech.com.cn/ai-news/github-copilot-ai-credits-ai","sitemap.xml","200","","https://www.enhe-tech.com.cn/ai-news/github-copilot-ai-credits-ai","GitHub Copilot用量指标新增AI | 恩禾 ENHE AI","1","https://www.enhe-tech.com.cn/ai-news/github-copilot-ai-credits-ai","index, follow","zh-CN","https://www.enhe-tech.com.cn/ai-news/github-copilot-ai-credits-ai","https://www.enhe-tech.com.cn/en/ai-news/github-copilot-ai-credits-ai","https://www.enhe-tech.com.cn/ai-news/github-copilot-ai-credits-ai","WebSite|Organization|SearchAction|MerchantReturnPolicy|CreativeWork|ContactPoint|BreadcrumbList|ListItem|NewsArticle|WebPage|FAQPage|Question|Answer","YES","text/html; charset=utf-8","False","False","False","False","False","True","False","False","2026-08-10T18:10:14.0720048Z",""
"https://www.enhe-tech.com.cn/en/ai-news/github-copilot-ai-credits-ai","sitemap.xml","200","","https://www.enhe-tech.com.cn/en/ai-news/github-copilot-ai-credits-ai","GitHub Copilot AI Credits Usage Metrics | ENHE AI","1","https://www.enhe-tech.com.cn/en/ai-news/github-copilot-ai-credits-ai","index, follow","en-US","https://www.enhe-tech.com.cn/ai-news/github-copilot-ai-credits-ai","https://www.enhe-tech.com.cn/en/ai-news/github-copilot-ai-credits-ai","https://www.enhe-tech.com.cn/ai-news/github-copilot-ai-credits-ai","WebSite|Organization|SearchAction|MerchantReturnPolicy|CreativeWork|ContactPoint|BreadcrumbList|ListItem|NewsArticle|WebPage|FAQPage|Question|Answer","YES","text/html; charset=utf-8","False","False","False","False","False","True","False","False","2026-08-10T18:10:14.8457853Z",""
"https://www.enhe-tech.com.cn/ai-news/github-agent-finder-ai","sitemap.xml","200","","https://www.enhe-tech.com.cn/ai-news/github-agent-finder-ai","GitHub Agent Finder与AI智能体 | 恩禾 ENHE AI","1","https://www.enhe-tech.com.cn/ai-news/github-agent-finder-ai","index, follow","zh-CN","https://www.enhe-tech.com.cn/ai-news/github-agent-finder-ai","https://www.enhe-tech.com.cn/en/ai-news/github-agent-finder-ai","https://www.enhe-tech.com.cn/ai-news/github-agent-finder-ai","WebSite|Organization|SearchAction|MerchantReturnPolicy|CreativeWork|ContactPoint|BreadcrumbList|ListItem|NewsArticle|WebPage|FAQPage|Question|Answer","YES","text/html; charset=utf-8","False","False","False","False","False","True","False","False","2026-08-10T18:10:15.6524691Z",""
"https://www.enhe-tech.com.cn/en/ai-news/github-agent-finder-ai","sitemap.xml","200","","https://www.enhe-tech.com.cn/en/ai-news/github-agent-finder-ai","GitHub Agent Finder and AI Agent Tool Discovery | ENHE AI","1","https://www.enhe-tech.com.cn/en/ai-news/github-agent-finder-ai","index, follow","en-US","https://www.enhe-tech.com.cn/ai-news/github-agent-finder-ai","https://www.enhe-tech.com.cn/en/ai-news/github-agent-finder-ai","https://www.enhe-tech.com.cn/ai-news/github-agent-finder-ai","WebSite|Organization|SearchAction|MerchantReturnPolicy|CreativeWork|ContactPoint|BreadcrumbList|ListItem|NewsArticle|WebPage|FAQPage|Question|Answer","YES","text/html; charset=utf-8","False","False","False","False","False","True","False","False","2026-08-10T18:10:16.4765878Z",""
"https://www.enhe-tech.com.cn/ai-news/cli-ai-agent","sitemap.xml","200","","https://www.enhe-tech.com.cn/ai-news/cli-ai-agent","阿里云百炼CLI开源：AI Agent工作流新入口 | 恩禾 ENHE AI","1","https://www.enhe-tech.com.cn/ai-news/cli-ai-agent","index, follow","zh-CN","https://www.enhe-tech.com.cn/ai-news/cli-ai-agent","https://www.enhe-tech.com.cn/en/ai-news/cli-ai-agent","https://www.enhe-tech.com.cn/ai-news/cli-ai-agent","WebSite|Organization|SearchAction|MerchantReturnPolicy|CreativeWork|ContactPoint|BreadcrumbList|ListItem|NewsArticle|WebPage|FAQPage|Question|Answer","YES","text/html; charset=utf-8","False","False","False","False","False","True","False","False","2026-08-10T18:10:17.2991690Z",""
"https://www.enhe-tech.com.cn/en/ai-news/cli-ai-agent","sitemap.xml","200","","https://www.enhe-tech.com.cn/en/ai-news/cli-ai-agent","Model Studio CLI for AI Agent Workflows | ENHE AI","1","https://www.enhe-tech.com.cn/en/ai-news/cli-ai-agent","index, follow","en-US","https://www.enhe-tech.com.cn/ai-news/cli-ai-agent","https://www.enhe-tech.com.cn/en/ai-news/cli-ai-agent","https://www.enhe-tech.com.cn/ai-news/cli-ai-agent","WebSite|Organization|SearchAction|MerchantReturnPolicy|CreativeWork|ContactPoint|BreadcrumbList|ListItem|NewsArticle|WebPage|FAQPage|Question|Answer","YES","text/html; charset=utf-8","False","False","False","False","False","True","False","False","2026-08-10T18:10:18.0733511Z",""
"https://www.enhe-tech.com.cn/ai-news/google-deepmind-ai","sitemap.xml","200","","https://www.enhe-tech.com.cn/ai-news/google-deepmind-ai","AI智能体安全：DeepMind控制路线图 | 恩禾 ENHE AI","1","https://www.enhe-tech.com.cn/ai-news/google-deepmind-ai","index, follow","zh-CN","https://www.enhe-tech.com.cn/ai-news/google-deepmind-ai","https://www.enhe-tech.com.cn/en/ai-news/google-deepmind-ai","https://www.enhe-tech.com.cn/ai-news/google-deepmind-ai","WebSite|Organization|SearchAction|MerchantReturnPolicy|CreativeWork|ContactPoint|BreadcrumbList|ListItem|NewsArticle|WebPage|FAQPage|Question|Answer","YES","text/html; charset=utf-8","False","False","False","False","False","True","False","False","2026-08-10T18:10:18.9467369Z",""
"https://www.enhe-tech.com.cn/en/ai-news/google-deepmind-ai","sitemap.xml","200","","https://www.enhe-tech.com.cn/en/ai-news/google-deepmind-ai","AI Agent Security: DeepMind's Control Roadmap | ENHE AI","1","https://www.enhe-tech.com.cn/en/ai-news/google-deepmind-ai","index, follow","en-US","https://www.enhe-tech.com.cn/ai-news/google-deepmind-ai","https://www.enhe-tech.com.cn/en/ai-news/google-deepmind-ai","https://www.enhe-tech.com.cn/ai-news/google-deepmind-ai","WebSite|Organization|SearchAction|MerchantReturnPolicy|CreativeWork|ContactPoint|BreadcrumbList|ListItem|NewsArticle|WebPage|FAQPage|Question|Answer","YES","text/html; charset=utf-8","False","False","False","False","False","True","False","False","2026-08-10T18:10:19.6800539Z",""
"https://www.enhe-tech.com.cn/ai-news/google-a2a-ai","sitemap.xml","200","","https://www.enhe-tech.com.cn/ai-news/google-a2a-ai","Google A2A协议推动AI智能体协作标准化 | 恩禾 ENHE AI","1","https://www.enhe-tech.com.cn/ai-news/google-a2a-ai","index, follow","zh-CN","https://www.enhe-tech.com.cn/ai-news/google-a2a-ai","https://www.enhe-tech.com.cn/en/ai-news/google-a2a-ai","https://www.enhe-tech.com.cn/ai-news/google-a2a-ai","WebSite|Organization|SearchAction|MerchantReturnPolicy|CreativeWork|ContactPoint|BreadcrumbList|ListItem|NewsArticle|WebPage|FAQPage|Question|Answer","YES","text/html; charset=utf-8","False","False","False","False","False","True","False","False","2026-08-10T18:10:20.4484082Z",""
"https://www.enhe-tech.com.cn/en/ai-news/google-a2a-ai","sitemap.xml","200","","https://www.enhe-tech.com.cn/en/ai-news/google-a2a-ai","Google A2A Protocol and AI Agent Collaboration | ENHE AI","1","https://www.enhe-tech.com.cn/en/ai-news/google-a2a-ai","index, follow","en-US","https://www.enhe-tech.com.cn/ai-news/google-a2a-ai","https://www.enhe-tech.com.cn/en/ai-news/google-a2a-ai","https://www.enhe-tech.com.cn/ai-news/google-a2a-ai","WebSite|Organization|SearchAction|MerchantReturnPolicy|CreativeWork|ContactPoint|BreadcrumbList|ListItem|NewsArticle|WebPage|FAQPage|Question|Answer","YES","text/html; charset=utf-8","False","False","False","False","False","True","False","False","2026-08-10T18:10:21.2019221Z",""
"https://www.enhe-tech.com.cn/ai-news/it-6","sitemap.xml","200","","https://www.enhe-tech.com.cn/ai-news/it-6","自主 IT 运维智能体安全试用教程：6 步流程 | 恩禾 ENHE AI","1","https://www.enhe-tech.com.cn/ai-news/it-6","index, follow","zh-CN","https://www.enhe-tech.com.cn/ai-news/it-6","https://www.enhe-tech.com.cn/en/ai-news/it-6","https://www.enhe-tech.com.cn/ai-news/it-6","WebSite|Organization|SearchAction|MerchantReturnPolicy|CreativeWork|ContactPoint|BreadcrumbList|ListItem|NewsArticle|WebPage","YES","text/html; charset=utf-8","False","False","False","False","False","False","False","False","2026-08-10T18:10:21.9720231Z",""
"https://www.enhe-tech.com.cn/en/ai-news/it-6","sitemap.xml","200","","https://www.enhe-tech.com.cn/en/ai-news/it-6","How to Test an Autonomous IT Operations Agent | ENHE AI","1","https://www.enhe-tech.com.cn/en/ai-news/it-6","index, follow","en-US","https://www.enhe-tech.com.cn/ai-news/it-6","https://www.enhe-tech.com.cn/en/ai-news/it-6","https://www.enhe-tech.com.cn/ai-news/it-6","WebSite|Organization|SearchAction|MerchantReturnPolicy|CreativeWork|ContactPoint|BreadcrumbList|ListItem|NewsArticle|WebPage","YES","text/html; charset=utf-8","False","False","False","False","False","False","False","False","2026-08-10T18:10:22.7347168Z",""
"https://www.enhe-tech.com.cn/ai-news/agentic-infra-ai","sitemap.xml","200","","https://www.enhe-tech.com.cn/ai-news/agentic-infra-ai","华为云Agentic Infra | 恩禾 ENHE AI","1","https://www.enhe-tech.com.cn/ai-news/agentic-infra-ai","index, follow","zh-CN","https://www.enhe-tech.com.cn/ai-news/agentic-infra-ai","https://www.enhe-tech.com.cn/en/ai-news/agentic-infra-ai","https://www.enhe-tech.com.cn/ai-news/agentic-infra-ai","WebSite|Organization|SearchAction|MerchantReturnPolicy|CreativeWork|ContactPoint|BreadcrumbList|ListItem|NewsArticle|WebPage|FAQPage|Question|Answer","YES","text/html; charset=utf-8","False","False","False","False","False","True","False","False","2026-08-10T18:10:23.5288290Z",""
"https://www.enhe-tech.com.cn/en/ai-news/agentic-infra-ai","sitemap.xml","200","","https://www.enhe-tech.com.cn/en/ai-news/agentic-infra-ai","Huawei Cloud Agentic Infra for AI Agents | ENHE AI","1","https://www.enhe-tech.com.cn/en/ai-news/agentic-infra-ai","index, follow","en-US","https://www.enhe-tech.com.cn/ai-news/agentic-infra-ai","https://www.enhe-tech.com.cn/en/ai-news/agentic-infra-ai","https://www.enhe-tech.com.cn/ai-news/agentic-infra-ai","WebSite|Organization|SearchAction|MerchantReturnPolicy|CreativeWork|ContactPoint|BreadcrumbList|ListItem|NewsArticle|WebPage|FAQPage|Question|Answer","YES","text/html; charset=utf-8","False","False","False","False","False","True","False","False","2026-08-10T18:10:24.2757887Z",""
"https://www.enhe-tech.com.cn/ai-news/aws-bedrock-agentcore","sitemap.xml","200","","https://www.enhe-tech.com.cn/ai-news/aws-bedrock-agentcore","Amazon Bedrock AgentCore更 | 恩禾 ENHE AI","1","https://www.enhe-tech.com.cn/ai-news/aws-bedrock-agentcore","index, follow","zh-CN","https://www.enhe-tech.com.cn/ai-news/aws-bedrock-agentcore","https://www.enhe-tech.com.cn/en/ai-news/aws-bedrock-agentcore","https://www.enhe-tech.com.cn/ai-news/aws-bedrock-agentcore","WebSite|Organization|SearchAction|MerchantReturnPolicy|CreativeWork|ContactPoint|BreadcrumbList|ListItem|NewsArticle|WebPage|FAQPage|Question|Answer","YES","text/html; charset=utf-8","False","False","False","False","False","True","False","False","2026-08-10T18:10:25.0591485Z",""
"https://www.enhe-tech.com.cn/en/ai-news/aws-bedrock-agentcore","sitemap.xml","200","","https://www.enhe-tech.com.cn/en/ai-news/aws-bedrock-agentcore","Amazon Bedrock AgentCore Update | ENHE AI","1","https://www.enhe-tech.com.cn/en/ai-news/aws-bedrock-agentcore","index, follow","en-US","https://www.enhe-tech.com.cn/ai-news/aws-bedrock-agentcore","https://www.enhe-tech.com.cn/en/ai-news/aws-bedrock-agentcore","https://www.enhe-tech.com.cn/ai-news/aws-bedrock-agentcore","WebSite|Organization|SearchAction|MerchantReturnPolicy|CreativeWork|ContactPoint|BreadcrumbList|ListItem|NewsArticle|WebPage|FAQPage|Question|Answer","YES","text/html; charset=utf-8","False","False","False","False","False","True","False","False","2026-08-10T18:10:25.8216493Z",""
"https://www.enhe-tech.com.cn/ai-news/databricks-genie-one-ai","sitemap.xml","200","","https://www.enhe-tech.com.cn/ai-news/databricks-genie-one-ai","Databricks Genie One | 恩禾 ENHE AI","1","https://www.enhe-tech.com.cn/ai-news/databricks-genie-one-ai","index, follow","zh-CN","https://www.enhe-tech.com.cn/ai-news/databricks-genie-one-ai","https://www.enhe-tech.com.cn/en/ai-news/databricks-genie-one-ai","https://www.enhe-tech.com.cn/ai-news/databricks-genie-one-ai","WebSite|Organization|SearchAction|MerchantReturnPolicy|CreativeWork|ContactPoint|BreadcrumbList|ListItem|NewsArticle|WebPage|FAQPage|Question|Answer","YES","text/html; charset=utf-8","False","False","False","False","False","True","False","False","2026-08-10T18:10:26.6261925Z",""
"https://www.enhe-tech.com.cn/en/ai-news/databricks-genie-one-ai","sitemap.xml","200","","https://www.enhe-tech.com.cn/en/ai-news/databricks-genie-one-ai","Databricks Genie One for Enterprise AI Agents | ENHE AI","1","https://www.enhe-tech.com.cn/en/ai-news/databricks-genie-one-ai","index, follow","en-US","https://www.enhe-tech.com.cn/ai-news/databricks-genie-one-ai","https://www.enhe-tech.com.cn/en/ai-news/databricks-genie-one-ai","https://www.enhe-tech.com.cn/ai-news/databricks-genie-one-ai","WebSite|Organization|SearchAction|MerchantReturnPolicy|CreativeWork|ContactPoint|BreadcrumbList|ListItem|NewsArticle|WebPage|FAQPage|Question|Answer","YES","text/html; charset=utf-8","False","False","False","False","False","True","False","False","2026-08-10T18:10:27.3958375Z",""
"https://www.enhe-tech.com.cn/ai-news/openai-chatgpt-enterprise-ai","sitemap.xml","200","","https://www.enhe-tech.com.cn/ai-news/openai-chatgpt-enterprise-ai","ChatGPT Enterprise支出控制 | 恩禾 ENHE AI","1","https://www.enhe-tech.com.cn/ai-news/openai-chatgpt-enterprise-ai","index, follow","zh-CN","https://www.enhe-tech.com.cn/ai-news/openai-chatgpt-enterprise-ai","https://www.enhe-tech.com.cn/en/ai-news/openai-chatgpt-enterprise-ai","https://www.enhe-tech.com.cn/ai-news/openai-chatgpt-enterprise-ai","WebSite|Organization|SearchAction|MerchantReturnPolicy|CreativeWork|ContactPoint|BreadcrumbList|ListItem|NewsArticle|WebPage|FAQPage|Question|Answer","YES","text/html; charset=utf-8","False","False","False","False","False","True","False","False","2026-08-10T18:10:28.2321248Z",""
"https://www.enhe-tech.com.cn/en/ai-news/openai-chatgpt-enterprise-ai","sitemap.xml","200","","https://www.enhe-tech.com.cn/en/ai-news/openai-chatgpt-enterprise-ai","ChatGPT Enterprise Spend Controls and AI Account | ENHE AI","1","https://www.enhe-tech.com.cn/en/ai-news/openai-chatgpt-enterprise-ai","index, follow","en-US","https://www.enhe-tech.com.cn/ai-news/openai-chatgpt-enterprise-ai","https://www.enhe-tech.com.cn/en/ai-news/openai-chatgpt-enterprise-ai","https://www.enhe-tech.com.cn/ai-news/openai-chatgpt-enterprise-ai","WebSite|Organization|SearchAction|MerchantReturnPolicy|CreativeWork|ContactPoint|BreadcrumbList|ListItem|NewsArticle|WebPage|FAQPage|Question|Answer","YES","text/html; charset=utf-8","False","False","False","False","False","True","False","False","2026-08-10T18:10:28.9800447Z",""
"https://www.enhe-tech.com.cn/ai-news/ibm-power-autonomous-operations-ai","sitemap.xml","200","","https://www.enhe-tech.com.cn/ai-news/ibm-power-autonomous-operations-ai","IBM Power Autonomous | 恩禾 ENHE AI","1","https://www.enhe-tech.com.cn/ai-news/ibm-power-autonomous-operations-ai","index, follow","zh-CN","https://www.enhe-tech.com.cn/ai-news/ibm-power-autonomous-operations-ai","https://www.enhe-tech.com.cn/en/ai-news/ibm-power-autonomous-operations-ai","https://www.enhe-tech.com.cn/ai-news/ibm-power-autonomous-operations-ai","WebSite|Organization|SearchAction|MerchantReturnPolicy|CreativeWork|ContactPoint|BreadcrumbList|ListItem|NewsArticle|WebPage","YES","text/html; charset=utf-8","False","False","False","False","False","False","False","False","2026-08-10T18:10:29.7324064Z",""
"https://www.enhe-tech.com.cn/en/ai-news/ibm-power-autonomous-operations-ai","sitemap.xml","200","","https://www.enhe-tech.com.cn/en/ai-news/ibm-power-autonomous-operations-ai","IBM Power Autonomous Operations Brings AI Agents | ENHE AI","1","https://www.enhe-tech.com.cn/en/ai-news/ibm-power-autonomous-operations-ai","index, follow","en-US","https://www.enhe-tech.com.cn/ai-news/ibm-power-autonomous-operations-ai","https://www.enhe-tech.com.cn/en/ai-news/ibm-power-autonomous-operations-ai","https://www.enhe-tech.com.cn/ai-news/ibm-power-autonomous-operations-ai","WebSite|Organization|SearchAction|MerchantReturnPolicy|CreativeWork|ContactPoint|BreadcrumbList|ListItem|NewsArticle|WebPage","YES","text/html; charset=utf-8","False","False","False","False","False","False","False","False","2026-08-10T18:10:30.4826573Z",""
"https://www.enhe-tech.com.cn/ai-news/paddleocr-3-7-0-ai","sitemap.xml","200","","https://www.enhe-tech.com.cn/ai-news/paddleocr-3-7-0-ai","PaddleOCR本地部署：文档AI工作流更新 | 恩禾 ENHE AI","1","https://www.enhe-tech.com.cn/ai-news/paddleocr-3-7-0-ai","index, follow","zh-CN","https://www.enhe-tech.com.cn/ai-news/paddleocr-3-7-0-ai","https://www.enhe-tech.com.cn/en/ai-news/paddleocr-3-7-0-ai","https://www.enhe-tech.com.cn/ai-news/paddleocr-3-7-0-ai","WebSite|Organization|SearchAction|MerchantReturnPolicy|CreativeWork|ContactPoint|BreadcrumbList|ListItem|NewsArticle|WebPage|FAQPage|Question|Answer","YES","text/html; charset=utf-8","False","False","False","False","False","True","False","False","2026-08-10T18:10:31.3623247Z",""
"https://www.enhe-tech.com.cn/en/ai-news/paddleocr-3-7-0-ai","sitemap.xml","200","","https://www.enhe-tech.com.cn/en/ai-news/paddleocr-3-7-0-ai","PaddleOCR Local Deployment and Document AI | ENHE AI","1","https://www.enhe-tech.com.cn/en/ai-news/paddleocr-3-7-0-ai","index, follow","en-US","https://www.enhe-tech.com.cn/ai-news/paddleocr-3-7-0-ai","https://www.enhe-tech.com.cn/en/ai-news/paddleocr-3-7-0-ai","https://www.enhe-tech.com.cn/ai-news/paddleocr-3-7-0-ai","WebSite|Organization|SearchAction|MerchantReturnPolicy|CreativeWork|ContactPoint|BreadcrumbList|ListItem|NewsArticle|WebPage|FAQPage|Question|Answer","YES","text/html; charset=utf-8","False","False","False","False","False","True","False","False","2026-08-10T18:10:32.1625592Z",""
"https://www.enhe-tech.com.cn/ai-news/github-mcp-mcp","sitemap.xml","200","","https://www.enhe-tech.com.cn/ai-news/github-mcp-mcp","GitHub远程MCP | 恩禾 ENHE AI","1","https://www.enhe-tech.com.cn/ai-news/github-mcp-mcp","index, follow","zh-CN","https://www.enhe-tech.com.cn/ai-news/github-mcp-mcp","https://www.enhe-tech.com.cn/en/ai-news/github-mcp-mcp","https://www.enhe-tech.com.cn/ai-news/github-mcp-mcp","WebSite|Organization|SearchAction|MerchantReturnPolicy|CreativeWork|ContactPoint|BreadcrumbList|ListItem|NewsArticle|WebPage","YES","text/html; charset=utf-8","False","False","False","False","False","False","False","False","2026-08-10T18:10:32.9381151Z",""
"https://www.enhe-tech.com.cn/en/ai-news/github-mcp-mcp","sitemap.xml","200","","https://www.enhe-tech.com.cn/en/ai-news/github-mcp-mcp","GitHub Remote vs Local vs Self-Hosted MCP | ENHE AI","1","https://www.enhe-tech.com.cn/en/ai-news/github-mcp-mcp","index, follow","en-US","https://www.enhe-tech.com.cn/ai-news/github-mcp-mcp","https://www.enhe-tech.com.cn/en/ai-news/github-mcp-mcp","https://www.enhe-tech.com.cn/ai-news/github-mcp-mcp","WebSite|Organization|SearchAction|MerchantReturnPolicy|CreativeWork|ContactPoint|BreadcrumbList|ListItem|NewsArticle|WebPage","YES","text/html; charset=utf-8","False","False","False","False","False","False","False","False","2026-08-10T18:10:33.6917718Z",""
"https://www.enhe-tech.com.cn/ai-news/deepmind-ai","sitemap.xml","200","","https://www.enhe-tech.com.cn/ai-news/deepmind-ai","AI智能体安全路线图：DeepMind给出控权思路 | 恩禾 ENHE AI","1","https://www.enhe-tech.com.cn/ai-news/deepmind-ai","index, follow","zh-CN","https://www.enhe-tech.com.cn/ai-news/deepmind-ai","https://www.enhe-tech.com.cn/en/ai-news/deepmind-ai","https://www.enhe-tech.com.cn/ai-news/deepmind-ai","WebSite|Organization|SearchAction|MerchantReturnPolicy|CreativeWork|ContactPoint|BreadcrumbList|ListItem|NewsArticle|WebPage|FAQPage|Question|Answer","YES","text/html; charset=utf-8","False","False","False","False","False","True","False","False","2026-08-10T18:10:34.4726647Z",""
"https://www.enhe-tech.com.cn/en/ai-news/deepmind-ai","sitemap.xml","200","","https://www.enhe-tech.com.cn/en/ai-news/deepmind-ai","AI Agent Security Roadmap | ENHE AI","1","https://www.enhe-tech.com.cn/en/ai-news/deepmind-ai","index, follow","en-US","https://www.enhe-tech.com.cn/ai-news/deepmind-ai","https://www.enhe-tech.com.cn/en/ai-news/deepmind-ai","https://www.enhe-tech.com.cn/ai-news/deepmind-ai","WebSite|Organization|SearchAction|MerchantReturnPolicy|CreativeWork|ContactPoint|BreadcrumbList|ListItem|NewsArticle|WebPage|FAQPage|Question|Answer","YES","text/html; charset=utf-8","False","False","False","False","False","True","False","False","2026-08-10T18:10:35.2003012Z",""
"https://www.enhe-tech.com.cn/ai-news/qwen-code-agent-team","sitemap.xml","200","","https://www.enhe-tech.com.cn/ai-news/qwen-code-agent-team","Qwen Code Agent Team | 恩禾 ENHE AI","1","https://www.enhe-tech.com.cn/ai-news/qwen-code-agent-team","index, follow","zh-CN","https://www.enhe-tech.com.cn/ai-news/qwen-code-agent-team","https://www.enhe-tech.com.cn/en/ai-news/qwen-code-agent-team","https://www.enhe-tech.com.cn/ai-news/qwen-code-agent-team","WebSite|Organization|SearchAction|MerchantReturnPolicy|CreativeWork|ContactPoint|BreadcrumbList|ListItem|NewsArticle|WebPage|FAQPage|Question|Answer","YES","text/html; charset=utf-8","False","False","False","False","False","True","False","False","2026-08-10T18:10:35.9281846Z",""
"https://www.enhe-tech.com.cn/en/ai-news/qwen-code-agent-team","sitemap.xml","200","","https://www.enhe-tech.com.cn/en/ai-news/qwen-code-agent-team","Qwen Code Agent Team for AI Coding Workflows | ENHE AI","1","https://www.enhe-tech.com.cn/en/ai-news/qwen-code-agent-team","index, follow","en-US","https://www.enhe-tech.com.cn/ai-news/qwen-code-agent-team","https://www.enhe-tech.com.cn/en/ai-news/qwen-code-agent-team","https://www.enhe-tech.com.cn/ai-news/qwen-code-agent-team","WebSite|Organization|SearchAction|MerchantReturnPolicy|CreativeWork|ContactPoint|BreadcrumbList|ListItem|NewsArticle|WebPage|FAQPage|Question|Answer","YES","text/html; charset=utf-8","False","False","False","False","False","True","False","False","2026-08-10T18:10:36.6916268Z",""
"https://www.enhe-tech.com.cn/ai-news/cloudflare-agent-readiness-aeo-ai","sitemap.xml","200","","https://www.enhe-tech.com.cn/ai-news/cloudflare-agent-readiness-aeo-ai","Cloudflare Agent | 恩禾 ENHE AI","1","https://www.enhe-tech.com.cn/ai-news/cloudflare-agent-readiness-aeo-ai","index, follow","zh-CN","https://www.enhe-tech.com.cn/ai-news/cloudflare-agent-readiness-aeo-ai","https://www.enhe-tech.com.cn/en/ai-news/cloudflare-agent-readiness-aeo-ai","https://www.enhe-tech.com.cn/ai-news/cloudflare-agent-readiness-aeo-ai","WebSite|Organization|SearchAction|MerchantReturnPolicy|CreativeWork|ContactPoint|BreadcrumbList|ListItem|NewsArticle|WebPage","YES","text/html; charset=utf-8","False","False","False","False","False","False","False","False","2026-08-10T18:10:37.4596175Z",""
"https://www.enhe-tech.com.cn/en/ai-news/cloudflare-agent-readiness-aeo-ai","sitemap.xml","200","","https://www.enhe-tech.com.cn/en/ai-news/cloudflare-agent-readiness-aeo-ai","Cloudflare Agent Readiness and AEO | ENHE AI","1","https://www.enhe-tech.com.cn/en/ai-news/cloudflare-agent-readiness-aeo-ai","index, follow","en-US","https://www.enhe-tech.com.cn/ai-news/cloudflare-agent-readiness-aeo-ai","https://www.enhe-tech.com.cn/en/ai-news/cloudflare-agent-readiness-aeo-ai","https://www.enhe-tech.com.cn/ai-news/cloudflare-agent-readiness-aeo-ai","WebSite|Organization|SearchAction|MerchantReturnPolicy|CreativeWork|ContactPoint|BreadcrumbList|ListItem|NewsArticle|WebPage","YES","text/html; charset=utf-8","False","False","False","False","False","False","False","False","2026-08-10T18:10:38.2472048Z",""
"https://www.enhe-tech.com.cn/ai-news/jetbrains-junie-beta-ai","sitemap.xml","200","","https://www.enhe-tech.com.cn/ai-news/jetbrains-junie-beta-ai","JetBrains Junie脱离Beta | 恩禾 ENHE AI","1","https://www.enhe-tech.com.cn/ai-news/jetbrains-junie-beta-ai","index, follow","zh-CN","https://www.enhe-tech.com.cn/ai-news/jetbrains-junie-beta-ai","https://www.enhe-tech.com.cn/en/ai-news/jetbrains-junie-beta-ai","https://www.enhe-tech.com.cn/ai-news/jetbrains-junie-beta-ai","WebSite|Organization|SearchAction|MerchantReturnPolicy|CreativeWork|ContactPoint|BreadcrumbList|ListItem|NewsArticle|WebPage|FAQPage|Question|Answer","YES","text/html; charset=utf-8","False","False","False","False","False","True","False","False","2026-08-10T18:10:39.0193077Z",""
"https://www.enhe-tech.com.cn/en/ai-news/jetbrains-junie-beta-ai","sitemap.xml","200","","https://www.enhe-tech.com.cn/en/ai-news/jetbrains-junie-beta-ai","JetBrains Junie AI Coding Agent Leaves Beta | ENHE AI","1","https://www.enhe-tech.com.cn/en/ai-news/jetbrains-junie-beta-ai","index, follow","en-US","https://www.enhe-tech.com.cn/ai-news/jetbrains-junie-beta-ai","https://www.enhe-tech.com.cn/en/ai-news/jetbrains-junie-beta-ai","https://www.enhe-tech.com.cn/ai-news/jetbrains-junie-beta-ai","WebSite|Organization|SearchAction|MerchantReturnPolicy|CreativeWork|ContactPoint|BreadcrumbList|ListItem|NewsArticle|WebPage|FAQPage|Question|Answer","YES","text/html; charset=utf-8","False","False","False","False","False","True","False","False","2026-08-10T18:10:39.7745439Z",""
"https://www.enhe-tech.com.cn/ai-news/github-mcp-server-initialize-6","sitemap.xml","200","","https://www.enhe-tech.com.cn/ai-news/github-mcp-server-initialize-6","GitHub MCP Server下一版规范升级教 | 恩禾 ENHE AI","1","https://www.enhe-tech.com.cn/ai-news/github-mcp-server-initialize-6","index, follow","zh-CN","https://www.enhe-tech.com.cn/ai-news/github-mcp-server-initialize-6","https://www.enhe-tech.com.cn/en/ai-news/github-mcp-server-initialize-6","https://www.enhe-tech.com.cn/ai-news/github-mcp-server-initialize-6","WebSite|Organization|SearchAction|MerchantReturnPolicy|CreativeWork|ContactPoint|BreadcrumbList|ListItem|NewsArticle|WebPage","YES","text/html; charset=utf-8","False","False","False","False","False","False","False","False","2026-08-10T18:10:40.5324676Z",""
"https://www.enhe-tech.com.cn/en/ai-news/github-mcp-server-initialize-6","sitemap.xml","200","","https://www.enhe-tech.com.cn/en/ai-news/github-mcp-server-initialize-6","Six Steps to Test GitHub MCP Server Next-Spec | ENHE AI","1","https://www.enhe-tech.com.cn/en/ai-news/github-mcp-server-initialize-6","index, follow","en-US","https://www.enhe-tech.com.cn/ai-news/github-mcp-server-initialize-6","https://www.enhe-tech.com.cn/en/ai-news/github-mcp-server-initialize-6","https://www.enhe-tech.com.cn/ai-news/github-mcp-server-initialize-6","WebSite|Organization|SearchAction|MerchantReturnPolicy|CreativeWork|ContactPoint|BreadcrumbList|ListItem|NewsArticle|WebPage","YES","text/html; charset=utf-8","False","False","False","False","False","False","False","False","2026-08-10T18:10:41.3311793Z",""
"https://www.enhe-tech.com.cn/ai-news/claude-code-artifacts-ai","sitemap.xml","200","","https://www.enhe-tech.com.cn/ai-news/claude-code-artifacts-ai","Claude Code Artifacts | 恩禾 ENHE AI","1","https://www.enhe-tech.com.cn/ai-news/claude-code-artifacts-ai","index, follow","zh-CN","https://www.enhe-tech.com.cn/ai-news/claude-code-artifacts-ai","https://www.enhe-tech.com.cn/en/ai-news/claude-code-artifacts-ai","https://www.enhe-tech.com.cn/ai-news/claude-code-artifacts-ai","WebSite|Organization|SearchAction|MerchantReturnPolicy|CreativeWork|ContactPoint|BreadcrumbList|ListItem|NewsArticle|WebPage|FAQPage|Question|Answer","YES","text/html; charset=utf-8","False","False","False","False","False","True","False","False","2026-08-10T18:10:42.0797637Z",""
"https://www.enhe-tech.com.cn/en/ai-news/claude-code-artifacts-ai","sitemap.xml","200","","https://www.enhe-tech.com.cn/en/ai-news/claude-code-artifacts-ai","Claude Code Artifacts and AI Coding Workflow | ENHE AI","1","https://www.enhe-tech.com.cn/en/ai-news/claude-code-artifacts-ai","index, follow","en-US","https://www.enhe-tech.com.cn/ai-news/claude-code-artifacts-ai","https://www.enhe-tech.com.cn/en/ai-news/claude-code-artifacts-ai","https://www.enhe-tech.com.cn/ai-news/claude-code-artifacts-ai","WebSite|Organization|SearchAction|MerchantReturnPolicy|CreativeWork|ContactPoint|BreadcrumbList|ListItem|NewsArticle|WebPage|FAQPage|Question|Answer","YES","text/html; charset=utf-8","False","False","False","False","False","True","False","False","2026-08-10T18:10:42.8165104Z",""
"https://www.enhe-tech.com.cn/ai-news/google-cloud-dict-ai","sitemap.xml","200","","https://www.enhe-tech.com.cn/ai-news/google-cloud-dict-ai","公共部门AI智能体落地 | 恩禾 ENHE AI","1","https://www.enhe-tech.com.cn/ai-news/google-cloud-dict-ai","index, follow","zh-CN","https://www.enhe-tech.com.cn/ai-news/google-cloud-dict-ai","https://www.enhe-tech.com.cn/en/ai-news/google-cloud-dict-ai","https://www.enhe-tech.com.cn/ai-news/google-cloud-dict-ai","WebSite|Organization|SearchAction|MerchantReturnPolicy|CreativeWork|ContactPoint|BreadcrumbList|ListItem|NewsArticle|WebPage|FAQPage|Question|Answer","YES","text/html; charset=utf-8","False","False","False","False","False","True","False","False","2026-08-10T18:10:43.6525403Z",""
"https://www.enhe-tech.com.cn/en/ai-news/google-cloud-dict-ai","sitemap.xml","200","","https://www.enhe-tech.com.cn/en/ai-news/google-cloud-dict-ai","Public Sector AI Agents | ENHE AI","1","https://www.enhe-tech.com.cn/en/ai-news/google-cloud-dict-ai","index, follow","en-US","https://www.enhe-tech.com.cn/ai-news/google-cloud-dict-ai","https://www.enhe-tech.com.cn/en/ai-news/google-cloud-dict-ai","https://www.enhe-tech.com.cn/ai-news/google-cloud-dict-ai","WebSite|Organization|SearchAction|MerchantReturnPolicy|CreativeWork|ContactPoint|BreadcrumbList|ListItem|NewsArticle|WebPage|FAQPage|Question|Answer","YES","text/html; charset=utf-8","False","False","False","False","False","True","False","False","2026-08-10T18:10:44.4845053Z",""
"https://www.enhe-tech.com.cn/ai-news/skill-ai","sitemap.xml","200","","https://www.enhe-tech.com.cn/ai-news/skill-ai","阿里云短信服务Skill：AI智能体进入短信运营 | 恩禾 ENHE AI","1","https://www.enhe-tech.com.cn/ai-news/skill-ai","index, follow","zh-CN","https://www.enhe-tech.com.cn/ai-news/skill-ai","https://www.enhe-tech.com.cn/en/ai-news/skill-ai","https://www.enhe-tech.com.cn/ai-news/skill-ai","WebSite|Organization|SearchAction|MerchantReturnPolicy|CreativeWork|ContactPoint|BreadcrumbList|ListItem|NewsArticle|WebPage|FAQPage|Question|Answer","YES","text/html; charset=utf-8","False","False","False","False","False","True","False","False","2026-08-10T18:10:45.2297377Z",""
"https://www.enhe-tech.com.cn/en/ai-news/skill-ai","sitemap.xml","200","","https://www.enhe-tech.com.cn/en/ai-news/skill-ai","Alibaba Cloud SMS Skill and AI Agent Workflow | ENHE AI","1","https://www.enhe-tech.com.cn/en/ai-news/skill-ai","index, follow","en-US","https://www.enhe-tech.com.cn/ai-news/skill-ai","https://www.enhe-tech.com.cn/en/ai-news/skill-ai","https://www.enhe-tech.com.cn/ai-news/skill-ai","WebSite|Organization|SearchAction|MerchantReturnPolicy|CreativeWork|ContactPoint|BreadcrumbList|ListItem|NewsArticle|WebPage|FAQPage|Question|Answer","YES","text/html; charset=utf-8","False","False","False","False","False","True","False","False","2026-08-10T18:10:45.9826986Z",""
"https://www.enhe-tech.com.cn/ai-news/openai-astra","sitemap.xml","200","","https://www.enhe-tech.com.cn/ai-news/openai-astra","OpenAI Astra网络安全评估 | 恩禾 ENHE AI","1","https://www.enhe-tech.com.cn/ai-news/openai-astra","index, follow","zh-CN","https://www.enhe-tech.com.cn/ai-news/openai-astra","https://www.enhe-tech.com.cn/en/ai-news/openai-astra","https://www.enhe-tech.com.cn/ai-news/openai-astra","WebSite|Organization|SearchAction|MerchantReturnPolicy|CreativeWork|ContactPoint|BreadcrumbList|ListItem|NewsArticle|WebPage","YES","text/html; charset=utf-8","False","False","False","False","False","False","False","False","2026-08-10T18:10:46.7741777Z",""
"https://www.enhe-tech.com.cn/en/ai-news/openai-astra","sitemap.xml","200","","https://www.enhe-tech.com.cn/en/ai-news/openai-astra","OpenAI Astra Cyber Evaluation | ENHE AI","1","https://www.enhe-tech.com.cn/en/ai-news/openai-astra","index, follow","en-US","https://www.enhe-tech.com.cn/ai-news/openai-astra","https://www.enhe-tech.com.cn/en/ai-news/openai-astra","https://www.enhe-tech.com.cn/ai-news/openai-astra","WebSite|Organization|SearchAction|MerchantReturnPolicy|CreativeWork|ContactPoint|BreadcrumbList|ListItem|NewsArticle|WebPage","YES","text/html; charset=utf-8","False","False","False","False","False","False","False","False","2026-08-10T18:10:47.5466105Z",""
"https://www.enhe-tech.com.cn/ai-news/loongsuite-pilot-coding-agent","sitemap.xml","200","","https://www.enhe-tech.com.cn/ai-news/loongsuite-pilot-coding-agent","LoongSuite Pilot | 恩禾 ENHE AI","1","https://www.enhe-tech.com.cn/ai-news/loongsuite-pilot-coding-agent","index, follow","zh-CN","https://www.enhe-tech.com.cn/ai-news/loongsuite-pilot-coding-agent","https://www.enhe-tech.com.cn/en/ai-news/loongsuite-pilot-coding-agent","https://www.enhe-tech.com.cn/ai-news/loongsuite-pilot-coding-agent","WebSite|Organization|SearchAction|MerchantReturnPolicy|CreativeWork|ContactPoint|BreadcrumbList|ListItem|NewsArticle|WebPage|FAQPage|Question|Answer","YES","text/html; charset=utf-8","False","False","False","False","False","True","False","False","2026-08-10T18:10:48.3433744Z",""
"https://www.enhe-tech.com.cn/en/ai-news/loongsuite-pilot-coding-agent","sitemap.xml","200","","https://www.enhe-tech.com.cn/en/ai-news/loongsuite-pilot-coding-agent","LoongSuite Pilot for Coding Agent Observability | ENHE AI","1","https://www.enhe-tech.com.cn/en/ai-news/loongsuite-pilot-coding-agent","index, follow","en-US","https://www.enhe-tech.com.cn/ai-news/loongsuite-pilot-coding-agent","https://www.enhe-tech.com.cn/en/ai-news/loongsuite-pilot-coding-agent","https://www.enhe-tech.com.cn/ai-news/loongsuite-pilot-coding-agent","WebSite|Organization|SearchAction|MerchantReturnPolicy|CreativeWork|ContactPoint|BreadcrumbList|ListItem|NewsArticle|WebPage|FAQPage|Question|Answer","YES","text/html; charset=utf-8","False","False","False","False","False","True","False","False","2026-08-10T18:10:49.1427459Z",""
"https://www.enhe-tech.com.cn/ai-news/openai-patch-the-planet-ai","sitemap.xml","200","","https://www.enhe-tech.com.cn/ai-news/openai-patch-the-planet-ai","OpenAI Patch the Planet | 恩禾 ENHE AI","1","https://www.enhe-tech.com.cn/ai-news/openai-patch-the-planet-ai","index, follow","zh-CN","https://www.enhe-tech.com.cn/ai-news/openai-patch-the-planet-ai","https://www.enhe-tech.com.cn/en/ai-news/openai-patch-the-planet-ai","https://www.enhe-tech.com.cn/ai-news/openai-patch-the-planet-ai","WebSite|Organization|SearchAction|MerchantReturnPolicy|CreativeWork|ContactPoint|BreadcrumbList|ListItem|NewsArticle|WebPage|FAQPage|Question|Answer","YES","text/html; charset=utf-8","False","False","False","False","False","True","False","False","2026-08-10T18:10:49.9356224Z",""
"https://www.enhe-tech.com.cn/en/ai-news/openai-patch-the-planet-ai","sitemap.xml","200","","https://www.enhe-tech.com.cn/en/ai-news/openai-patch-the-planet-ai","OpenAI Patch the Planet | ENHE AI","1","https://www.enhe-tech.com.cn/en/ai-news/openai-patch-the-planet-ai","index, follow","en-US","https://www.enhe-tech.com.cn/ai-news/openai-patch-the-planet-ai","https://www.enhe-tech.com.cn/en/ai-news/openai-patch-the-planet-ai","https://www.enhe-tech.com.cn/ai-news/openai-patch-the-planet-ai","WebSite|Organization|SearchAction|MerchantReturnPolicy|CreativeWork|ContactPoint|BreadcrumbList|ListItem|NewsArticle|WebPage|FAQPage|Question|Answer","YES","text/html; charset=utf-8","False","False","False","False","False","True","False","False","2026-08-10T18:10:50.7128486Z",""
"https://www.enhe-tech.com.cn/ai-news/copilot-review-6","sitemap.xml","200","","https://www.enhe-tech.com.cn/ai-news/copilot-review-6","Copilot安全审查怎么试用 | 恩禾 ENHE AI","1","https://www.enhe-tech.com.cn/ai-news/copilot-review-6","index, follow","zh-CN","https://www.enhe-tech.com.cn/ai-news/copilot-review-6","https://www.enhe-tech.com.cn/en/ai-news/copilot-review-6","https://www.enhe-tech.com.cn/ai-news/copilot-review-6","WebSite|Organization|SearchAction|MerchantReturnPolicy|CreativeWork|ContactPoint|BreadcrumbList|ListItem|NewsArticle|WebPage","YES","text/html; charset=utf-8","False","False","False","False","False","False","False","False","2026-08-10T18:10:51.4773974Z",""
"https://www.enhe-tech.com.cn/en/ai-news/copilot-review-6","sitemap.xml","200","","https://www.enhe-tech.com.cn/en/ai-news/copilot-review-6","How to Test Copilot Security Review Safely | ENHE AI","1","https://www.enhe-tech.com.cn/en/ai-news/copilot-review-6","index, follow","en-US","https://www.enhe-tech.com.cn/ai-news/copilot-review-6","https://www.enhe-tech.com.cn/en/ai-news/copilot-review-6","https://www.enhe-tech.com.cn/ai-news/copilot-review-6","WebSite|Organization|SearchAction|MerchantReturnPolicy|CreativeWork|ContactPoint|BreadcrumbList|ListItem|NewsArticle|WebPage","YES","text/html; charset=utf-8","False","False","False","False","False","False","False","False","2026-08-10T18:10:52.2837825Z",""
"https://www.enhe-tech.com.cn/ai-news/aidbs-agent-ready","sitemap.xml","200","","https://www.enhe-tech.com.cn/ai-news/aidbs-agent-ready","阿里云AIDBS：Agent Ready数据库新趋 | 恩禾 ENHE AI","1","https://www.enhe-tech.com.cn/ai-news/aidbs-agent-ready","index, follow","zh-CN","https://www.enhe-tech.com.cn/ai-news/aidbs-agent-ready","https://www.enhe-tech.com.cn/en/ai-news/aidbs-agent-ready","https://www.enhe-tech.com.cn/ai-news/aidbs-agent-ready","WebSite|Organization|SearchAction|MerchantReturnPolicy|CreativeWork|ContactPoint|BreadcrumbList|ListItem|NewsArticle|WebPage|FAQPage|Question|Answer","YES","text/html; charset=utf-8","False","False","False","False","False","True","False","False","2026-08-10T18:10:53.1271679Z",""
"https://www.enhe-tech.com.cn/en/ai-news/aidbs-agent-ready","sitemap.xml","200","","https://www.enhe-tech.com.cn/en/ai-news/aidbs-agent-ready","Alibaba Cloud AIDBS and Agent-Ready Databases | ENHE AI","1","https://www.enhe-tech.com.cn/en/ai-news/aidbs-agent-ready","index, follow","en-US","https://www.enhe-tech.com.cn/ai-news/aidbs-agent-ready","https://www.enhe-tech.com.cn/en/ai-news/aidbs-agent-ready","https://www.enhe-tech.com.cn/ai-news/aidbs-agent-ready","WebSite|Organization|SearchAction|MerchantReturnPolicy|CreativeWork|ContactPoint|BreadcrumbList|ListItem|NewsArticle|WebPage|FAQPage|Question|Answer","YES","text/html; charset=utf-8","False","False","False","False","False","True","False","False","2026-08-10T18:10:53.8965680Z",""
"https://www.enhe-tech.com.cn/ai-news/anolisa-ai","sitemap.xml","200","","https://www.enhe-tech.com.cn/ai-news/anolisa-ai","ANOLISA Agentic OS | 恩禾 ENHE AI","1","https://www.enhe-tech.com.cn/ai-news/anolisa-ai","index, follow","zh-CN","https://www.enhe-tech.com.cn/ai-news/anolisa-ai","https://www.enhe-tech.com.cn/en/ai-news/anolisa-ai","https://www.enhe-tech.com.cn/ai-news/anolisa-ai","WebSite|Organization|SearchAction|MerchantReturnPolicy|CreativeWork|ContactPoint|BreadcrumbList|ListItem|NewsArticle|WebPage|FAQPage|Question|Answer","YES","text/html; charset=utf-8","False","False","False","False","False","True","False","False","2026-08-10T18:10:54.6869290Z",""
"https://www.enhe-tech.com.cn/en/ai-news/anolisa-ai","sitemap.xml","200","","https://www.enhe-tech.com.cn/en/ai-news/anolisa-ai","ANOLISA Agentic OS for AI agent deployment | ENHE AI","1","https://www.enhe-tech.com.cn/en/ai-news/anolisa-ai","index, follow","en-US","https://www.enhe-tech.com.cn/ai-news/anolisa-ai","https://www.enhe-tech.com.cn/en/ai-news/anolisa-ai","https://www.enhe-tech.com.cn/ai-news/anolisa-ai","WebSite|Organization|SearchAction|MerchantReturnPolicy|CreativeWork|ContactPoint|BreadcrumbList|ListItem|NewsArticle|WebPage|FAQPage|Question|Answer","YES","text/html; charset=utf-8","False","False","False","False","False","True","False","False","2026-08-10T18:10:55.5128238Z",""
"https://www.enhe-tech.com.cn/ai-news/google-cloud-agent-platform","sitemap.xml","200","","https://www.enhe-tech.com.cn/ai-news/google-cloud-agent-platform","Agent Platform AI安全发现正式可用 | 恩禾 ENHE AI","1","https://www.enhe-tech.com.cn/ai-news/google-cloud-agent-platform","index, follow","zh-CN","https://www.enhe-tech.com.cn/ai-news/google-cloud-agent-platform","https://www.enhe-tech.com.cn/en/ai-news/google-cloud-agent-platform","https://www.enhe-tech.com.cn/ai-news/google-cloud-agent-platform","WebSite|Organization|SearchAction|MerchantReturnPolicy|CreativeWork|ContactPoint|BreadcrumbList|ListItem|NewsArticle|WebPage|FAQPage|Question|Answer","YES","text/html; charset=utf-8","False","False","False","False","False","True","False","False","2026-08-10T18:10:56.2796354Z",""
"https://www.enhe-tech.com.cn/en/ai-news/google-cloud-agent-platform","sitemap.xml","200","","https://www.enhe-tech.com.cn/en/ai-news/google-cloud-agent-platform","Agent Platform AI Security Findings Are | ENHE AI","1","https://www.enhe-tech.com.cn/en/ai-news/google-cloud-agent-platform","index, follow","en-US","https://www.enhe-tech.com.cn/ai-news/google-cloud-agent-platform","https://www.enhe-tech.com.cn/en/ai-news/google-cloud-agent-platform","https://www.enhe-tech.com.cn/ai-news/google-cloud-agent-platform","WebSite|Organization|SearchAction|MerchantReturnPolicy|CreativeWork|ContactPoint|BreadcrumbList|ListItem|NewsArticle|WebPage|FAQPage|Question|Answer","YES","text/html; charset=utf-8","False","False","False","False","False","True","False","False","2026-08-10T18:10:57.1028386Z",""
"https://www.enhe-tech.com.cn/ai-news/claude-tag-ai-slack","sitemap.xml","200","","https://www.enhe-tech.com.cn/ai-news/claude-tag-ai-slack","Claude Tag发布 | 恩禾 ENHE AI","1","https://www.enhe-tech.com.cn/ai-news/claude-tag-ai-slack","index, follow","zh-CN","https://www.enhe-tech.com.cn/ai-news/claude-tag-ai-slack","https://www.enhe-tech.com.cn/en/ai-news/claude-tag-ai-slack","https://www.enhe-tech.com.cn/ai-news/claude-tag-ai-slack","WebSite|Organization|SearchAction|MerchantReturnPolicy|CreativeWork|ContactPoint|BreadcrumbList|ListItem|NewsArticle|WebPage|FAQPage|Question|Answer","YES","text/html; charset=utf-8","False","False","False","False","False","True","False","False","2026-08-10T18:10:57.8537298Z",""
"https://www.enhe-tech.com.cn/en/ai-news/claude-tag-ai-slack","sitemap.xml","200","","https://www.enhe-tech.com.cn/en/ai-news/claude-tag-ai-slack","Claude Tag: Slack AI Agent Workflow Explained | ENHE AI","1","https://www.enhe-tech.com.cn/en/ai-news/claude-tag-ai-slack","index, follow","en-US","https://www.enhe-tech.com.cn/ai-news/claude-tag-ai-slack","https://www.enhe-tech.com.cn/en/ai-news/claude-tag-ai-slack","https://www.enhe-tech.com.cn/ai-news/claude-tag-ai-slack","WebSite|Organization|SearchAction|MerchantReturnPolicy|CreativeWork|ContactPoint|BreadcrumbList|ListItem|NewsArticle|WebPage|FAQPage|Question|Answer","YES","text/html; charset=utf-8","False","False","False","False","False","True","False","False","2026-08-10T18:10:58.5971033Z",""
"https://www.enhe-tech.com.cn/ai-news/nvidia-agent-toolkit-ai","sitemap.xml","200","","https://www.enhe-tech.com.cn/ai-news/nvidia-agent-toolkit-ai","NVIDIA Agent Toolkit与AI智能 | 恩禾 ENHE AI","1","https://www.enhe-tech.com.cn/ai-news/nvidia-agent-toolkit-ai","index, follow","zh-CN","https://www.enhe-tech.com.cn/ai-news/nvidia-agent-toolkit-ai","https://www.enhe-tech.com.cn/en/ai-news/nvidia-agent-toolkit-ai","https://www.enhe-tech.com.cn/ai-news/nvidia-agent-toolkit-ai","WebSite|Organization|SearchAction|MerchantReturnPolicy|CreativeWork|ContactPoint|BreadcrumbList|ListItem|NewsArticle|WebPage|FAQPage|Question|Answer","YES","text/html; charset=utf-8","False","False","False","False","False","True","False","False","2026-08-10T18:10:59.3980291Z",""
"https://www.enhe-tech.com.cn/en/ai-news/nvidia-agent-toolkit-ai","sitemap.xml","200","","https://www.enhe-tech.com.cn/en/ai-news/nvidia-agent-toolkit-ai","NVIDIA Agent Toolkit and Secure Runtime for AI | ENHE AI","1","https://www.enhe-tech.com.cn/en/ai-news/nvidia-agent-toolkit-ai","index, follow","en-US","https://www.enhe-tech.com.cn/ai-news/nvidia-agent-toolkit-ai","https://www.enhe-tech.com.cn/en/ai-news/nvidia-agent-toolkit-ai","https://www.enhe-tech.com.cn/ai-news/nvidia-agent-toolkit-ai","WebSite|Organization|SearchAction|MerchantReturnPolicy|CreativeWork|ContactPoint|BreadcrumbList|ListItem|NewsArticle|WebPage|FAQPage|Question|Answer","YES","text/html; charset=utf-8","False","False","False","False","False","True","False","False","2026-08-10T18:11:00.2563065Z",""
"https://www.enhe-tech.com.cn/ai-news/m-files-custom-agents-ai","sitemap.xml","200","","https://www.enhe-tech.com.cn/ai-news/m-files-custom-agents-ai","M-Files Custom Agents | 恩禾 ENHE AI","1","https://www.enhe-tech.com.cn/ai-news/m-files-custom-agents-ai","index, follow","zh-CN","https://www.enhe-tech.com.cn/ai-news/m-files-custom-agents-ai","https://www.enhe-tech.com.cn/en/ai-news/m-files-custom-agents-ai","https://www.enhe-tech.com.cn/ai-news/m-files-custom-agents-ai","WebSite|Organization|SearchAction|MerchantReturnPolicy|CreativeWork|ContactPoint|BreadcrumbList|ListItem|NewsArticle|WebPage|FAQPage|Question|Answer","YES","text/html; charset=utf-8","False","False","False","False","False","True","False","False","2026-08-10T18:11:01.0180604Z",""
"https://www.enhe-tech.com.cn/en/ai-news/m-files-custom-agents-ai","sitemap.xml","200","","https://www.enhe-tech.com.cn/en/ai-news/m-files-custom-agents-ai","M-Files Custom Agents for Document AI Workflows | ENHE AI","1","https://www.enhe-tech.com.cn/en/ai-news/m-files-custom-agents-ai","index, follow","en-US","https://www.enhe-tech.com.cn/ai-news/m-files-custom-agents-ai","https://www.enhe-tech.com.cn/en/ai-news/m-files-custom-agents-ai","https://www.enhe-tech.com.cn/ai-news/m-files-custom-agents-ai","WebSite|Organization|SearchAction|MerchantReturnPolicy|CreativeWork|ContactPoint|BreadcrumbList|ListItem|NewsArticle|WebPage|FAQPage|Question|Answer","YES","text/html; charset=utf-8","False","False","False","False","False","True","False","False","2026-08-10T18:11:01.7732220Z",""
"https://www.enhe-tech.com.cn/ai-news/qwen-code-ai-cli","sitemap.xml","200","","https://www.enhe-tech.com.cn/ai-news/qwen-code-ai-cli","Qwen Code AI智能体团队更新解读 | 恩禾 ENHE AI","1","https://www.enhe-tech.com.cn/ai-news/qwen-code-ai-cli","index, follow","zh-CN","https://www.enhe-tech.com.cn/ai-news/qwen-code-ai-cli","https://www.enhe-tech.com.cn/en/ai-news/qwen-code-ai-cli","https://www.enhe-tech.com.cn/ai-news/qwen-code-ai-cli","WebSite|Organization|SearchAction|MerchantReturnPolicy|CreativeWork|ContactPoint|BreadcrumbList|ListItem|NewsArticle|WebPage|FAQPage|Question|Answer","YES","text/html; charset=utf-8","False","False","False","False","False","True","False","False","2026-08-10T18:11:02.5518255Z",""
"https://www.enhe-tech.com.cn/en/ai-news/qwen-code-ai-cli","sitemap.xml","200","","https://www.enhe-tech.com.cn/en/ai-news/qwen-code-ai-cli","Qwen Code Agent Team Update for AI Coding | ENHE AI","1","https://www.enhe-tech.com.cn/en/ai-news/qwen-code-ai-cli","index, follow","en-US","https://www.enhe-tech.com.cn/ai-news/qwen-code-ai-cli","https://www.enhe-tech.com.cn/en/ai-news/qwen-code-ai-cli","https://www.enhe-tech.com.cn/ai-news/qwen-code-ai-cli","WebSite|Organization|SearchAction|MerchantReturnPolicy|CreativeWork|ContactPoint|BreadcrumbList|ListItem|NewsArticle|WebPage|FAQPage|Question|Answer","YES","text/html; charset=utf-8","False","False","False","False","False","True","False","False","2026-08-10T18:11:03.3630649Z",""
"https://www.enhe-tech.com.cn/ai-news/agentrun-skill-mcp-ai","sitemap.xml","200","","https://www.enhe-tech.com.cn/ai-news/agentrun-skill-mcp-ai","阿里云AgentRun强化Skill与MCP工具 | 恩禾 ENHE AI","1","https://www.enhe-tech.com.cn/ai-news/agentrun-skill-mcp-ai","index, follow","zh-CN","https://www.enhe-tech.com.cn/ai-news/agentrun-skill-mcp-ai","https://www.enhe-tech.com.cn/en/ai-news/agentrun-skill-mcp-ai","https://www.enhe-tech.com.cn/ai-news/agentrun-skill-mcp-ai","WebSite|Organization|SearchAction|MerchantReturnPolicy|CreativeWork|ContactPoint|BreadcrumbList|ListItem|NewsArticle|WebPage|FAQPage|Question|Answer","YES","text/html; charset=utf-8","False","False","False","False","False","True","True","False","2026-08-10T18:11:04.1600685Z",""
"https://www.enhe-tech.com.cn/en/ai-news/agentrun-skill-mcp-ai","sitemap.xml","200","","https://www.enhe-tech.com.cn/en/ai-news/agentrun-skill-mcp-ai","Alibaba Cloud AgentRun Skill and MCP Tools | ENHE AI","1","https://www.enhe-tech.com.cn/en/ai-news/agentrun-skill-mcp-ai","index, follow","en-US","https://www.enhe-tech.com.cn/ai-news/agentrun-skill-mcp-ai","https://www.enhe-tech.com.cn/en/ai-news/agentrun-skill-mcp-ai","https://www.enhe-tech.com.cn/ai-news/agentrun-skill-mcp-ai","WebSite|Organization|SearchAction|MerchantReturnPolicy|CreativeWork|ContactPoint|BreadcrumbList|ListItem|NewsArticle|WebPage|FAQPage|Question|Answer","YES","text/html; charset=utf-8","False","False","False","False","False","True","True","False","2026-08-10T18:11:04.9145852Z",""
"https://www.enhe-tech.com.cn/ai-news/how-to-choose-ai-tool-website","sitemap.xml","200","","https://www.enhe-tech.com.cn/ai-news/how-to-choose-ai-tool-website","AI工具站如何选择？核心判断标准 | 恩禾 ENHE AI","1","https://www.enhe-tech.com.cn/ai-news/how-to-choose-ai-tool-website","index, follow","zh-CN","https://www.enhe-tech.com.cn/ai-news/how-to-choose-ai-tool-website","https://www.enhe-tech.com.cn/en/ai-news/how-to-choose-ai-tool-website","https://www.enhe-tech.com.cn/ai-news/how-to-choose-ai-tool-website","WebSite|Organization|SearchAction|MerchantReturnPolicy|CreativeWork|ContactPoint|BreadcrumbList|ListItem|NewsArticle|WebPage","YES","text/html; charset=utf-8","False","False","False","False","False","False","False","False","2026-08-10T18:11:05.6913036Z",""
"https://www.enhe-tech.com.cn/en/ai-news/how-to-choose-ai-tool-website","sitemap.xml","200","","https://www.enhe-tech.com.cn/en/ai-news/how-to-choose-ai-tool-website","How To Choose An AI Tool Website | ENHE AI","1","https://www.enhe-tech.com.cn/en/ai-news/how-to-choose-ai-tool-website","index, follow","en-US","https://www.enhe-tech.com.cn/ai-news/how-to-choose-ai-tool-website","https://www.enhe-tech.com.cn/en/ai-news/how-to-choose-ai-tool-website","https://www.enhe-tech.com.cn/ai-news/how-to-choose-ai-tool-website","WebSite|Organization|SearchAction|MerchantReturnPolicy|CreativeWork|ContactPoint|BreadcrumbList|ListItem|NewsArticle|WebPage|FAQPage|Question|Answer","YES","text/html; charset=utf-8","False","False","False","False","False","True","False","False","2026-08-10T18:11:06.4720997Z",""
"https://www.enhe-tech.com.cn/ai-news/github-copilot-cli-ai","sitemap.xml","200","","https://www.enhe-tech.com.cn/ai-news/github-copilot-cli-ai","GitHub Copilot CLI 新界面 | 恩禾 ENHE AI","1","https://www.enhe-tech.com.cn/ai-news/github-copilot-cli-ai","index, follow","zh-CN","https://www.enhe-tech.com.cn/ai-news/github-copilot-cli-ai","https://www.enhe-tech.com.cn/en/ai-news/github-copilot-cli-ai","https://www.enhe-tech.com.cn/ai-news/github-copilot-cli-ai","WebSite|Organization|SearchAction|MerchantReturnPolicy|CreativeWork|ContactPoint|BreadcrumbList|ListItem|NewsArticle|WebPage|FAQPage|Question|Answer","YES","text/html; charset=utf-8","False","False","False","False","False","True","False","False","2026-08-10T18:11:07.2770524Z",""
"https://www.enhe-tech.com.cn/en/ai-news/github-copilot-cli-ai","sitemap.xml","200","","https://www.enhe-tech.com.cn/en/ai-news/github-copilot-cli-ai","GitHub Copilot CLI GA and BYOK | ENHE AI","1","https://www.enhe-tech.com.cn/en/ai-news/github-copilot-cli-ai","index, follow","en-US","https://www.enhe-tech.com.cn/ai-news/github-copilot-cli-ai","https://www.enhe-tech.com.cn/en/ai-news/github-copilot-cli-ai","https://www.enhe-tech.com.cn/ai-news/github-copilot-cli-ai","WebSite|Organization|SearchAction|MerchantReturnPolicy|CreativeWork|ContactPoint|BreadcrumbList|ListItem|NewsArticle|WebPage|FAQPage|Question|Answer","YES","text/html; charset=utf-8","False","False","False","False","False","True","False","False","2026-08-10T18:11:08.0606293Z",""
"https://www.enhe-tech.com.cn/ai-news/chatbox-to-personal-ai-companion-desktop-execution","sitemap.xml","200","","https://www.enhe-tech.com.cn/ai-news/chatbox-to-personal-ai-companion-desktop-execution","从聊天框到个人AI操作伴侣 | 恩禾 ENHE AI","1","https://www.enhe-tech.com.cn/ai-news/chatbox-to-personal-ai-companion-desktop-execution","index, follow","zh-CN","https://www.enhe-tech.com.cn/ai-news/chatbox-to-personal-ai-companion-desktop-execution","https://www.enhe-tech.com.cn/en/ai-news/chatbox-to-personal-ai-companion-desktop-execution","https://www.enhe-tech.com.cn/ai-news/chatbox-to-personal-ai-companion-desktop-execution","WebSite|Organization|SearchAction|MerchantReturnPolicy|CreativeWork|ContactPoint|BreadcrumbList|ListItem|NewsArticle|WebPage|FAQPage|Question|Answer","YES","text/html; charset=utf-8","False","False","False","False","False","True","False","False","2026-08-10T18:11:08.8186480Z",""
"https://www.enhe-tech.com.cn/en/ai-news/chatbox-to-personal-ai-companion-desktop-execution","sitemap.xml","200","","https://www.enhe-tech.com.cn/en/ai-news/chatbox-to-personal-ai-companion-desktop-execution","From Chat Boxes to Personal AI Companions | ENHE AI","1","https://www.enhe-tech.com.cn/en/ai-news/chatbox-to-personal-ai-companion-desktop-execution","index, follow","en-US","https://www.enhe-tech.com.cn/ai-news/chatbox-to-personal-ai-companion-desktop-execution","https://www.enhe-tech.com.cn/en/ai-news/chatbox-to-personal-ai-companion-desktop-execution","https://www.enhe-tech.com.cn/ai-news/chatbox-to-personal-ai-companion-desktop-execution","WebSite|Organization|SearchAction|MerchantReturnPolicy|CreativeWork|ContactPoint|BreadcrumbList|ListItem|NewsArticle|WebPage|FAQPage|Question|Answer","YES","text/html; charset=utf-8","False","False","False","False","False","True","False","False","2026-08-10T18:11:09.5914757Z",""
"https://www.enhe-tech.com.cn/ai-news/windows-ai","sitemap.xml","200","","https://www.enhe-tech.com.cn/ai-news/windows-ai","Windows本地AI工具部署教程 | 恩禾 ENHE AI","1","https://www.enhe-tech.com.cn/ai-news/windows-ai","index, follow","zh-CN","https://www.enhe-tech.com.cn/ai-news/windows-ai","https://www.enhe-tech.com.cn/en/ai-news/windows-ai","https://www.enhe-tech.com.cn/ai-news/windows-ai","WebSite|Organization|SearchAction|MerchantReturnPolicy|CreativeWork|ContactPoint|BreadcrumbList|ListItem|NewsArticle|WebPage","YES","text/html; charset=utf-8","False","False","False","False","False","True","False","False","2026-08-10T18:11:10.3824909Z",""
"https://www.enhe-tech.com.cn/en/ai-news/windows-ai","sitemap.xml","200","","https://www.enhe-tech.com.cn/en/ai-news/windows-ai","Windows Local AI Deployment Tutorial | ENHE AI","1","https://www.enhe-tech.com.cn/en/ai-news/windows-ai","index, follow","en-US","https://www.enhe-tech.com.cn/ai-news/windows-ai","https://www.enhe-tech.com.cn/en/ai-news/windows-ai","https://www.enhe-tech.com.cn/ai-news/windows-ai","WebSite|Organization|SearchAction|MerchantReturnPolicy|CreativeWork|ContactPoint|BreadcrumbList|ListItem|NewsArticle|WebPage|FAQPage|Question|Answer","YES","text/html; charset=utf-8","False","False","False","False","False","True","False","False","2026-08-10T18:11:11.1441436Z",""
"https://www.enhe-tech.com.cn/ai-news/openai-codex-ai","sitemap.xml","200","","https://www.enhe-tech.com.cn/ai-news/openai-codex-ai","OpenAI Codex智能体工作研究解读 | 恩禾 ENHE AI","1","https://www.enhe-tech.com.cn/ai-news/openai-codex-ai","index, follow","zh-CN","https://www.enhe-tech.com.cn/ai-news/openai-codex-ai","https://www.enhe-tech.com.cn/en/ai-news/openai-codex-ai","https://www.enhe-tech.com.cn/ai-news/openai-codex-ai","WebSite|Organization|SearchAction|MerchantReturnPolicy|CreativeWork|ContactPoint|BreadcrumbList|ListItem|NewsArticle|WebPage","YES","text/html; charset=utf-8","False","False","False","False","False","False","False","False","2026-08-10T18:11:11.8608464Z",""
"https://www.enhe-tech.com.cn/en/ai-news/openai-codex-ai","sitemap.xml","200","","https://www.enhe-tech.com.cn/en/ai-news/openai-codex-ai","OpenAI Codex Agent Research Explained | ENHE AI","1","https://www.enhe-tech.com.cn/en/ai-news/openai-codex-ai","index, follow","en-US","https://www.enhe-tech.com.cn/ai-news/openai-codex-ai","https://www.enhe-tech.com.cn/en/ai-news/openai-codex-ai","https://www.enhe-tech.com.cn/ai-news/openai-codex-ai","WebSite|Organization|SearchAction|MerchantReturnPolicy|CreativeWork|ContactPoint|BreadcrumbList|ListItem|NewsArticle|WebPage|FAQPage|Question|Answer","YES","text/html; charset=utf-8","False","False","False","False","False","True","False","False","2026-08-10T18:11:12.5961378Z",""
"https://www.enhe-tech.com.cn/ai-news/enhe-ai-tool-station-user-guide","sitemap.xml","200","","https://www.enhe-tech.com.cn/ai-news/enhe-ai-tool-station-user-guide","恩禾ENHE AI 工具站使用指南 | 恩禾 ENHE AI","1","https://www.enhe-tech.com.cn/ai-news/enhe-ai-tool-station-user-guide","index, follow","zh-CN","https://www.enhe-tech.com.cn/ai-news/enhe-ai-tool-station-user-guide","https://www.enhe-tech.com.cn/en/ai-news/enhe-ai-tool-station-user-guide","https://www.enhe-tech.com.cn/ai-news/enhe-ai-tool-station-user-guide","WebSite|Organization|SearchAction|MerchantReturnPolicy|CreativeWork|ContactPoint|BreadcrumbList|ListItem|NewsArticle|WebPage","YES","text/html; charset=utf-8","False","False","False","False","False","False","False","False","2026-08-10T18:11:13.3244238Z",""
"https://www.enhe-tech.com.cn/en/ai-news/enhe-ai-tool-station-user-guide","sitemap.xml","200","","https://www.enhe-tech.com.cn/en/ai-news/enhe-ai-tool-station-user-guide","ENHE AI Tool Station User Guide","1","https://www.enhe-tech.com.cn/en/ai-news/enhe-ai-tool-station-user-guide","index, follow","en-US","https://www.enhe-tech.com.cn/ai-news/enhe-ai-tool-station-user-guide","https://www.enhe-tech.com.cn/en/ai-news/enhe-ai-tool-station-user-guide","https://www.enhe-tech.com.cn/ai-news/enhe-ai-tool-station-user-guide","WebSite|Organization|SearchAction|MerchantReturnPolicy|CreativeWork|ContactPoint|BreadcrumbList|ListItem|NewsArticle|WebPage|FAQPage|Question|Answer","YES","text/html; charset=utf-8","False","False","False","False","False","True","False","False","2026-08-10T18:11:14.1216530Z",""
"https://www.enhe-tech.com.cn/ai-news/openai-broadcom-jalape-o","sitemap.xml","200","","https://www.enhe-tech.com.cn/ai-news/openai-broadcom-jalape-o","OpenAI Broadcom推理芯片解读 | 恩禾 ENHE AI","1","https://www.enhe-tech.com.cn/ai-news/openai-broadcom-jalape-o","index, follow","zh-CN","https://www.enhe-tech.com.cn/ai-news/openai-broadcom-jalape-o","https://www.enhe-tech.com.cn/en/ai-news/openai-broadcom-jalape-o","https://www.enhe-tech.com.cn/ai-news/openai-broadcom-jalape-o","WebSite|Organization|SearchAction|MerchantReturnPolicy|CreativeWork|ContactPoint|BreadcrumbList|ListItem|NewsArticle|WebPage","YES","text/html; charset=utf-8","False","False","False","False","False","False","False","False","2026-08-10T18:11:14.8781507Z",""
"https://www.enhe-tech.com.cn/en/ai-news/openai-broadcom-jalape-o","sitemap.xml","200","","https://www.enhe-tech.com.cn/en/ai-news/openai-broadcom-jalape-o","OpenAI Broadcom Jalapeño Chip Explained | ENHE AI","1","https://www.enhe-tech.com.cn/en/ai-news/openai-broadcom-jalape-o","index, follow","en-US","https://www.enhe-tech.com.cn/ai-news/openai-broadcom-jalape-o","https://www.enhe-tech.com.cn/en/ai-news/openai-broadcom-jalape-o","https://www.enhe-tech.com.cn/ai-news/openai-broadcom-jalape-o","WebSite|Organization|SearchAction|MerchantReturnPolicy|CreativeWork|ContactPoint|BreadcrumbList|ListItem|NewsArticle|WebPage|FAQPage|Question|Answer","YES","text/html; charset=utf-8","False","False","False","False","False","True","False","False","2026-08-10T18:11:15.6845904Z",""
"https://www.enhe-tech.com.cn/ai-news/enhe-ai-ai","sitemap.xml","200","","https://www.enhe-tech.com.cn/ai-news/enhe-ai-ai","恩禾ENHE AI是什么？官网与栏目说明 | 恩禾 ENHE AI","1","https://www.enhe-tech.com.cn/ai-news/enhe-ai-ai","index, follow","zh-CN","https://www.enhe-tech.com.cn/ai-news/enhe-ai-ai","https://www.enhe-tech.com.cn/en/ai-news/enhe-ai-ai","https://www.enhe-tech.com.cn/ai-news/enhe-ai-ai","WebSite|Organization|SearchAction|MerchantReturnPolicy|CreativeWork|ContactPoint|BreadcrumbList|ListItem|NewsArticle|WebPage","YES","text/html; charset=utf-8","False","False","False","False","False","False","False","False","2026-08-10T18:11:16.3938558Z",""
"https://www.enhe-tech.com.cn/en/ai-news/enhe-ai-ai","sitemap.xml","200","","https://www.enhe-tech.com.cn/en/ai-news/enhe-ai-ai","What Is ENHE AI? Official Website Guide","1","https://www.enhe-tech.com.cn/en/ai-news/enhe-ai-ai","index, follow","en-US","https://www.enhe-tech.com.cn/ai-news/enhe-ai-ai","https://www.enhe-tech.com.cn/en/ai-news/enhe-ai-ai","https://www.enhe-tech.com.cn/ai-news/enhe-ai-ai","WebSite|Organization|SearchAction|MerchantReturnPolicy|CreativeWork|ContactPoint|BreadcrumbList|ListItem|NewsArticle|WebPage|FAQPage|Question|Answer","YES","text/html; charset=utf-8","False","False","False","False","False","True","False","False","2026-08-10T18:11:17.1614023Z",""
"https://www.enhe-tech.com.cn/ai-news/claude-reflect-ai-6","sitemap.xml","200","","https://www.enhe-tech.com.cn/ai-news/claude-reflect-ai-6","Claude Reflect教程：6步复盘AI使用 | 恩禾 ENHE AI","1","https://www.enhe-tech.com.cn/ai-news/claude-reflect-ai-6","index, follow","zh-CN","https://www.enhe-tech.com.cn/ai-news/claude-reflect-ai-6","https://www.enhe-tech.com.cn/en/ai-news/claude-reflect-ai-6","https://www.enhe-tech.com.cn/ai-news/claude-reflect-ai-6","WebSite|Organization|SearchAction|MerchantReturnPolicy|CreativeWork|ContactPoint|BreadcrumbList|ListItem|NewsArticle|WebPage","YES","text/html; charset=utf-8","False","False","False","False","False","False","False","False","2026-08-10T18:11:17.9452482Z",""
"https://www.enhe-tech.com.cn/en/ai-news/claude-reflect-ai-6","sitemap.xml","200","","https://www.enhe-tech.com.cn/en/ai-news/claude-reflect-ai-6","Claude Reflect Tutorial: Review AI Usage | ENHE AI","1","https://www.enhe-tech.com.cn/en/ai-news/claude-reflect-ai-6","index, follow","en-US","https://www.enhe-tech.com.cn/ai-news/claude-reflect-ai-6","https://www.enhe-tech.com.cn/en/ai-news/claude-reflect-ai-6","https://www.enhe-tech.com.cn/ai-news/claude-reflect-ai-6","WebSite|Organization|SearchAction|MerchantReturnPolicy|CreativeWork|ContactPoint|BreadcrumbList|ListItem|NewsArticle|WebPage","YES","text/html; charset=utf-8","False","False","False","False","False","False","False","False","2026-08-10T18:11:18.7610466Z",""
"https://www.enhe-tech.com.cn/ai-news/what-is-an-ai-agent-and-how-is-it-different-from-a-chatbot","sitemap.xml","200","","https://www.enhe-tech.com.cn/ai-news/what-is-an-ai-agent-and-how-is-it-different-from-a-chatbot","AI智能体是什么？和聊天工具区别 | 恩禾 ENHE AI","1","https://www.enhe-tech.com.cn/ai-news/what-is-an-ai-agent-and-how-is-it-different-from-a-chatbot","index, follow","zh-CN","https://www.enhe-tech.com.cn/ai-news/what-is-an-ai-agent-and-how-is-it-different-from-a-chatbot","https://www.enhe-tech.com.cn/en/ai-news/what-is-an-ai-agent-and-how-is-it-different-from-a-chatbot","https://www.enhe-tech.com.cn/ai-news/what-is-an-ai-agent-and-how-is-it-different-from-a-chatbot","WebSite|Organization|SearchAction|MerchantReturnPolicy|CreativeWork|ContactPoint|BreadcrumbList|ListItem|NewsArticle|WebPage","YES","text/html; charset=utf-8","False","False","False","False","False","False","False","False","2026-08-10T18:11:19.4861318Z",""
"https://www.enhe-tech.com.cn/en/ai-news/what-is-an-ai-agent-and-how-is-it-different-from-a-chatbot","sitemap.xml","200","","https://www.enhe-tech.com.cn/en/ai-news/what-is-an-ai-agent-and-how-is-it-different-from-a-chatbot","What Is an AI Agent vs Chatbot | ENHE AI","1","https://www.enhe-tech.com.cn/en/ai-news/what-is-an-ai-agent-and-how-is-it-different-from-a-chatbot","index, follow","en-US","https://www.enhe-tech.com.cn/ai-news/what-is-an-ai-agent-and-how-is-it-different-from-a-chatbot","https://www.enhe-tech.com.cn/en/ai-news/what-is-an-ai-agent-and-how-is-it-different-from-a-chatbot","https://www.enhe-tech.com.cn/ai-news/what-is-an-ai-agent-and-how-is-it-different-from-a-chatbot","WebSite|Organization|SearchAction|MerchantReturnPolicy|CreativeWork|ContactPoint|BreadcrumbList|ListItem|NewsArticle|WebPage|FAQPage|Question|Answer","YES","text/html; charset=utf-8","False","False","False","False","False","True","False","False","2026-08-10T18:11:20.2559618Z",""
"https://www.enhe-tech.com.cn/ai-news/kimi-k3-qwen3-8-max-preview","sitemap.xml","200","","https://www.enhe-tech.com.cn/ai-news/kimi-k3-qwen3-8-max-preview","Kimi K3与Qwen3.8-Max怎么选 | 恩禾 ENHE AI","1","https://www.enhe-tech.com.cn/ai-news/kimi-k3-qwen3-8-max-preview","index, follow","zh-CN","https://www.enhe-tech.com.cn/ai-news/kimi-k3-qwen3-8-max-preview","https://www.enhe-tech.com.cn/en/ai-news/kimi-k3-qwen3-8-max-preview","https://www.enhe-tech.com.cn/ai-news/kimi-k3-qwen3-8-max-preview","WebSite|Organization|SearchAction|MerchantReturnPolicy|CreativeWork|ContactPoint|BreadcrumbList|ListItem|NewsArticle|WebPage","YES","text/html; charset=utf-8","False","False","False","False","False","False","False","False","2026-08-10T18:11:21.0328501Z",""
"https://www.enhe-tech.com.cn/en/ai-news/kimi-k3-qwen3-8-max-preview","sitemap.xml","200","","https://www.enhe-tech.com.cn/en/ai-news/kimi-k3-qwen3-8-max-preview","Kimi K3 vs Qwen3.8-Max-Preview Model Selection | ENHE AI","1","https://www.enhe-tech.com.cn/en/ai-news/kimi-k3-qwen3-8-max-preview","index, follow","en-US","https://www.enhe-tech.com.cn/ai-news/kimi-k3-qwen3-8-max-preview","https://www.enhe-tech.com.cn/en/ai-news/kimi-k3-qwen3-8-max-preview","https://www.enhe-tech.com.cn/ai-news/kimi-k3-qwen3-8-max-preview","WebSite|Organization|SearchAction|MerchantReturnPolicy|CreativeWork|ContactPoint|BreadcrumbList|ListItem|NewsArticle|WebPage","YES","text/html; charset=utf-8","False","False","False","False","False","False","False","False","2026-08-10T18:11:21.8144383Z",""
"https://www.enhe-tech.com.cn/ai-news/chatgpt-enterprise-codex-ai","sitemap.xml","200","","https://www.enhe-tech.com.cn/ai-news/chatgpt-enterprise-codex-ai","三星部署ChatGPT Enterprise | 恩禾 ENHE AI","1","https://www.enhe-tech.com.cn/ai-news/chatgpt-enterprise-codex-ai","index, follow","zh-CN","https://www.enhe-tech.com.cn/ai-news/chatgpt-enterprise-codex-ai","https://www.enhe-tech.com.cn/en/ai-news/chatgpt-enterprise-codex-ai","https://www.enhe-tech.com.cn/ai-news/chatgpt-enterprise-codex-ai","WebSite|Organization|SearchAction|MerchantReturnPolicy|CreativeWork|ContactPoint|BreadcrumbList|ListItem|NewsArticle|WebPage","YES","text/html; charset=utf-8","False","False","False","False","False","False","False","False","2026-08-10T18:11:22.5995505Z",""
"https://www.enhe-tech.com.cn/en/ai-news/chatgpt-enterprise-codex-ai","sitemap.xml","200","","https://www.enhe-tech.com.cn/en/ai-news/chatgpt-enterprise-codex-ai","Samsung ChatGPT Enterprise and Codex Deployment | ENHE AI","1","https://www.enhe-tech.com.cn/en/ai-news/chatgpt-enterprise-codex-ai","index, follow","en-US","https://www.enhe-tech.com.cn/ai-news/chatgpt-enterprise-codex-ai","https://www.enhe-tech.com.cn/en/ai-news/chatgpt-enterprise-codex-ai","https://www.enhe-tech.com.cn/ai-news/chatgpt-enterprise-codex-ai","WebSite|Organization|SearchAction|MerchantReturnPolicy|CreativeWork|ContactPoint|BreadcrumbList|ListItem|NewsArticle|WebPage|FAQPage|Question|Answer","YES","text/html; charset=utf-8","False","False","False","False","False","True","True","False","2026-08-10T18:11:23.3769122Z",""
"https://www.enhe-tech.com.cn/ai-news/ai-4","sitemap.xml","200","","https://www.enhe-tech.com.cn/ai-news/ai-4","AI视频生成工具和在线剪辑工具区别 | 恩禾 ENHE AI","1","https://www.enhe-tech.com.cn/ai-news/ai-4","index, follow","zh-CN","https://www.enhe-tech.com.cn/ai-news/ai-4","https://www.enhe-tech.com.cn/en/ai-news/ai-4","https://www.enhe-tech.com.cn/ai-news/ai-4","WebSite|Organization|SearchAction|MerchantReturnPolicy|CreativeWork|ContactPoint|BreadcrumbList|ListItem|NewsArticle|WebPage","YES","text/html; charset=utf-8","False","False","False","False","False","False","False","False","2026-08-10T18:11:24.1268674Z",""
"https://www.enhe-tech.com.cn/en/ai-news/ai-4","sitemap.xml","200","","https://www.enhe-tech.com.cn/en/ai-news/ai-4","AI Video Generators vs Online Video Editors | ENHE AI","1","https://www.enhe-tech.com.cn/en/ai-news/ai-4","index, follow","en-US","https://www.enhe-tech.com.cn/ai-news/ai-4","https://www.enhe-tech.com.cn/en/ai-news/ai-4","https://www.enhe-tech.com.cn/ai-news/ai-4","WebSite|Organization|SearchAction|MerchantReturnPolicy|CreativeWork|ContactPoint|BreadcrumbList|ListItem|NewsArticle|WebPage|FAQPage|Question|Answer","YES","text/html; charset=utf-8","False","False","False","False","False","True","False","False","2026-08-10T18:11:24.9181035Z",""
"https://www.enhe-tech.com.cn/ai-news/ai-ai-2","sitemap.xml","200","","https://www.enhe-tech.com.cn/ai-news/ai-ai-2","私有化部署AI和本地部署AI区别 | 恩禾 ENHE AI","1","https://www.enhe-tech.com.cn/ai-news/ai-ai-2","index, follow","zh-CN","https://www.enhe-tech.com.cn/ai-news/ai-ai-2","https://www.enhe-tech.com.cn/en/ai-news/ai-ai-2","https://www.enhe-tech.com.cn/ai-news/ai-ai-2","WebSite|Organization|SearchAction|MerchantReturnPolicy|CreativeWork|ContactPoint|BreadcrumbList|ListItem|NewsArticle|WebPage","YES","text/html; charset=utf-8","False","False","False","False","False","False","False","False","2026-08-10T18:11:25.7026427Z",""
"https://www.enhe-tech.com.cn/en/ai-news/ai-ai-2","sitemap.xml","200","","https://www.enhe-tech.com.cn/en/ai-news/ai-ai-2","Private AI vs Local AI Explained | ENHE AI","1","https://www.enhe-tech.com.cn/en/ai-news/ai-ai-2","index, follow","en-US","https://www.enhe-tech.com.cn/ai-news/ai-ai-2","https://www.enhe-tech.com.cn/en/ai-news/ai-ai-2","https://www.enhe-tech.com.cn/ai-news/ai-ai-2","WebSite|Organization|SearchAction|MerchantReturnPolicy|CreativeWork|ContactPoint|BreadcrumbList|ListItem|NewsArticle|WebPage|FAQPage|Question|Answer","YES","text/html; charset=utf-8","False","False","False","False","False","True","False","False","2026-08-10T18:11:26.4913079Z",""
"https://www.enhe-tech.com.cn/ai-news/cisa-ai-ai","sitemap.xml","200","","https://www.enhe-tech.com.cn/ai-news/cisa-ai-ai","CISA智能体AI采用指南解读 | 恩禾 ENHE AI","1","https://www.enhe-tech.com.cn/ai-news/cisa-ai-ai","index, follow","zh-CN","https://www.enhe-tech.com.cn/ai-news/cisa-ai-ai","https://www.enhe-tech.com.cn/en/ai-news/cisa-ai-ai","https://www.enhe-tech.com.cn/ai-news/cisa-ai-ai","WebSite|Organization|SearchAction|MerchantReturnPolicy|CreativeWork|ContactPoint|BreadcrumbList|ListItem|NewsArticle|WebPage","YES","text/html; charset=utf-8","False","False","False","False","False","False","False","False","2026-08-10T18:11:27.2550868Z",""
"https://www.enhe-tech.com.cn/en/ai-news/cisa-ai-ai","sitemap.xml","200","","https://www.enhe-tech.com.cn/en/ai-news/cisa-ai-ai","CISA Agentic AI Guidance and Runtime Governance | ENHE AI","1","https://www.enhe-tech.com.cn/en/ai-news/cisa-ai-ai","index, follow","en-US","https://www.enhe-tech.com.cn/ai-news/cisa-ai-ai","https://www.enhe-tech.com.cn/en/ai-news/cisa-ai-ai","https://www.enhe-tech.com.cn/ai-news/cisa-ai-ai","WebSite|Organization|SearchAction|MerchantReturnPolicy|CreativeWork|ContactPoint|BreadcrumbList|ListItem|NewsArticle|WebPage","YES","text/html; charset=utf-8","False","False","False","False","False","False","False","False","2026-08-10T18:11:28.1363199Z",""
"https://www.enhe-tech.com.cn/ai-news/enhe-ai-ai-2","sitemap.xml","200","","https://www.enhe-tech.com.cn/ai-news/enhe-ai-ai-2","恩禾ENHE AI官网地址和栏目介绍 | 恩禾 ENHE AI","1","https://www.enhe-tech.com.cn/ai-news/enhe-ai-ai-2","index, follow","zh-CN","https://www.enhe-tech.com.cn/ai-news/enhe-ai-ai-2","https://www.enhe-tech.com.cn/en/ai-news/enhe-ai-ai-2","https://www.enhe-tech.com.cn/ai-news/enhe-ai-ai-2","WebSite|Organization|SearchAction|MerchantReturnPolicy|CreativeWork|ContactPoint|BreadcrumbList|ListItem|NewsArticle|WebPage","YES","text/html; charset=utf-8","False","False","False","False","False","False","False","False","2026-08-10T18:11:28.9371160Z",""
"https://www.enhe-tech.com.cn/en/ai-news/enhe-ai-ai-2","sitemap.xml","200","","https://www.enhe-tech.com.cn/en/ai-news/enhe-ai-ai-2","ENHE AI Official Website Guide","1","https://www.enhe-tech.com.cn/en/ai-news/enhe-ai-ai-2","index, follow","en-US","https://www.enhe-tech.com.cn/ai-news/enhe-ai-ai-2","https://www.enhe-tech.com.cn/en/ai-news/enhe-ai-ai-2","https://www.enhe-tech.com.cn/ai-news/enhe-ai-ai-2","WebSite|Organization|SearchAction|MerchantReturnPolicy|CreativeWork|ContactPoint|BreadcrumbList|ListItem|NewsArticle|WebPage|FAQPage|Question|Answer","YES","text/html; charset=utf-8","False","False","False","False","False","True","False","False","2026-08-10T18:11:29.7741918Z",""
"https://www.enhe-tech.com.cn/ai-news/five-eyes-ai-ai","sitemap.xml","200","","https://www.enhe-tech.com.cn/ai-news/five-eyes-ai-ai","Five Eyes AI网络风险声明解读 | 恩禾 ENHE AI","1","https://www.enhe-tech.com.cn/ai-news/five-eyes-ai-ai","index, follow","zh-CN","https://www.enhe-tech.com.cn/ai-news/five-eyes-ai-ai","https://www.enhe-tech.com.cn/en/ai-news/five-eyes-ai-ai","https://www.enhe-tech.com.cn/ai-news/five-eyes-ai-ai","WebSite|Organization|SearchAction|MerchantReturnPolicy|CreativeWork|ContactPoint|BreadcrumbList|ListItem|NewsArticle|WebPage","YES","text/html; charset=utf-8","False","False","False","False","False","False","False","False","2026-08-10T18:11:30.5288140Z",""
"https://www.enhe-tech.com.cn/en/ai-news/five-eyes-ai-ai","sitemap.xml","200","","https://www.enhe-tech.com.cn/en/ai-news/five-eyes-ai-ai","Five Eyes AI Cyber Risk Statement Explained | ENHE AI","1","https://www.enhe-tech.com.cn/en/ai-news/five-eyes-ai-ai","index, follow","en-US","https://www.enhe-tech.com.cn/ai-news/five-eyes-ai-ai","https://www.enhe-tech.com.cn/en/ai-news/five-eyes-ai-ai","https://www.enhe-tech.com.cn/ai-news/five-eyes-ai-ai","WebSite|Organization|SearchAction|MerchantReturnPolicy|CreativeWork|ContactPoint|BreadcrumbList|ListItem|NewsArticle|WebPage|FAQPage|Question|Answer","YES","text/html; charset=utf-8","False","False","False","False","False","True","False","False","2026-08-10T18:11:31.3395904Z",""
"https://www.enhe-tech.com.cn/ai-news/ai-7","sitemap.xml","200","","https://www.enhe-tech.com.cn/ai-news/ai-7","如何安全试用AI智能体？7步权限清单教程 | 恩禾 ENHE AI","1","https://www.enhe-tech.com.cn/ai-news/ai-7","index, follow","zh-CN","https://www.enhe-tech.com.cn/ai-news/ai-7","https://www.enhe-tech.com.cn/en/ai-news/ai-7","https://www.enhe-tech.com.cn/ai-news/ai-7","WebSite|Organization|SearchAction|MerchantReturnPolicy|CreativeWork|ContactPoint|BreadcrumbList|ListItem|NewsArticle|WebPage","YES","text/html; charset=utf-8","False","False","False","False","False","False","False","False","2026-08-10T18:11:32.0993470Z",""
"https://www.enhe-tech.com.cn/en/ai-news/ai-7","sitemap.xml","200","","https://www.enhe-tech.com.cn/en/ai-news/ai-7","How to Test AI Agents Safely | ENHE AI","1","https://www.enhe-tech.com.cn/en/ai-news/ai-7","index, follow","en-US","https://www.enhe-tech.com.cn/ai-news/ai-7","https://www.enhe-tech.com.cn/en/ai-news/ai-7","https://www.enhe-tech.com.cn/ai-news/ai-7","WebSite|Organization|SearchAction|MerchantReturnPolicy|CreativeWork|ContactPoint|BreadcrumbList|ListItem|NewsArticle|WebPage","YES","text/html; charset=utf-8","False","False","False","False","False","False","False","False","2026-08-10T18:11:32.8906770Z",""
"https://www.enhe-tech.com.cn/ai-news/enhe-ai-mcpready-entity-guide-github-mcp","sitemap.xml","200","","https://www.enhe-tech.com.cn/ai-news/enhe-ai-mcpready-entity-guide-github-mcp","恩禾ENHE AI MCPReady实体指南 | 恩禾 ENHE AI","1","https://www.enhe-tech.com.cn/ai-news/enhe-ai-mcpready-entity-guide-github-mcp","index, follow","zh-CN","https://www.enhe-tech.com.cn/ai-news/enhe-ai-mcpready-entity-guide-github-mcp","https://www.enhe-tech.com.cn/en/ai-news/enhe-ai-mcpready-entity-guide-github-mcp","https://www.enhe-tech.com.cn/ai-news/enhe-ai-mcpready-entity-guide-github-mcp","WebSite|Organization|SearchAction|MerchantReturnPolicy|CreativeWork|ContactPoint|BreadcrumbList|ListItem|NewsArticle|WebPage","YES","text/html; charset=utf-8","False","False","False","False","False","False","False","False","2026-08-10T18:11:33.6584394Z",""
"https://www.enhe-tech.com.cn/en/ai-news/enhe-ai-mcpready-entity-guide-github-mcp","sitemap.xml","200","","https://www.enhe-tech.com.cn/en/ai-news/enhe-ai-mcpready-entity-guide-github-mcp","ENHE AI MCPReady Entity Guide for GitHub MCP","1","https://www.enhe-tech.com.cn/en/ai-news/enhe-ai-mcpready-entity-guide-github-mcp","index, follow","en-US","https://www.enhe-tech.com.cn/ai-news/enhe-ai-mcpready-entity-guide-github-mcp","https://www.enhe-tech.com.cn/en/ai-news/enhe-ai-mcpready-entity-guide-github-mcp","https://www.enhe-tech.com.cn/ai-news/enhe-ai-mcpready-entity-guide-github-mcp","WebSite|Organization|SearchAction|MerchantReturnPolicy|CreativeWork|ContactPoint|BreadcrumbList|ListItem|NewsArticle|WebPage","YES","text/html; charset=utf-8","False","False","False","False","False","False","False","False","2026-08-10T18:11:34.4082523Z",""
"https://www.enhe-tech.com.cn/ai-news/ai-github-copilot-review","sitemap.xml","200","","https://www.enhe-tech.com.cn/ai-news/ai-github-copilot-review","AI代码评审工具怎么选 | 恩禾 ENHE AI","1","https://www.enhe-tech.com.cn/ai-news/ai-github-copilot-review","index, follow","zh-CN","https://www.enhe-tech.com.cn/ai-news/ai-github-copilot-review","https://www.enhe-tech.com.cn/en/ai-news/ai-github-copilot-review","https://www.enhe-tech.com.cn/ai-news/ai-github-copilot-review","WebSite|Organization|SearchAction|MerchantReturnPolicy|CreativeWork|ContactPoint|BreadcrumbList|ListItem|NewsArticle|WebPage","YES","text/html; charset=utf-8","False","False","False","False","False","False","False","False","2026-08-10T18:11:35.1600627Z",""
"https://www.enhe-tech.com.cn/en/ai-news/ai-github-copilot-review","sitemap.xml","200","","https://www.enhe-tech.com.cn/en/ai-news/ai-github-copilot-review","How to Choose AI Code Review Tools | ENHE AI","1","https://www.enhe-tech.com.cn/en/ai-news/ai-github-copilot-review","index, follow","en-US","https://www.enhe-tech.com.cn/ai-news/ai-github-copilot-review","https://www.enhe-tech.com.cn/en/ai-news/ai-github-copilot-review","https://www.enhe-tech.com.cn/ai-news/ai-github-copilot-review","WebSite|Organization|SearchAction|MerchantReturnPolicy|CreativeWork|ContactPoint|BreadcrumbList|ListItem|NewsArticle|WebPage","YES","text/html; charset=utf-8","False","False","False","False","False","False","False","False","2026-08-10T18:11:35.8882830Z",""
"https://www.enhe-tech.com.cn/ai-news/enhe-ai-ai-3","sitemap.xml","200","","https://www.enhe-tech.com.cn/ai-news/enhe-ai-ai-3","恩禾ENHE AI适合用来做什么？官网入口说明 | 恩禾 ENHE AI","1","https://www.enhe-tech.com.cn/ai-news/enhe-ai-ai-3","index, follow","zh-CN","https://www.enhe-tech.com.cn/ai-news/enhe-ai-ai-3","https://www.enhe-tech.com.cn/en/ai-news/enhe-ai-ai-3","https://www.enhe-tech.com.cn/ai-news/enhe-ai-ai-3","WebSite|Organization|SearchAction|MerchantReturnPolicy|CreativeWork|ContactPoint|BreadcrumbList|ListItem|NewsArticle|WebPage","YES","text/html; charset=utf-8","False","False","False","False","False","False","False","False","2026-08-10T18:11:36.6200456Z",""
"https://www.enhe-tech.com.cn/en/ai-news/enhe-ai-ai-3","sitemap.xml","200","","https://www.enhe-tech.com.cn/en/ai-news/enhe-ai-ai-3","What Can ENHE AI Help Users Do","1","https://www.enhe-tech.com.cn/en/ai-news/enhe-ai-ai-3","index, follow","en-US","https://www.enhe-tech.com.cn/ai-news/enhe-ai-ai-3","https://www.enhe-tech.com.cn/en/ai-news/enhe-ai-ai-3","https://www.enhe-tech.com.cn/ai-news/enhe-ai-ai-3","WebSite|Organization|SearchAction|MerchantReturnPolicy|CreativeWork|ContactPoint|BreadcrumbList|ListItem|NewsArticle|WebPage","YES","text/html; charset=utf-8","False","False","False","False","False","False","False","False","2026-08-10T18:11:37.3328574Z",""
"https://www.enhe-tech.com.cn/ai-news/github-mcp","sitemap.xml","200","","https://www.enhe-tech.com.cn/ai-news/github-mcp","GitHub MCP企业白名单怎么用 | 恩禾 ENHE AI","1","https://www.enhe-tech.com.cn/ai-news/github-mcp","index, follow","zh-CN","https://www.enhe-tech.com.cn/ai-news/github-mcp","https://www.enhe-tech.com.cn/en/ai-news/github-mcp","https://www.enhe-tech.com.cn/ai-news/github-mcp","WebSite|Organization|SearchAction|MerchantReturnPolicy|CreativeWork|ContactPoint|BreadcrumbList|ListItem|NewsArticle|WebPage","YES","text/html; charset=utf-8","False","False","False","False","False","False","False","False","2026-08-10T18:11:38.1578182Z",""
"https://www.enhe-tech.com.cn/en/ai-news/github-mcp","sitemap.xml","200","","https://www.enhe-tech.com.cn/en/ai-news/github-mcp","GitHub MCP Allowlists | ENHE AI","1","https://www.enhe-tech.com.cn/en/ai-news/github-mcp","index, follow","en-US","https://www.enhe-tech.com.cn/ai-news/github-mcp","https://www.enhe-tech.com.cn/en/ai-news/github-mcp","https://www.enhe-tech.com.cn/ai-news/github-mcp","WebSite|Organization|SearchAction|MerchantReturnPolicy|CreativeWork|ContactPoint|BreadcrumbList|ListItem|NewsArticle|WebPage","YES","text/html; charset=utf-8","False","False","False","False","False","False","False","False","2026-08-10T18:11:38.9380510Z",""
"https://www.enhe-tech.com.cn/ai-news/mcp-stateless-server-mcp","sitemap.xml","200","","https://www.enhe-tech.com.cn/ai-news/mcp-stateless-server-mcp","什么是无状态MCP服务器 | 恩禾 ENHE AI","1","https://www.enhe-tech.com.cn/ai-news/mcp-stateless-server-mcp","index, follow","zh-CN","https://www.enhe-tech.com.cn/ai-news/mcp-stateless-server-mcp","https://www.enhe-tech.com.cn/en/ai-news/mcp-stateless-server-mcp","https://www.enhe-tech.com.cn/ai-news/mcp-stateless-server-mcp","WebSite|Organization|SearchAction|MerchantReturnPolicy|CreativeWork|ContactPoint|BreadcrumbList|ListItem|NewsArticle|WebPage","YES","text/html; charset=utf-8","False","False","False","False","False","False","False","False","2026-08-10T18:11:39.6994819Z",""
"https://www.enhe-tech.com.cn/en/ai-news/mcp-stateless-server-mcp","sitemap.xml","200","","https://www.enhe-tech.com.cn/en/ai-news/mcp-stateless-server-mcp","Stateless MCP Server Definition and GitHub | ENHE AI","1","https://www.enhe-tech.com.cn/en/ai-news/mcp-stateless-server-mcp","index, follow","en-US","https://www.enhe-tech.com.cn/ai-news/mcp-stateless-server-mcp","https://www.enhe-tech.com.cn/en/ai-news/mcp-stateless-server-mcp","https://www.enhe-tech.com.cn/ai-news/mcp-stateless-server-mcp","WebSite|Organization|SearchAction|MerchantReturnPolicy|CreativeWork|ContactPoint|BreadcrumbList|ListItem|NewsArticle|WebPage","YES","text/html; charset=utf-8","False","False","False","False","False","False","False","False","2026-08-10T18:11:40.4565029Z",""
"https://www.enhe-tech.com.cn/ai-news/agentic-overlay-ai","sitemap.xml","200","","https://www.enhe-tech.com.cn/ai-news/agentic-overlay-ai","Agentic Overlay是什么 | 恩禾 ENHE AI","1","https://www.enhe-tech.com.cn/ai-news/agentic-overlay-ai","index, follow","zh-CN","https://www.enhe-tech.com.cn/ai-news/agentic-overlay-ai","https://www.enhe-tech.com.cn/en/ai-news/agentic-overlay-ai","https://www.enhe-tech.com.cn/ai-news/agentic-overlay-ai","WebSite|Organization|SearchAction|MerchantReturnPolicy|CreativeWork|ContactPoint|BreadcrumbList|ListItem|NewsArticle|WebPage","YES","text/html; charset=utf-8","False","False","False","False","False","False","False","False","2026-08-10T18:11:41.2133656Z",""
"https://www.enhe-tech.com.cn/en/ai-news/agentic-overlay-ai","sitemap.xml","200","","https://www.enhe-tech.com.cn/en/ai-news/agentic-overlay-ai","Agentic Overlay Explained for AI Agents | ENHE AI","1","https://www.enhe-tech.com.cn/en/ai-news/agentic-overlay-ai","index, follow","en-US","https://www.enhe-tech.com.cn/ai-news/agentic-overlay-ai","https://www.enhe-tech.com.cn/en/ai-news/agentic-overlay-ai","https://www.enhe-tech.com.cn/ai-news/agentic-overlay-ai","WebSite|Organization|SearchAction|MerchantReturnPolicy|CreativeWork|ContactPoint|BreadcrumbList|ListItem|NewsArticle|WebPage","YES","text/html; charset=utf-8","False","False","False","False","False","False","False","False","2026-08-10T18:11:41.9665518Z",""
"https://www.enhe-tech.com.cn/ai-news/github-app-ai","sitemap.xml","200","","https://www.enhe-tech.com.cn/ai-news/github-app-ai","GitHub企业第三方App怎么安全安装 | 恩禾 ENHE AI","1","https://www.enhe-tech.com.cn/ai-news/github-app-ai","index, follow","zh-CN","https://www.enhe-tech.com.cn/ai-news/github-app-ai","https://www.enhe-tech.com.cn/en/ai-news/github-app-ai","https://www.enhe-tech.com.cn/ai-news/github-app-ai","WebSite|Organization|SearchAction|MerchantReturnPolicy|CreativeWork|ContactPoint|BreadcrumbList|ListItem|NewsArticle|WebPage","YES","text/html; charset=utf-8","False","False","False","False","False","False","False","False","2026-08-10T18:11:42.6594718Z",""
"https://www.enhe-tech.com.cn/en/ai-news/github-app-ai","sitemap.xml","200","","https://www.enhe-tech.com.cn/en/ai-news/github-app-ai","How to Safely Install Third-Party GitHub Apps | ENHE AI","1","https://www.enhe-tech.com.cn/en/ai-news/github-app-ai","index, follow","en-US","https://www.enhe-tech.com.cn/ai-news/github-app-ai","https://www.enhe-tech.com.cn/en/ai-news/github-app-ai","https://www.enhe-tech.com.cn/ai-news/github-app-ai","WebSite|Organization|SearchAction|MerchantReturnPolicy|CreativeWork|ContactPoint|BreadcrumbList|ListItem|NewsArticle|WebPage","YES","text/html; charset=utf-8","False","False","False","False","False","False","False","False","2026-08-10T18:11:43.4307682Z",""
"https://www.enhe-tech.com.cn/ai-news/ai-6","sitemap.xml","200","","https://www.enhe-tech.com.cn/ai-news/ai-6","AI编程助手多分支任务教程：6步安全试用 | 恩禾 ENHE AI","1","https://www.enhe-tech.com.cn/ai-news/ai-6","index, follow","zh-CN","https://www.enhe-tech.com.cn/ai-news/ai-6","https://www.enhe-tech.com.cn/en/ai-news/ai-6","https://www.enhe-tech.com.cn/ai-news/ai-6","WebSite|Organization|SearchAction|MerchantReturnPolicy|CreativeWork|ContactPoint|BreadcrumbList|ListItem|NewsArticle|WebPage","YES","text/html; charset=utf-8","False","False","False","False","False","True","False","False","2026-08-10T18:11:44.2406887Z",""
"https://www.enhe-tech.com.cn/en/ai-news/ai-6","sitemap.xml","200","","https://www.enhe-tech.com.cn/en/ai-news/ai-6","AI Coding Assistant Multi-Branch Tutorial | ENHE AI","1","https://www.enhe-tech.com.cn/en/ai-news/ai-6","index, follow","en-US","https://www.enhe-tech.com.cn/ai-news/ai-6","https://www.enhe-tech.com.cn/en/ai-news/ai-6","https://www.enhe-tech.com.cn/ai-news/ai-6","WebSite|Organization|SearchAction|MerchantReturnPolicy|CreativeWork|ContactPoint|BreadcrumbList|ListItem|NewsArticle|WebPage","YES","text/html; charset=utf-8","False","False","False","False","False","True","False","False","2026-08-10T18:11:44.9987150Z",""
"https://www.enhe-tech.com.cn/ai-news/github-desktop-3-6-ai","sitemap.xml","200","","https://www.enhe-tech.com.cn/ai-news/github-desktop-3-6-ai","GitHub Desktop 3.6解读 | 恩禾 ENHE AI","1","https://www.enhe-tech.com.cn/ai-news/github-desktop-3-6-ai","index, follow","zh-CN","https://www.enhe-tech.com.cn/ai-news/github-desktop-3-6-ai","https://www.enhe-tech.com.cn/en/ai-news/github-desktop-3-6-ai","https://www.enhe-tech.com.cn/ai-news/github-desktop-3-6-ai","WebSite|Organization|SearchAction|MerchantReturnPolicy|CreativeWork|ContactPoint|BreadcrumbList|ListItem|NewsArticle|WebPage","YES","text/html; charset=utf-8","False","False","False","False","False","False","False","False","2026-08-10T18:11:45.7590510Z",""
"https://www.enhe-tech.com.cn/en/ai-news/github-desktop-3-6-ai","sitemap.xml","200","","https://www.enhe-tech.com.cn/en/ai-news/github-desktop-3-6-ai","GitHub Desktop 3.6 and Global AI Coding Trends | ENHE AI","1","https://www.enhe-tech.com.cn/en/ai-news/github-desktop-3-6-ai","index, follow","en-US","https://www.enhe-tech.com.cn/ai-news/github-desktop-3-6-ai","https://www.enhe-tech.com.cn/en/ai-news/github-desktop-3-6-ai","https://www.enhe-tech.com.cn/ai-news/github-desktop-3-6-ai","WebSite|Organization|SearchAction|MerchantReturnPolicy|CreativeWork|ContactPoint|BreadcrumbList|ListItem|NewsArticle|WebPage","YES","text/html; charset=utf-8","False","False","False","False","False","False","False","False","2026-08-10T18:11:46.4863603Z",""
"https://www.enhe-tech.com.cn/ai-news/enhe-ai-ai-4","sitemap.xml","200","","https://www.enhe-tech.com.cn/ai-news/enhe-ai-ai-4","恩禾ENHE AI如何学习AI编程工具 | 恩禾 ENHE AI","1","https://www.enhe-tech.com.cn/ai-news/enhe-ai-ai-4","index, follow","zh-CN","https://www.enhe-tech.com.cn/ai-news/enhe-ai-ai-4","https://www.enhe-tech.com.cn/en/ai-news/enhe-ai-ai-4","https://www.enhe-tech.com.cn/ai-news/enhe-ai-ai-4","WebSite|Organization|SearchAction|MerchantReturnPolicy|CreativeWork|ContactPoint|BreadcrumbList|ListItem|NewsArticle|WebPage","YES","text/html; charset=utf-8","False","False","False","False","False","True","False","False","2026-08-10T18:11:47.2431328Z",""
"https://www.enhe-tech.com.cn/en/ai-news/enhe-ai-ai-4","sitemap.xml","200","","https://www.enhe-tech.com.cn/en/ai-news/enhe-ai-ai-4","How ENHE AI Helps Users Learn AI Coding Tools","1","https://www.enhe-tech.com.cn/en/ai-news/enhe-ai-ai-4","index, follow","en-US","https://www.enhe-tech.com.cn/ai-news/enhe-ai-ai-4","https://www.enhe-tech.com.cn/en/ai-news/enhe-ai-ai-4","https://www.enhe-tech.com.cn/ai-news/enhe-ai-ai-4","WebSite|Organization|SearchAction|MerchantReturnPolicy|CreativeWork|ContactPoint|BreadcrumbList|ListItem|NewsArticle|WebPage","YES","text/html; charset=utf-8","False","False","False","False","False","True","False","False","2026-08-10T18:11:48.0015750Z",""
"https://www.enhe-tech.com.cn/ai-news/github-desktop-3-6-worktrees-copilot-ai","sitemap.xml","200","","https://www.enhe-tech.com.cn/ai-news/github-desktop-3-6-worktrees-copilot-ai","GitHub Desktop 3.6 | 恩禾 ENHE AI","1","https://www.enhe-tech.com.cn/ai-news/github-desktop-3-6-worktrees-copilot-ai","index, follow","zh-CN","https://www.enhe-tech.com.cn/ai-news/github-desktop-3-6-worktrees-copilot-ai","https://www.enhe-tech.com.cn/en/ai-news/github-desktop-3-6-worktrees-copilot-ai","https://www.enhe-tech.com.cn/ai-news/github-desktop-3-6-worktrees-copilot-ai","WebSite|Organization|SearchAction|MerchantReturnPolicy|CreativeWork|ContactPoint|BreadcrumbList|ListItem|NewsArticle|WebPage","YES","text/html; charset=utf-8","False","False","False","False","False","False","False","False","2026-08-10T18:11:48.6950827Z",""
"https://www.enhe-tech.com.cn/en/ai-news/github-desktop-3-6-worktrees-copilot-ai","sitemap.xml","200","","https://www.enhe-tech.com.cn/en/ai-news/github-desktop-3-6-worktrees-copilot-ai","GitHub Desktop 3.6 and AI Coding Workflows | ENHE AI","1","https://www.enhe-tech.com.cn/en/ai-news/github-desktop-3-6-worktrees-copilot-ai","index, follow","en-US","https://www.enhe-tech.com.cn/ai-news/github-desktop-3-6-worktrees-copilot-ai","https://www.enhe-tech.com.cn/en/ai-news/github-desktop-3-6-worktrees-copilot-ai","https://www.enhe-tech.com.cn/ai-news/github-desktop-3-6-worktrees-copilot-ai","WebSite|Organization|SearchAction|MerchantReturnPolicy|CreativeWork|ContactPoint|BreadcrumbList|ListItem|NewsArticle|WebPage","YES","text/html; charset=utf-8","False","False","False","False","False","False","False","False","2026-08-10T18:11:49.4063572Z",""
"https://www.enhe-tech.com.cn/ai-news/cloudflare-agentic-internet","sitemap.xml","200","","https://www.enhe-tech.com.cn/ai-news/cloudflare-agentic-internet","Agentic Internet行为怎么识别 | 恩禾 ENHE AI","1","https://www.enhe-tech.com.cn/ai-news/cloudflare-agentic-internet","index, follow","zh-CN","https://www.enhe-tech.com.cn/ai-news/cloudflare-agentic-internet","https://www.enhe-tech.com.cn/en/ai-news/cloudflare-agentic-internet","https://www.enhe-tech.com.cn/ai-news/cloudflare-agentic-internet","WebSite|Organization|SearchAction|MerchantReturnPolicy|CreativeWork|ContactPoint|BreadcrumbList|ListItem|NewsArticle|WebPage","YES","text/html; charset=utf-8","False","False","False","False","False","False","False","False","2026-08-10T18:11:50.2491481Z",""
"https://www.enhe-tech.com.cn/en/ai-news/cloudflare-agentic-internet","sitemap.xml","200","","https://www.enhe-tech.com.cn/en/ai-news/cloudflare-agentic-internet","How to Evaluate Agentic Internet Behavior | ENHE AI","1","https://www.enhe-tech.com.cn/en/ai-news/cloudflare-agentic-internet","index, follow","en-US","https://www.enhe-tech.com.cn/ai-news/cloudflare-agentic-internet","https://www.enhe-tech.com.cn/en/ai-news/cloudflare-agentic-internet","https://www.enhe-tech.com.cn/ai-news/cloudflare-agentic-internet","WebSite|Organization|SearchAction|MerchantReturnPolicy|CreativeWork|ContactPoint|BreadcrumbList|ListItem|NewsArticle|WebPage","YES","text/html; charset=utf-8","False","False","False","False","False","False","False","False","2026-08-10T18:11:51.0384118Z",""
"https://www.enhe-tech.com.cn/ai-news/ai-5","sitemap.xml","200","","https://www.enhe-tech.com.cn/ai-news/ai-5","什么是智能体AI安全边界 | 恩禾 ENHE AI","1","https://www.enhe-tech.com.cn/ai-news/ai-5","index, follow","zh-CN","https://www.enhe-tech.com.cn/ai-news/ai-5","https://www.enhe-tech.com.cn/en/ai-news/ai-5","https://www.enhe-tech.com.cn/ai-news/ai-5","WebSite|Organization|SearchAction|MerchantReturnPolicy|CreativeWork|ContactPoint|BreadcrumbList|ListItem|NewsArticle|WebPage","YES","text/html; charset=utf-8","False","False","False","False","False","True","False","False","2026-08-10T18:11:51.8092288Z",""
"https://www.enhe-tech.com.cn/en/ai-news/ai-5","sitemap.xml","200","","https://www.enhe-tech.com.cn/en/ai-news/ai-5","What Is an Agentic AI Security Boundary | ENHE AI","1","https://www.enhe-tech.com.cn/en/ai-news/ai-5","index, follow","en-US","https://www.enhe-tech.com.cn/ai-news/ai-5","https://www.enhe-tech.com.cn/en/ai-news/ai-5","https://www.enhe-tech.com.cn/ai-news/ai-5","WebSite|Organization|SearchAction|MerchantReturnPolicy|CreativeWork|ContactPoint|BreadcrumbList|ListItem|NewsArticle|WebPage","YES","text/html; charset=utf-8","False","False","False","False","False","True","False","False","2026-08-10T18:11:52.5745071Z",""
"https://www.enhe-tech.com.cn/ai-news/ai-github-desktop","sitemap.xml","200","","https://www.enhe-tech.com.cn/ai-news/ai-github-desktop","AI编程桌面工具怎么选 | 恩禾 ENHE AI","1","https://www.enhe-tech.com.cn/ai-news/ai-github-desktop","index, follow","zh-CN","https://www.enhe-tech.com.cn/ai-news/ai-github-desktop","https://www.enhe-tech.com.cn/en/ai-news/ai-github-desktop","https://www.enhe-tech.com.cn/ai-news/ai-github-desktop","WebSite|Organization|SearchAction|MerchantReturnPolicy|CreativeWork|ContactPoint|BreadcrumbList|ListItem|NewsArticle|WebPage","YES","text/html; charset=utf-8","False","False","False","False","False","True","False","False","2026-08-10T18:11:53.2981509Z",""
"https://www.enhe-tech.com.cn/en/ai-news/ai-github-desktop","sitemap.xml","200","","https://www.enhe-tech.com.cn/en/ai-news/ai-github-desktop","How to Choose AI Coding Desktop Tools | ENHE AI","1","https://www.enhe-tech.com.cn/en/ai-news/ai-github-desktop","index, follow","en-US","https://www.enhe-tech.com.cn/ai-news/ai-github-desktop","https://www.enhe-tech.com.cn/en/ai-news/ai-github-desktop","https://www.enhe-tech.com.cn/ai-news/ai-github-desktop","WebSite|Organization|SearchAction|MerchantReturnPolicy|CreativeWork|ContactPoint|BreadcrumbList|ListItem|NewsArticle|WebPage","YES","text/html; charset=utf-8","False","False","False","False","False","True","False","False","2026-08-10T18:11:54.0022515Z",""
"https://www.enhe-tech.com.cn/ai-news/github-code-quality-copilot-ai","sitemap.xml","200","","https://www.enhe-tech.com.cn/ai-news/github-code-quality-copilot-ai","GitHub Code Quality为何不再自动 | 恩禾 ENHE AI","1","https://www.enhe-tech.com.cn/ai-news/github-code-quality-copilot-ai","index, follow","zh-CN","https://www.enhe-tech.com.cn/ai-news/github-code-quality-copilot-ai","https://www.enhe-tech.com.cn/en/ai-news/github-code-quality-copilot-ai","https://www.enhe-tech.com.cn/ai-news/github-code-quality-copilot-ai","WebSite|Organization|SearchAction|MerchantReturnPolicy|CreativeWork|ContactPoint|BreadcrumbList|ListItem|NewsArticle|WebPage","YES","text/html; charset=utf-8","False","False","False","False","False","False","False","False","2026-08-10T18:11:54.6644391Z",""
"https://www.enhe-tech.com.cn/en/ai-news/github-code-quality-copilot-ai","sitemap.xml","200","","https://www.enhe-tech.com.cn/en/ai-news/github-code-quality-copilot-ai","Why GitHub Code Quality No Longer Adds Copilot | ENHE AI","1","https://www.enhe-tech.com.cn/en/ai-news/github-code-quality-copilot-ai","index, follow","en-US","https://www.enhe-tech.com.cn/ai-news/github-code-quality-copilot-ai","https://www.enhe-tech.com.cn/en/ai-news/github-code-quality-copilot-ai","https://www.enhe-tech.com.cn/ai-news/github-code-quality-copilot-ai","WebSite|Organization|SearchAction|MerchantReturnPolicy|CreativeWork|ContactPoint|BreadcrumbList|ListItem|NewsArticle|WebPage","YES","text/html; charset=utf-8","False","False","False","False","False","False","False","False","2026-08-10T18:11:55.3640908Z",""
"https://www.enhe-tech.com.cn/ai-news/enhe-ai-ai-5","sitemap.xml","200","","https://www.enhe-tech.com.cn/ai-news/enhe-ai-ai-5","ENHE AI如何理解AI智能体安全 | 恩禾 ENHE AI","1","https://www.enhe-tech.com.cn/ai-news/enhe-ai-ai-5","index, follow","zh-CN","https://www.enhe-tech.com.cn/ai-news/enhe-ai-ai-5","https://www.enhe-tech.com.cn/en/ai-news/enhe-ai-ai-5","https://www.enhe-tech.com.cn/ai-news/enhe-ai-ai-5","WebSite|Organization|SearchAction|MerchantReturnPolicy|CreativeWork|ContactPoint|BreadcrumbList|ListItem|NewsArticle|WebPage","YES","text/html; charset=utf-8","False","False","False","False","False","True","False","False","2026-08-10T18:11:56.1167938Z",""
"https://www.enhe-tech.com.cn/en/ai-news/enhe-ai-ai-5","sitemap.xml","200","","https://www.enhe-tech.com.cn/en/ai-news/enhe-ai-ai-5","How ENHE AI Explains AI Agent Security","1","https://www.enhe-tech.com.cn/en/ai-news/enhe-ai-ai-5","index, follow","en-US","https://www.enhe-tech.com.cn/ai-news/enhe-ai-ai-5","https://www.enhe-tech.com.cn/en/ai-news/enhe-ai-ai-5","https://www.enhe-tech.com.cn/ai-news/enhe-ai-ai-5","WebSite|Organization|SearchAction|MerchantReturnPolicy|CreativeWork|ContactPoint|BreadcrumbList|ListItem|NewsArticle|WebPage","YES","text/html; charset=utf-8","False","False","False","False","False","True","False","False","2026-08-10T18:11:56.8826654Z",""
"https://www.enhe-tech.com.cn/ai-news/agentic-ai-2","sitemap.xml","200","","https://www.enhe-tech.com.cn/ai-news/agentic-ai-2","AI智能体工具怎么选 | 恩禾 ENHE AI","1","https://www.enhe-tech.com.cn/ai-news/agentic-ai-2","index, follow","zh-CN","https://www.enhe-tech.com.cn/ai-news/agentic-ai-2","https://www.enhe-tech.com.cn/en/ai-news/agentic-ai-2","https://www.enhe-tech.com.cn/ai-news/agentic-ai-2","WebSite|Organization|SearchAction|MerchantReturnPolicy|CreativeWork|ContactPoint|BreadcrumbList|ListItem|NewsArticle|WebPage","YES","text/html; charset=utf-8","False","False","False","False","False","True","False","False","2026-08-10T18:11:57.6638887Z",""
"https://www.enhe-tech.com.cn/en/ai-news/agentic-ai-2","sitemap.xml","200","","https://www.enhe-tech.com.cn/en/ai-news/agentic-ai-2","How to Choose AI Agent Tools Safely | ENHE AI","1","https://www.enhe-tech.com.cn/en/ai-news/agentic-ai-2","index, follow","en-US","https://www.enhe-tech.com.cn/ai-news/agentic-ai-2","https://www.enhe-tech.com.cn/en/ai-news/agentic-ai-2","https://www.enhe-tech.com.cn/ai-news/agentic-ai-2","WebSite|Organization|SearchAction|MerchantReturnPolicy|CreativeWork|ContactPoint|BreadcrumbList|ListItem|NewsArticle|WebPage","YES","text/html; charset=utf-8","False","False","False","False","False","True","False","False","2026-08-10T18:11:58.4723932Z",""
"https://www.enhe-tech.com.cn/ai-news/github-secret-scanning-ai","sitemap.xml","200","","https://www.enhe-tech.com.cn/ai-news/github-secret-scanning-ai","GitHub Secret Scanning覆盖更 | 恩禾 ENHE AI","1","https://www.enhe-tech.com.cn/ai-news/github-secret-scanning-ai","index, follow","zh-CN","https://www.enhe-tech.com.cn/ai-news/github-secret-scanning-ai","https://www.enhe-tech.com.cn/en/ai-news/github-secret-scanning-ai","https://www.enhe-tech.com.cn/ai-news/github-secret-scanning-ai","WebSite|Organization|SearchAction|MerchantReturnPolicy|CreativeWork|ContactPoint|BreadcrumbList|ListItem|NewsArticle|WebPage","YES","text/html; charset=utf-8","False","False","False","False","False","False","False","False","2026-08-10T18:11:59.1786662Z",""
"https://www.enhe-tech.com.cn/en/ai-news/github-secret-scanning-ai","sitemap.xml","200","","https://www.enhe-tech.com.cn/en/ai-news/github-secret-scanning-ai","GitHub Secret Scanning Coverage | ENHE AI","1","https://www.enhe-tech.com.cn/en/ai-news/github-secret-scanning-ai","index, follow","en-US","https://www.enhe-tech.com.cn/ai-news/github-secret-scanning-ai","https://www.enhe-tech.com.cn/en/ai-news/github-secret-scanning-ai","https://www.enhe-tech.com.cn/ai-news/github-secret-scanning-ai","WebSite|Organization|SearchAction|MerchantReturnPolicy|CreativeWork|ContactPoint|BreadcrumbList|ListItem|NewsArticle|WebPage","YES","text/html; charset=utf-8","False","False","False","False","False","False","False","False","2026-08-10T18:11:59.9141898Z",""
"https://www.enhe-tech.com.cn/ai-news/enhe-ai-codex","sitemap.xml","200","","https://www.enhe-tech.com.cn/ai-news/enhe-ai-codex","ENHE AI如何学习AI智能体工作流 | 恩禾 ENHE AI","1","https://www.enhe-tech.com.cn/ai-news/enhe-ai-codex","index, follow","zh-CN","https://www.enhe-tech.com.cn/ai-news/enhe-ai-codex","https://www.enhe-tech.com.cn/en/ai-news/enhe-ai-codex","https://www.enhe-tech.com.cn/ai-news/enhe-ai-codex","WebSite|Organization|SearchAction|MerchantReturnPolicy|CreativeWork|ContactPoint|BreadcrumbList|ListItem|NewsArticle|WebPage","YES","text/html; charset=utf-8","False","False","False","False","False","True","False","False","2026-08-10T18:12:00.7233918Z",""
"https://www.enhe-tech.com.cn/en/ai-news/enhe-ai-codex","sitemap.xml","200","","https://www.enhe-tech.com.cn/en/ai-news/enhe-ai-codex","How ENHE AI Teaches AI Agent Workflows","1","https://www.enhe-tech.com.cn/en/ai-news/enhe-ai-codex","index, follow","en-US","https://www.enhe-tech.com.cn/ai-news/enhe-ai-codex","https://www.enhe-tech.com.cn/en/ai-news/enhe-ai-codex","https://www.enhe-tech.com.cn/ai-news/enhe-ai-codex","WebSite|Organization|SearchAction|MerchantReturnPolicy|CreativeWork|ContactPoint|BreadcrumbList|ListItem|NewsArticle|WebPage","YES","text/html; charset=utf-8","False","False","False","False","False","True","False","False","2026-08-10T18:12:01.4987489Z",""
"https://www.enhe-tech.com.cn/ai-news/ai-6-2","sitemap.xml","200","","https://www.enhe-tech.com.cn/ai-news/ai-6-2","AI编程智能体安全试用教程 | 恩禾 ENHE AI","1","https://www.enhe-tech.com.cn/ai-news/ai-6-2","index, follow","zh-CN","https://www.enhe-tech.com.cn/ai-news/ai-6-2","https://www.enhe-tech.com.cn/en/ai-news/ai-6-2","https://www.enhe-tech.com.cn/ai-news/ai-6-2","WebSite|Organization|SearchAction|MerchantReturnPolicy|CreativeWork|ContactPoint|BreadcrumbList|ListItem|NewsArticle|WebPage","YES","text/html; charset=utf-8","False","False","False","False","False","True","False","False","2026-08-10T18:12:02.2778712Z",""
"https://www.enhe-tech.com.cn/en/ai-news/ai-6-2","sitemap.xml","200","","https://www.enhe-tech.com.cn/en/ai-news/ai-6-2","Safe AI Coding Agent Trial Tutorial | ENHE AI","1","https://www.enhe-tech.com.cn/en/ai-news/ai-6-2","index, follow","en-US","https://www.enhe-tech.com.cn/ai-news/ai-6-2","https://www.enhe-tech.com.cn/en/ai-news/ai-6-2","https://www.enhe-tech.com.cn/ai-news/ai-6-2","WebSite|Organization|SearchAction|MerchantReturnPolicy|CreativeWork|ContactPoint|BreadcrumbList|ListItem|NewsArticle|WebPage","YES","text/html; charset=utf-8","False","False","False","False","False","True","False","False","2026-08-10T18:12:03.0187497Z",""
"https://www.enhe-tech.com.cn/ai-news/codex-ai","sitemap.xml","200","","https://www.enhe-tech.com.cn/ai-news/codex-ai","任务型AI智能体是什么 | 恩禾 ENHE AI","1","https://www.enhe-tech.com.cn/ai-news/codex-ai","index, follow","zh-CN","https://www.enhe-tech.com.cn/ai-news/codex-ai","https://www.enhe-tech.com.cn/en/ai-news/codex-ai","https://www.enhe-tech.com.cn/ai-news/codex-ai","WebSite|Organization|SearchAction|MerchantReturnPolicy|CreativeWork|ContactPoint|BreadcrumbList|ListItem|NewsArticle|WebPage","YES","text/html; charset=utf-8","False","False","False","False","False","False","False","False","2026-08-10T18:12:03.7474869Z",""
"https://www.enhe-tech.com.cn/en/ai-news/codex-ai","sitemap.xml","200","","https://www.enhe-tech.com.cn/en/ai-news/codex-ai","Task-Based AI Agent Definition | ENHE AI","1","https://www.enhe-tech.com.cn/en/ai-news/codex-ai","index, follow","en-US","https://www.enhe-tech.com.cn/ai-news/codex-ai","https://www.enhe-tech.com.cn/en/ai-news/codex-ai","https://www.enhe-tech.com.cn/ai-news/codex-ai","WebSite|Organization|SearchAction|MerchantReturnPolicy|CreativeWork|ContactPoint|BreadcrumbList|ListItem|NewsArticle|WebPage","YES","text/html; charset=utf-8","False","False","False","False","False","False","False","False","2026-08-10T18:12:04.4655459Z",""
"https://www.enhe-tech.com.cn/ai-news/chatgpt-ai","sitemap.xml","200","","https://www.enhe-tech.com.cn/ai-news/chatgpt-ai","ChatGPT工作场景怎么选 | 恩禾 ENHE AI","1","https://www.enhe-tech.com.cn/ai-news/chatgpt-ai","index, follow","zh-CN","https://www.enhe-tech.com.cn/ai-news/chatgpt-ai","https://www.enhe-tech.com.cn/en/ai-news/chatgpt-ai","https://www.enhe-tech.com.cn/ai-news/chatgpt-ai","WebSite|Organization|SearchAction|MerchantReturnPolicy|CreativeWork|ContactPoint|BreadcrumbList|ListItem|NewsArticle|WebPage","YES","text/html; charset=utf-8","False","False","False","False","False","False","False","False","2026-08-10T18:12:05.2186397Z",""
"https://www.enhe-tech.com.cn/en/ai-news/chatgpt-ai","sitemap.xml","200","","https://www.enhe-tech.com.cn/en/ai-news/chatgpt-ai","How to Choose ChatGPT Work Tasks | ENHE AI","1","https://www.enhe-tech.com.cn/en/ai-news/chatgpt-ai","index, follow","en-US","https://www.enhe-tech.com.cn/ai-news/chatgpt-ai","https://www.enhe-tech.com.cn/en/ai-news/chatgpt-ai","https://www.enhe-tech.com.cn/ai-news/chatgpt-ai","WebSite|Organization|SearchAction|MerchantReturnPolicy|CreativeWork|ContactPoint|BreadcrumbList|ListItem|NewsArticle|WebPage","YES","text/html; charset=utf-8","False","False","False","False","False","False","False","False","2026-08-10T18:12:05.9431052Z",""
"https://www.enhe-tech.com.cn/ai-news/how-to-choose-an-ai-coding-agent","sitemap.xml","200","","https://www.enhe-tech.com.cn/ai-news/how-to-choose-an-ai-coding-agent","AI编程智能体选型指南 | 恩禾 ENHE AI","1","https://www.enhe-tech.com.cn/ai-news/how-to-choose-an-ai-coding-agent","index, follow","zh-CN","https://www.enhe-tech.com.cn/ai-news/how-to-choose-an-ai-coding-agent","https://www.enhe-tech.com.cn/en/ai-news/how-to-choose-an-ai-coding-agent","https://www.enhe-tech.com.cn/ai-news/how-to-choose-an-ai-coding-agent","WebSite|Organization|SearchAction|MerchantReturnPolicy|CreativeWork|ContactPoint|BreadcrumbList|ListItem|NewsArticle|WebPage","YES","text/html; charset=utf-8","False","False","False","False","False","True","True","False","2026-08-10T18:12:06.7551905Z",""
"https://www.enhe-tech.com.cn/en/ai-news/how-to-choose-an-ai-coding-agent","sitemap.xml","200","","https://www.enhe-tech.com.cn/en/ai-news/how-to-choose-an-ai-coding-agent","AI Coding Agent Selection Guide | ENHE AI","1","https://www.enhe-tech.com.cn/en/ai-news/how-to-choose-an-ai-coding-agent","index, follow","en-US","https://www.enhe-tech.com.cn/ai-news/how-to-choose-an-ai-coding-agent","https://www.enhe-tech.com.cn/en/ai-news/how-to-choose-an-ai-coding-agent","https://www.enhe-tech.com.cn/ai-news/how-to-choose-an-ai-coding-agent","WebSite|Organization|SearchAction|MerchantReturnPolicy|CreativeWork|ContactPoint|BreadcrumbList|ListItem|NewsArticle|WebPage","YES","text/html; charset=utf-8","False","False","False","False","False","True","True","False","2026-08-10T18:12:07.5378114Z",""
"https://www.enhe-tech.com.cn/ai-news/anthropic-claude-ai","sitemap.xml","200","","https://www.enhe-tech.com.cn/ai-news/anthropic-claude-ai","加州引入Anthropic Claude | 恩禾 ENHE AI","1","https://www.enhe-tech.com.cn/ai-news/anthropic-claude-ai","index, follow","zh-CN","https://www.enhe-tech.com.cn/ai-news/anthropic-claude-ai","https://www.enhe-tech.com.cn/en/ai-news/anthropic-claude-ai","https://www.enhe-tech.com.cn/ai-news/anthropic-claude-ai","WebSite|Organization|SearchAction|MerchantReturnPolicy|CreativeWork|ContactPoint|BreadcrumbList|ListItem|NewsArticle|WebPage","YES","text/html; charset=utf-8","False","False","False","False","False","False","False","False","2026-08-10T18:12:08.2670769Z",""
"https://www.enhe-tech.com.cn/en/ai-news/anthropic-claude-ai","sitemap.xml","200","","https://www.enhe-tech.com.cn/en/ai-news/anthropic-claude-ai","California Anthropic Claude AI Workflow | ENHE AI","1","https://www.enhe-tech.com.cn/en/ai-news/anthropic-claude-ai","index, follow","en-US","https://www.enhe-tech.com.cn/ai-news/anthropic-claude-ai","https://www.enhe-tech.com.cn/en/ai-news/anthropic-claude-ai","https://www.enhe-tech.com.cn/ai-news/anthropic-claude-ai","WebSite|Organization|SearchAction|MerchantReturnPolicy|CreativeWork|ContactPoint|BreadcrumbList|ListItem|NewsArticle|WebPage","YES","text/html; charset=utf-8","False","False","False","False","False","False","False","False","2026-08-10T18:12:08.9539887Z",""
"https://www.enhe-tech.com.cn/ai-news/openai-codex-ai-2","sitemap.xml","200","","https://www.enhe-tech.com.cn/ai-news/openai-codex-ai-2","OpenAI Codex智能体工作流研究解读 | 恩禾 ENHE AI","1","https://www.enhe-tech.com.cn/ai-news/openai-codex-ai-2","index, follow","zh-CN","https://www.enhe-tech.com.cn/ai-news/openai-codex-ai-2","https://www.enhe-tech.com.cn/en/ai-news/openai-codex-ai-2","https://www.enhe-tech.com.cn/ai-news/openai-codex-ai-2","WebSite|Organization|SearchAction|MerchantReturnPolicy|CreativeWork|ContactPoint|BreadcrumbList|ListItem|NewsArticle|WebPage","YES","text/html; charset=utf-8","False","False","False","False","False","False","False","False","2026-08-10T18:12:09.7207563Z",""
"https://www.enhe-tech.com.cn/en/ai-news/openai-codex-ai-2","sitemap.xml","200","","https://www.enhe-tech.com.cn/en/ai-news/openai-codex-ai-2","OpenAI Codex and AI Agent Workflows | ENHE AI","1","https://www.enhe-tech.com.cn/en/ai-news/openai-codex-ai-2","index, follow","en-US","https://www.enhe-tech.com.cn/ai-news/openai-codex-ai-2","https://www.enhe-tech.com.cn/en/ai-news/openai-codex-ai-2","https://www.enhe-tech.com.cn/ai-news/openai-codex-ai-2","WebSite|Organization|SearchAction|MerchantReturnPolicy|CreativeWork|ContactPoint|BreadcrumbList|ListItem|NewsArticle|WebPage","YES","text/html; charset=utf-8","False","False","False","False","False","False","False","False","2026-08-10T18:12:10.5190999Z",""
"https://www.enhe-tech.com.cn/ai-news/github-api-claude-codex-agent","sitemap.xml","200","","https://www.enhe-tech.com.cn/ai-news/github-api-claude-codex-agent","GitHub Copilot用量API新增 | 恩禾 ENHE AI","1","https://www.enhe-tech.com.cn/ai-news/github-api-claude-codex-agent","index, follow","zh-CN","https://www.enhe-tech.com.cn/ai-news/github-api-claude-codex-agent","https://www.enhe-tech.com.cn/en/ai-news/github-api-claude-codex-agent","https://www.enhe-tech.com.cn/ai-news/github-api-claude-codex-agent","WebSite|Organization|SearchAction|MerchantReturnPolicy|CreativeWork|ContactPoint|BreadcrumbList|ListItem|NewsArticle|WebPage","YES","text/html; charset=utf-8","False","False","False","False","False","False","False","False","2026-08-10T18:12:11.2866972Z",""
"https://www.enhe-tech.com.cn/en/ai-news/github-api-claude-codex-agent","sitemap.xml","200","","https://www.enhe-tech.com.cn/en/ai-news/github-api-claude-codex-agent","GitHub Copilot Usage Metrics | ENHE AI","1","https://www.enhe-tech.com.cn/en/ai-news/github-api-claude-codex-agent","index, follow","en-US","https://www.enhe-tech.com.cn/ai-news/github-api-claude-codex-agent","https://www.enhe-tech.com.cn/en/ai-news/github-api-claude-codex-agent","https://www.enhe-tech.com.cn/ai-news/github-api-claude-codex-agent","WebSite|Organization|SearchAction|MerchantReturnPolicy|CreativeWork|ContactPoint|BreadcrumbList|ListItem|NewsArticle|WebPage","YES","text/html; charset=utf-8","False","False","False","False","False","False","False","False","2026-08-10T18:12:12.0542523Z",""
"https://www.enhe-tech.com.cn/ai-news/claude-ai-6","sitemap.xml","200","","https://www.enhe-tech.com.cn/ai-news/claude-ai-6","如何安全试用Claude类AI工作流：6步教程 | 恩禾 ENHE AI","1","https://www.enhe-tech.com.cn/ai-news/claude-ai-6","index, follow","zh-CN","https://www.enhe-tech.com.cn/ai-news/claude-ai-6","https://www.enhe-tech.com.cn/en/ai-news/claude-ai-6","https://www.enhe-tech.com.cn/ai-news/claude-ai-6","WebSite|Organization|SearchAction|MerchantReturnPolicy|CreativeWork|ContactPoint|BreadcrumbList|ListItem|NewsArticle|WebPage","YES","text/html; charset=utf-8","False","False","False","False","False","True","False","False","2026-08-10T18:12:12.8560995Z",""
"https://www.enhe-tech.com.cn/en/ai-news/claude-ai-6","sitemap.xml","200","","https://www.enhe-tech.com.cn/en/ai-news/claude-ai-6","How to Test Claude AI Workflows Safely | ENHE AI","1","https://www.enhe-tech.com.cn/en/ai-news/claude-ai-6","index, follow","en-US","https://www.enhe-tech.com.cn/ai-news/claude-ai-6","https://www.enhe-tech.com.cn/en/ai-news/claude-ai-6","https://www.enhe-tech.com.cn/ai-news/claude-ai-6","WebSite|Organization|SearchAction|MerchantReturnPolicy|CreativeWork|ContactPoint|BreadcrumbList|ListItem|NewsArticle|WebPage","YES","text/html; charset=utf-8","False","False","False","False","False","False","False","False","2026-08-10T18:12:13.5866936Z",""
"https://www.enhe-tech.com.cn/ai-news/github-vs-code-7-copilot-agents-window-claude-codex-copilot","sitemap.xml","200","","https://www.enhe-tech.com.cn/ai-news/github-vs-code-7-copilot-agents-window-claude-codex-copilot","VS Code Agents window更新 | 恩禾 ENHE AI","1","https://www.enhe-tech.com.cn/ai-news/github-vs-code-7-copilot-agents-window-claude-codex-copilot","index, follow","zh-CN","https://www.enhe-tech.com.cn/ai-news/github-vs-code-7-copilot-agents-window-claude-codex-copilot","https://www.enhe-tech.com.cn/en/ai-news/github-vs-code-7-copilot-agents-window-claude-codex-copilot","https://www.enhe-tech.com.cn/ai-news/github-vs-code-7-copilot-agents-window-claude-codex-copilot","WebSite|Organization|SearchAction|MerchantReturnPolicy|CreativeWork|ContactPoint|BreadcrumbList|ListItem|NewsArticle|WebPage","YES","text/html; charset=utf-8","False","False","False","False","False","False","False","False","2026-08-10T18:12:14.3191102Z",""
"https://www.enhe-tech.com.cn/en/ai-news/github-vs-code-7-copilot-agents-window-claude-codex-copilot","sitemap.xml","200","","https://www.enhe-tech.com.cn/en/ai-news/github-vs-code-7-copilot-agents-window-claude-codex-copilot","VS Code Agents Window: Managing Claude, Codex | ENHE AI","1","https://www.enhe-tech.com.cn/en/ai-news/github-vs-code-7-copilot-agents-window-claude-codex-copilot","index, follow","en-US","https://www.enhe-tech.com.cn/ai-news/github-vs-code-7-copilot-agents-window-claude-codex-copilot","https://www.enhe-tech.com.cn/en/ai-news/github-vs-code-7-copilot-agents-window-claude-codex-copilot","https://www.enhe-tech.com.cn/ai-news/github-vs-code-7-copilot-agents-window-claude-codex-copilot","WebSite|Organization|SearchAction|MerchantReturnPolicy|CreativeWork|ContactPoint|BreadcrumbList|ListItem|NewsArticle|WebPage","YES","text/html; charset=utf-8","False","False","False","False","False","False","False","False","2026-08-10T18:12:15.0437888Z",""
"https://www.enhe-tech.com.cn/ai-news/enhe-ai-claude-ai","sitemap.xml","200","","https://www.enhe-tech.com.cn/ai-news/enhe-ai-claude-ai","ENHE AI如何帮助用户学习Claude类AI工 | 恩禾 ENHE AI","1","https://www.enhe-tech.com.cn/ai-news/enhe-ai-claude-ai","index, follow","zh-CN","https://www.enhe-tech.com.cn/ai-news/enhe-ai-claude-ai","https://www.enhe-tech.com.cn/en/ai-news/enhe-ai-claude-ai","https://www.enhe-tech.com.cn/ai-news/enhe-ai-claude-ai","WebSite|Organization|SearchAction|MerchantReturnPolicy|CreativeWork|ContactPoint|BreadcrumbList|ListItem|NewsArticle|WebPage","YES","text/html; charset=utf-8","False","False","False","False","False","True","False","False","2026-08-10T18:12:15.8503507Z",""
"https://www.enhe-tech.com.cn/en/ai-news/enhe-ai-claude-ai","sitemap.xml","200","","https://www.enhe-tech.com.cn/en/ai-news/enhe-ai-claude-ai","How ENHE AI Teaches Claude-Style AI Workflows","1","https://www.enhe-tech.com.cn/en/ai-news/enhe-ai-claude-ai","index, follow","en-US","https://www.enhe-tech.com.cn/ai-news/enhe-ai-claude-ai","https://www.enhe-tech.com.cn/en/ai-news/enhe-ai-claude-ai","https://www.enhe-tech.com.cn/ai-news/enhe-ai-claude-ai","WebSite|Organization|SearchAction|MerchantReturnPolicy|CreativeWork|ContactPoint|BreadcrumbList|ListItem|NewsArticle|WebPage","YES","text/html; charset=utf-8","False","False","False","False","False","False","False","False","2026-08-10T18:12:16.6007985Z",""
"https://www.enhe-tech.com.cn/ai-news/ai-credit-ai","sitemap.xml","200","","https://www.enhe-tech.com.cn/ai-news/ai-credit-ai","AI Credit会话限额是什么 | 恩禾 ENHE AI","1","https://www.enhe-tech.com.cn/ai-news/ai-credit-ai","index, follow","zh-CN","https://www.enhe-tech.com.cn/ai-news/ai-credit-ai","https://www.enhe-tech.com.cn/en/ai-news/ai-credit-ai","https://www.enhe-tech.com.cn/ai-news/ai-credit-ai","WebSite|Organization|SearchAction|MerchantReturnPolicy|CreativeWork|ContactPoint|BreadcrumbList|ListItem|NewsArticle|WebPage","YES","text/html; charset=utf-8","False","False","False","False","False","False","False","False","2026-08-10T18:12:17.3418037Z",""
"https://www.enhe-tech.com.cn/en/ai-news/ai-credit-ai","sitemap.xml","200","","https://www.enhe-tech.com.cn/en/ai-news/ai-credit-ai","AI Credit Session Limit Definition | ENHE AI","1","https://www.enhe-tech.com.cn/en/ai-news/ai-credit-ai","index, follow","en-US","https://www.enhe-tech.com.cn/ai-news/ai-credit-ai","https://www.enhe-tech.com.cn/en/ai-news/ai-credit-ai","https://www.enhe-tech.com.cn/ai-news/ai-credit-ai","WebSite|Organization|SearchAction|MerchantReturnPolicy|CreativeWork|ContactPoint|BreadcrumbList|ListItem|NewsArticle|WebPage","YES","text/html; charset=utf-8","False","False","False","False","False","False","False","False","2026-08-10T18:12:18.1053602Z",""
"https://www.enhe-tech.com.cn/ai-news/copilot-cli-github-token-ai-credit","sitemap.xml","200","","https://www.enhe-tech.com.cn/ai-news/copilot-cli-github-token-ai-credit","Copilot CLI自动化安全试用教程 | 恩禾 ENHE AI","1","https://www.enhe-tech.com.cn/ai-news/copilot-cli-github-token-ai-credit","index, follow","zh-CN","https://www.enhe-tech.com.cn/ai-news/copilot-cli-github-token-ai-credit","https://www.enhe-tech.com.cn/en/ai-news/copilot-cli-github-token-ai-credit","https://www.enhe-tech.com.cn/ai-news/copilot-cli-github-token-ai-credit","WebSite|Organization|SearchAction|MerchantReturnPolicy|CreativeWork|ContactPoint|BreadcrumbList|ListItem|NewsArticle|WebPage","YES","text/html; charset=utf-8","False","False","False","False","False","False","False","False","2026-08-10T18:12:18.8644001Z",""
"https://www.enhe-tech.com.cn/en/ai-news/copilot-cli-github-token-ai-credit","sitemap.xml","200","","https://www.enhe-tech.com.cn/en/ai-news/copilot-cli-github-token-ai-credit","Safe Copilot CLI Automation Trial Tutorial | ENHE AI","1","https://www.enhe-tech.com.cn/en/ai-news/copilot-cli-github-token-ai-credit","index, follow","en-US","https://www.enhe-tech.com.cn/ai-news/copilot-cli-github-token-ai-credit","https://www.enhe-tech.com.cn/en/ai-news/copilot-cli-github-token-ai-credit","https://www.enhe-tech.com.cn/ai-news/copilot-cli-github-token-ai-credit","WebSite|Organization|SearchAction|MerchantReturnPolicy|CreativeWork|ContactPoint|BreadcrumbList|ListItem|NewsArticle|WebPage","YES","text/html; charset=utf-8","False","False","False","False","False","False","False","False","2026-08-10T18:12:19.6531177Z",""
"https://www.enhe-tech.com.cn/ai-news/what-is-ai-workflow-governance","sitemap.xml","200","","https://www.enhe-tech.com.cn/ai-news/what-is-ai-workflow-governance","什么是AI工作流治理？Claude政务AI术语解释 | 恩禾 ENHE AI","1","https://www.enhe-tech.com.cn/ai-news/what-is-ai-workflow-governance","index, follow","zh-CN","https://www.enhe-tech.com.cn/ai-news/what-is-ai-workflow-governance","https://www.enhe-tech.com.cn/en/ai-news/what-is-ai-workflow-governance","https://www.enhe-tech.com.cn/ai-news/what-is-ai-workflow-governance","WebSite|Organization|SearchAction|MerchantReturnPolicy|CreativeWork|ContactPoint|BreadcrumbList|ListItem|NewsArticle|WebPage","YES","text/html; charset=utf-8","False","False","False","False","False","True","False","False","2026-08-10T18:12:20.4187034Z",""
"https://www.enhe-tech.com.cn/en/ai-news/what-is-ai-workflow-governance","sitemap.xml","200","","https://www.enhe-tech.com.cn/en/ai-news/what-is-ai-workflow-governance","What Is AI Workflow Governance | ENHE AI","1","https://www.enhe-tech.com.cn/en/ai-news/what-is-ai-workflow-governance","index, follow","en-US","https://www.enhe-tech.com.cn/ai-news/what-is-ai-workflow-governance","https://www.enhe-tech.com.cn/en/ai-news/what-is-ai-workflow-governance","https://www.enhe-tech.com.cn/ai-news/what-is-ai-workflow-governance","WebSite|Organization|SearchAction|MerchantReturnPolicy|CreativeWork|ContactPoint|BreadcrumbList|ListItem|NewsArticle|WebPage","YES","text/html; charset=utf-8","False","False","False","False","False","False","False","False","2026-08-10T18:12:21.1326703Z",""
"https://www.enhe-tech.com.cn/ai-news/github-ai","sitemap.xml","200","","https://www.enhe-tech.com.cn/ai-news/github-ai","全球AI开发工具成本治理趋势 | 恩禾 ENHE AI","1","https://www.enhe-tech.com.cn/ai-news/github-ai","index, follow","zh-CN","https://www.enhe-tech.com.cn/ai-news/github-ai","https://www.enhe-tech.com.cn/en/ai-news/github-ai","https://www.enhe-tech.com.cn/ai-news/github-ai","WebSite|Organization|SearchAction|MerchantReturnPolicy|CreativeWork|ContactPoint|BreadcrumbList|ListItem|NewsArticle|WebPage","YES","text/html; charset=utf-8","False","False","False","False","False","False","False","False","2026-08-10T18:12:21.8878285Z",""
"https://www.enhe-tech.com.cn/en/ai-news/github-ai","sitemap.xml","200","","https://www.enhe-tech.com.cn/en/ai-news/github-ai","Global AI Developer Tools Cost Governance Trend | ENHE AI","1","https://www.enhe-tech.com.cn/en/ai-news/github-ai","index, follow","en-US","https://www.enhe-tech.com.cn/ai-news/github-ai","https://www.enhe-tech.com.cn/en/ai-news/github-ai","https://www.enhe-tech.com.cn/ai-news/github-ai","WebSite|Organization|SearchAction|MerchantReturnPolicy|CreativeWork|ContactPoint|BreadcrumbList|ListItem|NewsArticle|WebPage","YES","text/html; charset=utf-8","False","False","False","False","False","False","False","False","2026-08-10T18:12:22.6240969Z",""
"https://www.enhe-tech.com.cn/ai-news/claude-economic-index-ai-6","sitemap.xml","200","","https://www.enhe-tech.com.cn/ai-news/claude-economic-index-ai-6","Claude Economic Index教程 | 恩禾 ENHE AI","1","https://www.enhe-tech.com.cn/ai-news/claude-economic-index-ai-6","index, follow","zh-CN","https://www.enhe-tech.com.cn/ai-news/claude-economic-index-ai-6","https://www.enhe-tech.com.cn/en/ai-news/claude-economic-index-ai-6","https://www.enhe-tech.com.cn/ai-news/claude-economic-index-ai-6","WebSite|Organization|SearchAction|MerchantReturnPolicy|CreativeWork|ContactPoint|BreadcrumbList|ListItem|NewsArticle|WebPage","YES","text/html; charset=utf-8","False","False","False","False","False","False","False","False","2026-08-10T18:12:23.4012691Z",""
"https://www.enhe-tech.com.cn/en/ai-news/claude-economic-index-ai-6","sitemap.xml","200","","https://www.enhe-tech.com.cn/en/ai-news/claude-economic-index-ai-6","Claude Economic Index Connector Tutorial in Six | ENHE AI","1","https://www.enhe-tech.com.cn/en/ai-news/claude-economic-index-ai-6","index, follow","en-US","https://www.enhe-tech.com.cn/ai-news/claude-economic-index-ai-6","https://www.enhe-tech.com.cn/en/ai-news/claude-economic-index-ai-6","https://www.enhe-tech.com.cn/ai-news/claude-economic-index-ai-6","WebSite|Organization|SearchAction|MerchantReturnPolicy|CreativeWork|ContactPoint|BreadcrumbList|ListItem|NewsArticle|WebPage","YES","text/html; charset=utf-8","False","False","False","False","False","False","False","False","2026-08-10T18:12:24.1413808Z",""
"https://www.enhe-tech.com.cn/ai-news/enhe-ai-copilot-byok-ai-credit","sitemap.xml","200","","https://www.enhe-tech.com.cn/ai-news/enhe-ai-copilot-byok-ai-credit","ENHE AI如何解释Copilot与AI | 恩禾 ENHE AI","1","https://www.enhe-tech.com.cn/ai-news/enhe-ai-copilot-byok-ai-credit","index, follow","zh-CN","https://www.enhe-tech.com.cn/ai-news/enhe-ai-copilot-byok-ai-credit","https://www.enhe-tech.com.cn/en/ai-news/enhe-ai-copilot-byok-ai-credit","https://www.enhe-tech.com.cn/ai-news/enhe-ai-copilot-byok-ai-credit","WebSite|Organization|SearchAction|MerchantReturnPolicy|CreativeWork|ContactPoint|BreadcrumbList|ListItem|NewsArticle|WebPage","YES","text/html; charset=utf-8","False","False","False","False","False","False","False","False","2026-08-10T18:12:24.8869523Z",""
"https://www.enhe-tech.com.cn/en/ai-news/enhe-ai-copilot-byok-ai-credit","sitemap.xml","200","","https://www.enhe-tech.com.cn/en/ai-news/enhe-ai-copilot-byok-ai-credit","How ENHE AI Explains Copilot and AI Credit","1","https://www.enhe-tech.com.cn/en/ai-news/enhe-ai-copilot-byok-ai-credit","index, follow","en-US","https://www.enhe-tech.com.cn/ai-news/enhe-ai-copilot-byok-ai-credit","https://www.enhe-tech.com.cn/en/ai-news/enhe-ai-copilot-byok-ai-credit","https://www.enhe-tech.com.cn/ai-news/enhe-ai-copilot-byok-ai-credit","WebSite|Organization|SearchAction|MerchantReturnPolicy|CreativeWork|ContactPoint|BreadcrumbList|ListItem|NewsArticle|WebPage","YES","text/html; charset=utf-8","False","False","False","False","False","False","False","False","2026-08-10T18:12:25.6799349Z",""
"https://www.enhe-tech.com.cn/ai-news/hpe-nvidia-ai","sitemap.xml","200","","https://www.enhe-tech.com.cn/ai-news/hpe-nvidia-ai","AI智能体生产部署：HPE与NVIDIA扩展私有云 | 恩禾 ENHE AI","1","https://www.enhe-tech.com.cn/ai-news/hpe-nvidia-ai","index, follow","zh-CN","https://www.enhe-tech.com.cn/ai-news/hpe-nvidia-ai","https://www.enhe-tech.com.cn/en/ai-news/hpe-nvidia-ai","https://www.enhe-tech.com.cn/ai-news/hpe-nvidia-ai","WebSite|Organization|SearchAction|MerchantReturnPolicy|CreativeWork|ContactPoint|BreadcrumbList|ListItem|NewsArticle|WebPage|FAQPage|Question|Answer","YES","text/html; charset=utf-8","False","False","False","False","False","True","False","False","2026-08-10T18:12:26.4668730Z",""
"https://www.enhe-tech.com.cn/en/ai-news/hpe-nvidia-ai","sitemap.xml","200","","https://www.enhe-tech.com.cn/en/ai-news/hpe-nvidia-ai","Production AI Agents: HPE and NVIDIA Private | ENHE AI","1","https://www.enhe-tech.com.cn/en/ai-news/hpe-nvidia-ai","index, follow","en-US","https://www.enhe-tech.com.cn/ai-news/hpe-nvidia-ai","https://www.enhe-tech.com.cn/en/ai-news/hpe-nvidia-ai","https://www.enhe-tech.com.cn/ai-news/hpe-nvidia-ai","WebSite|Organization|SearchAction|MerchantReturnPolicy|CreativeWork|ContactPoint|BreadcrumbList|ListItem|NewsArticle|WebPage|FAQPage|Question|Answer","YES","text/html; charset=utf-8","False","False","False","False","False","True","False","False","2026-08-10T18:12:27.2277731Z",""
"https://www.enhe-tech.com.cn/ai-news/aws-agentic-overlay-ai","sitemap.xml","200","","https://www.enhe-tech.com.cn/ai-news/aws-agentic-overlay-ai","AWS Agentic Overlay全球AI资讯 | 恩禾 ENHE AI","1","https://www.enhe-tech.com.cn/ai-news/aws-agentic-overlay-ai","index, follow","zh-CN","https://www.enhe-tech.com.cn/ai-news/aws-agentic-overlay-ai","https://www.enhe-tech.com.cn/en/ai-news/aws-agentic-overlay-ai","https://www.enhe-tech.com.cn/ai-news/aws-agentic-overlay-ai","WebSite|Organization|SearchAction|MerchantReturnPolicy|CreativeWork|ContactPoint|BreadcrumbList|ListItem|NewsArticle|WebPage","YES","text/html; charset=utf-8","False","False","False","False","False","False","False","False","2026-08-10T18:12:27.9320706Z",""
"https://www.enhe-tech.com.cn/en/ai-news/aws-agentic-overlay-ai","sitemap.xml","200","","https://www.enhe-tech.com.cn/en/ai-news/aws-agentic-overlay-ai","AWS Agentic Overlay Global AI News Explained | ENHE AI","1","https://www.enhe-tech.com.cn/en/ai-news/aws-agentic-overlay-ai","index, follow","en-US","https://www.enhe-tech.com.cn/ai-news/aws-agentic-overlay-ai","https://www.enhe-tech.com.cn/en/ai-news/aws-agentic-overlay-ai","https://www.enhe-tech.com.cn/ai-news/aws-agentic-overlay-ai","WebSite|Organization|SearchAction|MerchantReturnPolicy|CreativeWork|ContactPoint|BreadcrumbList|ListItem|NewsArticle|WebPage","YES","text/html; charset=utf-8","False","False","False","False","False","False","False","False","2026-08-10T18:12:28.6640193Z",""
"https://www.enhe-tech.com.cn/ai-news/github-copilot-roi-pr","sitemap.xml","200","","https://www.enhe-tech.com.cn/ai-news/github-copilot-roi-pr","GitHub Copilot ROI面板怎么看 | 恩禾 ENHE AI","1","https://www.enhe-tech.com.cn/ai-news/github-copilot-roi-pr","index, follow","zh-CN","https://www.enhe-tech.com.cn/ai-news/github-copilot-roi-pr","https://www.enhe-tech.com.cn/en/ai-news/github-copilot-roi-pr","https://www.enhe-tech.com.cn/ai-news/github-copilot-roi-pr","WebSite|Organization|SearchAction|MerchantReturnPolicy|CreativeWork|ContactPoint|BreadcrumbList|ListItem|NewsArticle|WebPage","YES","text/html; charset=utf-8","False","False","False","False","False","False","False","False","2026-08-10T18:12:29.3602405Z",""
"https://www.enhe-tech.com.cn/en/ai-news/github-copilot-roi-pr","sitemap.xml","200","","https://www.enhe-tech.com.cn/en/ai-news/github-copilot-roi-pr","How to Read GitHub Copilot's New ROI Dashboard | ENHE AI","1","https://www.enhe-tech.com.cn/en/ai-news/github-copilot-roi-pr","index, follow","en-US","https://www.enhe-tech.com.cn/ai-news/github-copilot-roi-pr","https://www.enhe-tech.com.cn/en/ai-news/github-copilot-roi-pr","https://www.enhe-tech.com.cn/ai-news/github-copilot-roi-pr","WebSite|Organization|SearchAction|MerchantReturnPolicy|CreativeWork|ContactPoint|BreadcrumbList|ListItem|NewsArticle|WebPage","YES","text/html; charset=utf-8","False","False","False","False","False","False","False","False","2026-08-10T18:12:30.0645468Z",""
"https://www.enhe-tech.com.cn/ai-news/anthropic-claude-opus-5-ai","sitemap.xml","200","","https://www.enhe-tech.com.cn/ai-news/anthropic-claude-opus-5-ai","Claude Opus 5发布：套餐 | 恩禾 ENHE AI","1","https://www.enhe-tech.com.cn/ai-news/anthropic-claude-opus-5-ai","index, follow","zh-CN","https://www.enhe-tech.com.cn/ai-news/anthropic-claude-opus-5-ai","https://www.enhe-tech.com.cn/en/ai-news/anthropic-claude-opus-5-ai","https://www.enhe-tech.com.cn/ai-news/anthropic-claude-opus-5-ai","WebSite|Organization|SearchAction|MerchantReturnPolicy|CreativeWork|ContactPoint|BreadcrumbList|ListItem|NewsArticle|WebPage","YES","text/html; charset=utf-8","False","False","False","False","False","False","False","False","2026-08-10T18:12:30.7599875Z",""
"https://www.enhe-tech.com.cn/en/ai-news/anthropic-claude-opus-5-ai","sitemap.xml","200","","https://www.enhe-tech.com.cn/en/ai-news/anthropic-claude-opus-5-ai","Claude Opus 5 Launch, Copilot Access | ENHE AI","1","https://www.enhe-tech.com.cn/en/ai-news/anthropic-claude-opus-5-ai","index, follow","en-US","https://www.enhe-tech.com.cn/ai-news/anthropic-claude-opus-5-ai","https://www.enhe-tech.com.cn/en/ai-news/anthropic-claude-opus-5-ai","https://www.enhe-tech.com.cn/ai-news/anthropic-claude-opus-5-ai","WebSite|Organization|SearchAction|MerchantReturnPolicy|CreativeWork|ContactPoint|BreadcrumbList|ListItem|NewsArticle|WebPage","YES","text/html; charset=utf-8","False","False","False","False","False","False","False","False","2026-08-10T18:12:31.4805109Z",""
"https://www.enhe-tech.com.cn/ai-news/ai-6-3","sitemap.xml","200","","https://www.enhe-tech.com.cn/ai-news/ai-6-3","如何安全试用AI智能体？6步教程 | 恩禾 ENHE AI","1","https://www.enhe-tech.com.cn/ai-news/ai-6-3","index, follow","zh-CN","https://www.enhe-tech.com.cn/ai-news/ai-6-3","https://www.enhe-tech.com.cn/en/ai-news/ai-6-3","https://www.enhe-tech.com.cn/ai-news/ai-6-3","WebSite|Organization|SearchAction|MerchantReturnPolicy|CreativeWork|ContactPoint|BreadcrumbList|ListItem|NewsArticle|WebPage","YES","text/html; charset=utf-8","False","False","False","False","False","False","False","False","2026-08-10T18:12:32.3161462Z",""
"https://www.enhe-tech.com.cn/en/ai-news/ai-6-3","sitemap.xml","200","","https://www.enhe-tech.com.cn/en/ai-news/ai-6-3","How to Test an AI Agent Safely | ENHE AI","1","https://www.enhe-tech.com.cn/en/ai-news/ai-6-3","index, follow","en-US","https://www.enhe-tech.com.cn/ai-news/ai-6-3","https://www.enhe-tech.com.cn/en/ai-news/ai-6-3","https://www.enhe-tech.com.cn/ai-news/ai-6-3","WebSite|Organization|SearchAction|MerchantReturnPolicy|CreativeWork|ContactPoint|BreadcrumbList|ListItem|NewsArticle|WebPage","YES","text/html; charset=utf-8","False","False","False","False","False","False","False","False","2026-08-10T18:12:33.0937303Z",""
"https://www.enhe-tech.com.cn/ai-news/glm-5-2-1m-ai","sitemap.xml","200","","https://www.enhe-tech.com.cn/ai-news/glm-5-2-1m-ai","GLM-5.2发布：1M上下文开源模型与AI智能体 | 恩禾 ENHE AI","1","https://www.enhe-tech.com.cn/ai-news/glm-5-2-1m-ai","index, follow","zh-CN","https://www.enhe-tech.com.cn/ai-news/glm-5-2-1m-ai","https://www.enhe-tech.com.cn/en/ai-news/glm-5-2-1m-ai","https://www.enhe-tech.com.cn/ai-news/glm-5-2-1m-ai","WebSite|Organization|SearchAction|MerchantReturnPolicy|CreativeWork|ContactPoint|BreadcrumbList|ListItem|NewsArticle|WebPage|FAQPage|Question|Answer","YES","text/html; charset=utf-8","False","False","False","False","False","True","False","False","2026-08-10T18:12:33.9137385Z",""
"https://www.enhe-tech.com.cn/en/ai-news/glm-5-2-1m-ai","sitemap.xml","200","","https://www.enhe-tech.com.cn/en/ai-news/glm-5-2-1m-ai","GLM-5.2 1M Context Open Model for AI Agents | ENHE AI","1","https://www.enhe-tech.com.cn/en/ai-news/glm-5-2-1m-ai","index, follow","en-US","https://www.enhe-tech.com.cn/ai-news/glm-5-2-1m-ai","https://www.enhe-tech.com.cn/en/ai-news/glm-5-2-1m-ai","https://www.enhe-tech.com.cn/ai-news/glm-5-2-1m-ai","WebSite|Organization|SearchAction|MerchantReturnPolicy|CreativeWork|ContactPoint|BreadcrumbList|ListItem|NewsArticle|WebPage|FAQPage|Question|Answer","YES","text/html; charset=utf-8","False","False","False","False","False","True","False","False","2026-08-10T18:12:34.7075657Z",""
"https://www.enhe-tech.com.cn/ai-news/ai-review-2","sitemap.xml","200","","https://www.enhe-tech.com.cn/ai-news/ai-review-2","AI智能体工具怎么选？安全护栏与账号权限指南 | 恩禾 ENHE AI","1","https://www.enhe-tech.com.cn/ai-news/ai-review-2","index, follow","zh-CN","https://www.enhe-tech.com.cn/ai-news/ai-review-2","https://www.enhe-tech.com.cn/en/ai-news/ai-review-2","https://www.enhe-tech.com.cn/ai-news/ai-review-2","WebSite|Organization|SearchAction|MerchantReturnPolicy|CreativeWork|ContactPoint|BreadcrumbList|ListItem|NewsArticle|WebPage","YES","text/html; charset=utf-8","False","False","False","False","False","False","False","False","2026-08-10T18:12:35.4800227Z",""
"https://www.enhe-tech.com.cn/en/ai-news/ai-review-2","sitemap.xml","200","","https://www.enhe-tech.com.cn/en/ai-news/ai-review-2","How to Choose Safer AI Agent Tools | ENHE AI","1","https://www.enhe-tech.com.cn/en/ai-news/ai-review-2","index, follow","en-US","https://www.enhe-tech.com.cn/ai-news/ai-review-2","https://www.enhe-tech.com.cn/en/ai-news/ai-review-2","https://www.enhe-tech.com.cn/ai-news/ai-review-2","WebSite|Organization|SearchAction|MerchantReturnPolicy|CreativeWork|ContactPoint|BreadcrumbList|ListItem|NewsArticle|WebPage","YES","text/html; charset=utf-8","False","False","False","False","False","False","False","False","2026-08-10T18:12:36.2506765Z",""
"https://www.enhe-tech.com.cn/ai-news/ai-ai-3","sitemap.xml","200","","https://www.enhe-tech.com.cn/ai-news/ai-ai-3","什么是AI越狱严重度？AI术语解释 | 恩禾 ENHE AI","1","https://www.enhe-tech.com.cn/ai-news/ai-ai-3","index, follow","zh-CN","https://www.enhe-tech.com.cn/ai-news/ai-ai-3","https://www.enhe-tech.com.cn/en/ai-news/ai-ai-3","https://www.enhe-tech.com.cn/ai-news/ai-ai-3","WebSite|Organization|SearchAction|MerchantReturnPolicy|CreativeWork|ContactPoint|BreadcrumbList|ListItem|NewsArticle|WebPage","YES","text/html; charset=utf-8","False","False","False","False","False","False","False","False","2026-08-10T18:12:36.9897706Z",""
"https://www.enhe-tech.com.cn/en/ai-news/ai-ai-3","sitemap.xml","200","","https://www.enhe-tech.com.cn/en/ai-news/ai-ai-3","What Is AI Jailbreak Severity | ENHE AI","1","https://www.enhe-tech.com.cn/en/ai-news/ai-ai-3","index, follow","en-US","https://www.enhe-tech.com.cn/ai-news/ai-ai-3","https://www.enhe-tech.com.cn/en/ai-news/ai-ai-3","https://www.enhe-tech.com.cn/ai-news/ai-ai-3","WebSite|Organization|SearchAction|MerchantReturnPolicy|CreativeWork|ContactPoint|BreadcrumbList|ListItem|NewsArticle|WebPage","YES","text/html; charset=utf-8","False","False","False","False","False","False","False","False","2026-08-10T18:12:37.7355071Z",""
"https://www.enhe-tech.com.cn/ai-news/anthropic-ai","sitemap.xml","200","","https://www.enhe-tech.com.cn/ai-news/anthropic-ai","加州Anthropic合作解读 | 恩禾 ENHE AI","1","https://www.enhe-tech.com.cn/ai-news/anthropic-ai","index, follow","zh-CN","https://www.enhe-tech.com.cn/ai-news/anthropic-ai","https://www.enhe-tech.com.cn/en/ai-news/anthropic-ai","https://www.enhe-tech.com.cn/ai-news/anthropic-ai","WebSite|Organization|SearchAction|MerchantReturnPolicy|CreativeWork|ContactPoint|BreadcrumbList|ListItem|NewsArticle|WebPage","YES","text/html; charset=utf-8","False","False","False","False","False","True","False","False","2026-08-10T18:12:38.5292637Z",""
"https://www.enhe-tech.com.cn/en/ai-news/anthropic-ai","sitemap.xml","200","","https://www.enhe-tech.com.cn/en/ai-news/anthropic-ai","California Anthropic Deal and Global AI Workflow | ENHE AI","1","https://www.enhe-tech.com.cn/en/ai-news/anthropic-ai","index, follow","en-US","https://www.enhe-tech.com.cn/ai-news/anthropic-ai","https://www.enhe-tech.com.cn/en/ai-news/anthropic-ai","https://www.enhe-tech.com.cn/ai-news/anthropic-ai","WebSite|Organization|SearchAction|MerchantReturnPolicy|CreativeWork|ContactPoint|BreadcrumbList|ListItem|NewsArticle|WebPage","YES","text/html; charset=utf-8","False","False","False","False","False","False","False","False","2026-08-10T18:12:39.2214639Z",""
"https://www.enhe-tech.com.cn/ai-news/ai-ai-4","sitemap.xml","200","","https://www.enhe-tech.com.cn/ai-news/ai-ai-4","什么是AI工作台？Claude Science术语 | 恩禾 ENHE AI","1","https://www.enhe-tech.com.cn/ai-news/ai-ai-4","index, follow","zh-CN","https://www.enhe-tech.com.cn/ai-news/ai-ai-4","https://www.enhe-tech.com.cn/en/ai-news/ai-ai-4","https://www.enhe-tech.com.cn/ai-news/ai-ai-4","WebSite|Organization|SearchAction|MerchantReturnPolicy|CreativeWork|ContactPoint|BreadcrumbList|ListItem|NewsArticle|WebPage","YES","text/html; charset=utf-8","False","False","False","False","False","False","False","False","2026-08-10T18:12:40.0081818Z",""
"https://www.enhe-tech.com.cn/en/ai-news/ai-ai-4","sitemap.xml","200","","https://www.enhe-tech.com.cn/en/ai-news/ai-ai-4","What Is an AI Workbench | ENHE AI","1","https://www.enhe-tech.com.cn/en/ai-news/ai-ai-4","index, follow","en-US","https://www.enhe-tech.com.cn/ai-news/ai-ai-4","https://www.enhe-tech.com.cn/en/ai-news/ai-ai-4","https://www.enhe-tech.com.cn/ai-news/ai-ai-4","WebSite|Organization|SearchAction|MerchantReturnPolicy|CreativeWork|ContactPoint|BreadcrumbList|ListItem|NewsArticle|WebPage","YES","text/html; charset=utf-8","False","False","False","False","False","False","False","False","2026-08-10T18:12:40.7663525Z",""
"https://www.enhe-tech.com.cn/ai-news/enhe-ai-fable-5-ai","sitemap.xml","200","","https://www.enhe-tech.com.cn/ai-news/enhe-ai-fable-5-ai","ENHE AI如何解释AI智能体安全治理 | 恩禾 ENHE AI","1","https://www.enhe-tech.com.cn/ai-news/enhe-ai-fable-5-ai","index, follow","zh-CN","https://www.enhe-tech.com.cn/ai-news/enhe-ai-fable-5-ai","https://www.enhe-tech.com.cn/en/ai-news/enhe-ai-fable-5-ai","https://www.enhe-tech.com.cn/ai-news/enhe-ai-fable-5-ai","WebSite|Organization|SearchAction|MerchantReturnPolicy|CreativeWork|ContactPoint|BreadcrumbList|ListItem|NewsArticle|WebPage","YES","text/html; charset=utf-8","False","False","False","False","False","False","False","False","2026-08-10T18:12:41.5675308Z",""
"https://www.enhe-tech.com.cn/en/ai-news/enhe-ai-fable-5-ai","sitemap.xml","200","","https://www.enhe-tech.com.cn/en/ai-news/enhe-ai-fable-5-ai","How ENHE AI Explains Fable 5 and AI Agent Safety","1","https://www.enhe-tech.com.cn/en/ai-news/enhe-ai-fable-5-ai","index, follow","en-US","https://www.enhe-tech.com.cn/ai-news/enhe-ai-fable-5-ai","https://www.enhe-tech.com.cn/en/ai-news/enhe-ai-fable-5-ai","https://www.enhe-tech.com.cn/ai-news/enhe-ai-fable-5-ai","WebSite|Organization|SearchAction|MerchantReturnPolicy|CreativeWork|ContactPoint|BreadcrumbList|ListItem|NewsArticle|WebPage","YES","text/html; charset=utf-8","False","False","False","False","False","False","False","False","2026-08-10T18:12:42.3201242Z",""
"https://www.enhe-tech.com.cn/ai-news/enhe-ai-claude-science-ai","sitemap.xml","200","","https://www.enhe-tech.com.cn/ai-news/enhe-ai-claude-science-ai","ENHE AI如何解释Claude Science | 恩禾 ENHE AI","1","https://www.enhe-tech.com.cn/ai-news/enhe-ai-claude-science-ai","index, follow","zh-CN","https://www.enhe-tech.com.cn/ai-news/enhe-ai-claude-science-ai","https://www.enhe-tech.com.cn/en/ai-news/enhe-ai-claude-science-ai","https://www.enhe-tech.com.cn/ai-news/enhe-ai-claude-science-ai","WebSite|Organization|SearchAction|MerchantReturnPolicy|CreativeWork|ContactPoint|BreadcrumbList|ListItem|NewsArticle|WebPage","YES","text/html; charset=utf-8","False","False","False","False","False","False","False","False","2026-08-10T18:12:43.0986578Z",""
"https://www.enhe-tech.com.cn/en/ai-news/enhe-ai-claude-science-ai","sitemap.xml","200","","https://www.enhe-tech.com.cn/en/ai-news/enhe-ai-claude-science-ai","How ENHE AI Explains Claude Science and AI","1","https://www.enhe-tech.com.cn/en/ai-news/enhe-ai-claude-science-ai","index, follow","en-US","https://www.enhe-tech.com.cn/ai-news/enhe-ai-claude-science-ai","https://www.enhe-tech.com.cn/en/ai-news/enhe-ai-claude-science-ai","https://www.enhe-tech.com.cn/ai-news/enhe-ai-claude-science-ai","WebSite|Organization|SearchAction|MerchantReturnPolicy|CreativeWork|ContactPoint|BreadcrumbList|ListItem|NewsArticle|WebPage","YES","text/html; charset=utf-8","False","False","False","False","False","False","False","False","2026-08-10T18:12:43.8704345Z",""
"https://www.enhe-tech.com.cn/ai-news/choose-ai-workbench-tools","sitemap.xml","200","","https://www.enhe-tech.com.cn/ai-news/choose-ai-workbench-tools","AI工作台工具怎么选？数据边界、审计和成本清单 | 恩禾 ENHE AI","1","https://www.enhe-tech.com.cn/ai-news/choose-ai-workbench-tools","index, follow","zh-CN","https://www.enhe-tech.com.cn/ai-news/choose-ai-workbench-tools","https://www.enhe-tech.com.cn/en/ai-news/choose-ai-workbench-tools","https://www.enhe-tech.com.cn/ai-news/choose-ai-workbench-tools","WebSite|Organization|SearchAction|MerchantReturnPolicy|CreativeWork|ContactPoint|BreadcrumbList|ListItem|NewsArticle|WebPage","YES","text/html; charset=utf-8","False","False","False","False","False","False","False","False","2026-08-10T18:12:44.6202912Z",""
"https://www.enhe-tech.com.cn/en/ai-news/choose-ai-workbench-tools","sitemap.xml","200","","https://www.enhe-tech.com.cn/en/ai-news/choose-ai-workbench-tools","How to Choose AI Workbench Tools: Data, Audit | ENHE AI","1","https://www.enhe-tech.com.cn/en/ai-news/choose-ai-workbench-tools","index, follow","en-US","https://www.enhe-tech.com.cn/ai-news/choose-ai-workbench-tools","https://www.enhe-tech.com.cn/en/ai-news/choose-ai-workbench-tools","https://www.enhe-tech.com.cn/ai-news/choose-ai-workbench-tools","WebSite|Organization|SearchAction|MerchantReturnPolicy|CreativeWork|ContactPoint|BreadcrumbList|ListItem|NewsArticle|WebPage","YES","text/html; charset=utf-8","False","False","False","False","False","False","False","False","2026-08-10T18:12:45.4419535Z",""
"https://www.enhe-tech.com.cn/ai-news/ai-tools-move-to-domain-workbenches","sitemap.xml","200","","https://www.enhe-tech.com.cn/ai-news/ai-tools-move-to-domain-workbenches","Claude Science解读 | 恩禾 ENHE AI","1","https://www.enhe-tech.com.cn/ai-news/ai-tools-move-to-domain-workbenches","index, follow","zh-CN","https://www.enhe-tech.com.cn/ai-news/ai-tools-move-to-domain-workbenches","https://www.enhe-tech.com.cn/en/ai-news/ai-tools-move-to-domain-workbenches","https://www.enhe-tech.com.cn/ai-news/ai-tools-move-to-domain-workbenches","WebSite|Organization|SearchAction|MerchantReturnPolicy|CreativeWork|ContactPoint|BreadcrumbList|ListItem|NewsArticle|WebPage","YES","text/html; charset=utf-8","False","False","False","False","False","False","False","False","2026-08-10T18:12:46.2149982Z",""
"https://www.enhe-tech.com.cn/en/ai-news/ai-tools-move-to-domain-workbenches","sitemap.xml","200","","https://www.enhe-tech.com.cn/en/ai-news/ai-tools-move-to-domain-workbenches","Claude Science and the Global Shift | ENHE AI","1","https://www.enhe-tech.com.cn/en/ai-news/ai-tools-move-to-domain-workbenches","index, follow","en-US","https://www.enhe-tech.com.cn/ai-news/ai-tools-move-to-domain-workbenches","https://www.enhe-tech.com.cn/en/ai-news/ai-tools-move-to-domain-workbenches","https://www.enhe-tech.com.cn/ai-news/ai-tools-move-to-domain-workbenches","WebSite|Organization|SearchAction|MerchantReturnPolicy|CreativeWork|ContactPoint|BreadcrumbList|ListItem|NewsArticle|WebPage","YES","text/html; charset=utf-8","False","False","False","False","False","False","False","False","2026-08-10T18:12:46.9862096Z",""
"https://www.enhe-tech.com.cn/ai-news/fable-5-ai","sitemap.xml","200","","https://www.enhe-tech.com.cn/ai-news/fable-5-ai","全球AI竞争转向安全治理：Fable 5解读 | 恩禾 ENHE AI","1","https://www.enhe-tech.com.cn/ai-news/fable-5-ai","index, follow","zh-CN","https://www.enhe-tech.com.cn/ai-news/fable-5-ai","https://www.enhe-tech.com.cn/en/ai-news/fable-5-ai","https://www.enhe-tech.com.cn/ai-news/fable-5-ai","WebSite|Organization|SearchAction|MerchantReturnPolicy|CreativeWork|ContactPoint|BreadcrumbList|ListItem|NewsArticle|WebPage","YES","text/html; charset=utf-8","False","False","False","False","False","False","False","False","2026-08-10T18:12:47.7341985Z",""
"https://www.enhe-tech.com.cn/en/ai-news/fable-5-ai","sitemap.xml","200","","https://www.enhe-tech.com.cn/en/ai-news/fable-5-ai","Global AI Competition Is Moving Toward Safety | ENHE AI","1","https://www.enhe-tech.com.cn/en/ai-news/fable-5-ai","index, follow","en-US","https://www.enhe-tech.com.cn/ai-news/fable-5-ai","https://www.enhe-tech.com.cn/en/ai-news/fable-5-ai","https://www.enhe-tech.com.cn/ai-news/fable-5-ai","WebSite|Organization|SearchAction|MerchantReturnPolicy|CreativeWork|ContactPoint|BreadcrumbList|ListItem|NewsArticle|WebPage","YES","text/html; charset=utf-8","False","False","False","False","False","False","False","False","2026-08-10T18:12:48.4801741Z",""
"https://www.enhe-tech.com.cn/ai-news/copilot-otel-ai","sitemap.xml","200","","https://www.enhe-tech.com.cn/ai-news/copilot-otel-ai","Copilot OTel全球AI资讯解读 | 恩禾 ENHE AI","1","https://www.enhe-tech.com.cn/ai-news/copilot-otel-ai","index, follow","zh-CN","https://www.enhe-tech.com.cn/ai-news/copilot-otel-ai","https://www.enhe-tech.com.cn/en/ai-news/copilot-otel-ai","https://www.enhe-tech.com.cn/ai-news/copilot-otel-ai","WebSite|Organization|SearchAction|MerchantReturnPolicy|CreativeWork|ContactPoint|BreadcrumbList|ListItem|NewsArticle|WebPage","YES","text/html; charset=utf-8","False","False","False","False","False","False","False","False","2026-08-10T18:12:49.2236365Z",""
"https://www.enhe-tech.com.cn/en/ai-news/copilot-otel-ai","sitemap.xml","200","","https://www.enhe-tech.com.cn/en/ai-news/copilot-otel-ai","Copilot OTel Shows AI Coding Tools Moving | ENHE AI","1","https://www.enhe-tech.com.cn/en/ai-news/copilot-otel-ai","index, follow","en-US","https://www.enhe-tech.com.cn/ai-news/copilot-otel-ai","https://www.enhe-tech.com.cn/en/ai-news/copilot-otel-ai","https://www.enhe-tech.com.cn/ai-news/copilot-otel-ai","WebSite|Organization|SearchAction|MerchantReturnPolicy|CreativeWork|ContactPoint|BreadcrumbList|ListItem|NewsArticle|WebPage","YES","text/html; charset=utf-8","False","False","False","False","False","False","False","False","2026-08-10T18:12:49.9809337Z",""
"https://www.enhe-tech.com.cn/ai-news/anthropic-claude-science-ai","sitemap.xml","200","","https://www.enhe-tech.com.cn/ai-news/anthropic-claude-science-ai","Claude Science工作台 | 恩禾 ENHE AI","1","https://www.enhe-tech.com.cn/ai-news/anthropic-claude-science-ai","index, follow","zh-CN","https://www.enhe-tech.com.cn/ai-news/anthropic-claude-science-ai","https://www.enhe-tech.com.cn/en/ai-news/anthropic-claude-science-ai","https://www.enhe-tech.com.cn/ai-news/anthropic-claude-science-ai","WebSite|Organization|SearchAction|MerchantReturnPolicy|CreativeWork|ContactPoint|BreadcrumbList|ListItem|NewsArticle|WebPage","YES","text/html; charset=utf-8","False","False","False","False","False","False","False","False","2026-08-10T18:12:50.7253574Z",""
"https://www.enhe-tech.com.cn/en/ai-news/anthropic-claude-science-ai","sitemap.xml","200","","https://www.enhe-tech.com.cn/en/ai-news/anthropic-claude-science-ai","Claude Science Workbench and Auditable AI | ENHE AI","1","https://www.enhe-tech.com.cn/en/ai-news/anthropic-claude-science-ai","index, follow","en-US","https://www.enhe-tech.com.cn/ai-news/anthropic-claude-science-ai","https://www.enhe-tech.com.cn/en/ai-news/anthropic-claude-science-ai","https://www.enhe-tech.com.cn/ai-news/anthropic-claude-science-ai","WebSite|Organization|SearchAction|MerchantReturnPolicy|CreativeWork|ContactPoint|BreadcrumbList|ListItem|NewsArticle|WebPage","YES","text/html; charset=utf-8","False","False","False","False","False","False","False","False","2026-08-10T18:12:51.4155615Z",""
"https://www.enhe-tech.com.cn/ai-news/aws-agentcore-runtime-ai-14","sitemap.xml","200","","https://www.enhe-tech.com.cn/ai-news/aws-agentcore-runtime-ai-14","AWS AgentCore Runtime实例是什 | 恩禾 ENHE AI","1","https://www.enhe-tech.com.cn/ai-news/aws-agentcore-runtime-ai-14","index, follow","zh-CN","https://www.enhe-tech.com.cn/ai-news/aws-agentcore-runtime-ai-14","https://www.enhe-tech.com.cn/en/ai-news/aws-agentcore-runtime-ai-14","https://www.enhe-tech.com.cn/ai-news/aws-agentcore-runtime-ai-14","WebSite|Organization|SearchAction|MerchantReturnPolicy|CreativeWork|ContactPoint|BreadcrumbList|ListItem|NewsArticle|WebPage","YES","text/html; charset=utf-8","False","False","False","False","False","False","False","False","2026-08-10T18:12:52.1352981Z",""
"https://www.enhe-tech.com.cn/en/ai-news/aws-agentcore-runtime-ai-14","sitemap.xml","200","","https://www.enhe-tech.com.cn/en/ai-news/aws-agentcore-runtime-ai-14","AWS AgentCore Runtime Instances | ENHE AI","1","https://www.enhe-tech.com.cn/en/ai-news/aws-agentcore-runtime-ai-14","index, follow","en-US","https://www.enhe-tech.com.cn/ai-news/aws-agentcore-runtime-ai-14","https://www.enhe-tech.com.cn/en/ai-news/aws-agentcore-runtime-ai-14","https://www.enhe-tech.com.cn/ai-news/aws-agentcore-runtime-ai-14","WebSite|Organization|SearchAction|MerchantReturnPolicy|CreativeWork|ContactPoint|BreadcrumbList|ListItem|NewsArticle|WebPage","YES","text/html; charset=utf-8","False","False","False","False","False","False","False","False","2026-08-10T18:12:52.9399631Z",""
"https://www.enhe-tech.com.cn/ai-news/ai-kimi-k2-7-code-copilot","sitemap.xml","200","","https://www.enhe-tech.com.cn/ai-news/ai-kimi-k2-7-code-copilot","什么是开放权重AI编码模型 | 恩禾 ENHE AI","1","https://www.enhe-tech.com.cn/ai-news/ai-kimi-k2-7-code-copilot","index, follow","zh-CN","https://www.enhe-tech.com.cn/ai-news/ai-kimi-k2-7-code-copilot","https://www.enhe-tech.com.cn/en/ai-news/ai-kimi-k2-7-code-copilot","https://www.enhe-tech.com.cn/ai-news/ai-kimi-k2-7-code-copilot","WebSite|Organization|SearchAction|MerchantReturnPolicy|CreativeWork|ContactPoint|BreadcrumbList|ListItem|NewsArticle|WebPage","YES","text/html; charset=utf-8","False","False","False","False","False","False","False","False","2026-08-10T18:12:53.6550316Z",""
"https://www.enhe-tech.com.cn/en/ai-news/ai-kimi-k2-7-code-copilot","sitemap.xml","200","","https://www.enhe-tech.com.cn/en/ai-news/ai-kimi-k2-7-code-copilot","What Is an Open-Weight AI Coding Model | ENHE AI","1","https://www.enhe-tech.com.cn/en/ai-news/ai-kimi-k2-7-code-copilot","index, follow","en-US","https://www.enhe-tech.com.cn/ai-news/ai-kimi-k2-7-code-copilot","https://www.enhe-tech.com.cn/en/ai-news/ai-kimi-k2-7-code-copilot","https://www.enhe-tech.com.cn/ai-news/ai-kimi-k2-7-code-copilot","WebSite|Organization|SearchAction|MerchantReturnPolicy|CreativeWork|ContactPoint|BreadcrumbList|ListItem|NewsArticle|WebPage","YES","text/html; charset=utf-8","False","False","False","False","False","False","False","False","2026-08-10T18:12:54.3750238Z",""
"https://www.enhe-tech.com.cn/ai-news/enhe-ai-kimi-copilot-ai","sitemap.xml","200","","https://www.enhe-tech.com.cn/ai-news/enhe-ai-kimi-copilot-ai","Kimi、Copilot与开放权重AI工具 | 恩禾 ENHE AI","1","https://www.enhe-tech.com.cn/ai-news/enhe-ai-kimi-copilot-ai","index, follow","zh-CN","https://www.enhe-tech.com.cn/ai-news/enhe-ai-kimi-copilot-ai","https://www.enhe-tech.com.cn/en/ai-news/enhe-ai-kimi-copilot-ai","https://www.enhe-tech.com.cn/ai-news/enhe-ai-kimi-copilot-ai","WebSite|Organization|SearchAction|MerchantReturnPolicy|CreativeWork|ContactPoint|BreadcrumbList|ListItem|NewsArticle|WebPage","YES","text/html; charset=utf-8","False","False","False","False","False","False","False","False","2026-08-10T18:12:55.0925302Z",""
"https://www.enhe-tech.com.cn/en/ai-news/enhe-ai-kimi-copilot-ai","sitemap.xml","200","","https://www.enhe-tech.com.cn/en/ai-news/enhe-ai-kimi-copilot-ai","Kimi, Copilot, and Open-Weight AI Tools - ENHE | ENHE AI","1","https://www.enhe-tech.com.cn/en/ai-news/enhe-ai-kimi-copilot-ai","index, follow","en-US","https://www.enhe-tech.com.cn/ai-news/enhe-ai-kimi-copilot-ai","https://www.enhe-tech.com.cn/en/ai-news/enhe-ai-kimi-copilot-ai","https://www.enhe-tech.com.cn/ai-news/enhe-ai-kimi-copilot-ai","WebSite|Organization|SearchAction|MerchantReturnPolicy|CreativeWork|ContactPoint|BreadcrumbList|ListItem|NewsArticle|WebPage","YES","text/html; charset=utf-8","False","False","False","False","False","False","False","False","2026-08-10T18:12:55.8495440Z",""
"https://www.enhe-tech.com.cn/ai-news/kimi-k2-7-code-gpt-5-claude-ai","sitemap.xml","200","","https://www.enhe-tech.com.cn/ai-news/kimi-k2-7-code-gpt-5-claude-ai","Kimi K2.7 Code | 恩禾 ENHE AI","1","https://www.enhe-tech.com.cn/ai-news/kimi-k2-7-code-gpt-5-claude-ai","index, follow","zh-CN","https://www.enhe-tech.com.cn/ai-news/kimi-k2-7-code-gpt-5-claude-ai","https://www.enhe-tech.com.cn/en/ai-news/kimi-k2-7-code-gpt-5-claude-ai","https://www.enhe-tech.com.cn/ai-news/kimi-k2-7-code-gpt-5-claude-ai","WebSite|Organization|SearchAction|MerchantReturnPolicy|CreativeWork|ContactPoint|BreadcrumbList|ListItem|NewsArticle|WebPage","YES","text/html; charset=utf-8","False","False","False","False","False","False","False","False","2026-08-10T18:12:56.5292576Z",""
"https://www.enhe-tech.com.cn/en/ai-news/kimi-k2-7-code-gpt-5-claude-ai","sitemap.xml","200","","https://www.enhe-tech.com.cn/en/ai-news/kimi-k2-7-code-gpt-5-claude-ai","How to Choose Between Kimi K2.7 Code, GPT-5 | ENHE AI","1","https://www.enhe-tech.com.cn/en/ai-news/kimi-k2-7-code-gpt-5-claude-ai","index, follow","en-US","https://www.enhe-tech.com.cn/ai-news/kimi-k2-7-code-gpt-5-claude-ai","https://www.enhe-tech.com.cn/en/ai-news/kimi-k2-7-code-gpt-5-claude-ai","https://www.enhe-tech.com.cn/ai-news/kimi-k2-7-code-gpt-5-claude-ai","WebSite|Organization|SearchAction|MerchantReturnPolicy|CreativeWork|ContactPoint|BreadcrumbList|ListItem|NewsArticle|WebPage","YES","text/html; charset=utf-8","False","False","False","False","False","False","False","False","2026-08-10T18:12:57.2107057Z",""
"https://www.enhe-tech.com.cn/ai-news/cloudflare-radar-researcher","sitemap.xml","200","","https://www.enhe-tech.com.cn/ai-news/cloudflare-radar-researcher","Cloudflare Radar | 恩禾 ENHE AI","1","https://www.enhe-tech.com.cn/ai-news/cloudflare-radar-researcher","index, follow","zh-CN","https://www.enhe-tech.com.cn/ai-news/cloudflare-radar-researcher","https://www.enhe-tech.com.cn/en/ai-news/cloudflare-radar-researcher","https://www.enhe-tech.com.cn/ai-news/cloudflare-radar-researcher","WebSite|Organization|SearchAction|MerchantReturnPolicy|CreativeWork|ContactPoint|BreadcrumbList|ListItem|NewsArticle|WebPage","YES","text/html; charset=utf-8","False","False","False","False","False","False","False","False","2026-08-10T18:12:57.9402123Z",""
"https://www.enhe-tech.com.cn/en/ai-news/cloudflare-radar-researcher","sitemap.xml","200","","https://www.enhe-tech.com.cn/en/ai-news/cloudflare-radar-researcher","Cloudflare Radar Researcher | ENHE AI","1","https://www.enhe-tech.com.cn/en/ai-news/cloudflare-radar-researcher","index, follow","en-US","https://www.enhe-tech.com.cn/ai-news/cloudflare-radar-researcher","https://www.enhe-tech.com.cn/en/ai-news/cloudflare-radar-researcher","https://www.enhe-tech.com.cn/ai-news/cloudflare-radar-researcher","WebSite|Organization|SearchAction|MerchantReturnPolicy|CreativeWork|ContactPoint|BreadcrumbList|ListItem|NewsArticle|WebPage","YES","text/html; charset=utf-8","False","False","False","False","False","False","False","False","2026-08-10T18:12:58.7678929Z",""
"https://www.enhe-tech.com.cn/ai-news/ai-claude-code","sitemap.xml","200","","https://www.enhe-tech.com.cn/ai-news/ai-claude-code","什么是AI代码安全审查智能体 | 恩禾 ENHE AI","1","https://www.enhe-tech.com.cn/ai-news/ai-claude-code","index, follow","zh-CN","https://www.enhe-tech.com.cn/ai-news/ai-claude-code","https://www.enhe-tech.com.cn/en/ai-news/ai-claude-code","https://www.enhe-tech.com.cn/ai-news/ai-claude-code","WebSite|Organization|SearchAction|MerchantReturnPolicy|CreativeWork|ContactPoint|BreadcrumbList|ListItem|NewsArticle|WebPage","YES","text/html; charset=utf-8","False","False","False","False","False","False","False","False","2026-08-10T18:12:59.5032864Z",""
"https://www.enhe-tech.com.cn/en/ai-news/ai-claude-code","sitemap.xml","200","","https://www.enhe-tech.com.cn/en/ai-news/ai-claude-code","What Is an AI Code Security Review Agent | ENHE AI","1","https://www.enhe-tech.com.cn/en/ai-news/ai-claude-code","index, follow","en-US","https://www.enhe-tech.com.cn/ai-news/ai-claude-code","https://www.enhe-tech.com.cn/en/ai-news/ai-claude-code","https://www.enhe-tech.com.cn/ai-news/ai-claude-code","WebSite|Organization|SearchAction|MerchantReturnPolicy|CreativeWork|ContactPoint|BreadcrumbList|ListItem|NewsArticle|WebPage","YES","text/html; charset=utf-8","False","False","False","False","False","False","False","False","2026-08-10T18:13:00.2507766Z",""
"https://www.enhe-tech.com.cn/ai-news/ai-review-6","sitemap.xml","200","","https://www.enhe-tech.com.cn/ai-news/ai-review-6","如何安全试用AI代码安全审查？6步教程 | 恩禾 ENHE AI","1","https://www.enhe-tech.com.cn/ai-news/ai-review-6","index, follow","zh-CN","https://www.enhe-tech.com.cn/ai-news/ai-review-6","https://www.enhe-tech.com.cn/en/ai-news/ai-review-6","https://www.enhe-tech.com.cn/ai-news/ai-review-6","WebSite|Organization|SearchAction|MerchantReturnPolicy|CreativeWork|ContactPoint|BreadcrumbList|ListItem|NewsArticle|WebPage","YES","text/html; charset=utf-8","False","False","False","False","False","False","False","False","2026-08-10T18:13:00.9883416Z",""
"https://www.enhe-tech.com.cn/en/ai-news/ai-review-6","sitemap.xml","200","","https://www.enhe-tech.com.cn/en/ai-news/ai-review-6","How to Test AI Code Security Review Safely | ENHE AI","1","https://www.enhe-tech.com.cn/en/ai-news/ai-review-6","index, follow","en-US","https://www.enhe-tech.com.cn/ai-news/ai-review-6","https://www.enhe-tech.com.cn/en/ai-news/ai-review-6","https://www.enhe-tech.com.cn/ai-news/ai-review-6","WebSite|Organization|SearchAction|MerchantReturnPolicy|CreativeWork|ContactPoint|BreadcrumbList|ListItem|NewsArticle|WebPage","YES","text/html; charset=utf-8","False","False","False","False","False","False","False","False","2026-08-10T18:13:01.7344611Z",""
"https://www.enhe-tech.com.cn/ai-news/claude-code-sast-review-ai","sitemap.xml","200","","https://www.enhe-tech.com.cn/ai-news/claude-code-sast-review-ai","Claude Code | 恩禾 ENHE AI","1","https://www.enhe-tech.com.cn/ai-news/claude-code-sast-review-ai","index, follow","zh-CN","https://www.enhe-tech.com.cn/ai-news/claude-code-sast-review-ai","https://www.enhe-tech.com.cn/en/ai-news/claude-code-sast-review-ai","https://www.enhe-tech.com.cn/ai-news/claude-code-sast-review-ai","WebSite|Organization|SearchAction|MerchantReturnPolicy|CreativeWork|ContactPoint|BreadcrumbList|ListItem|NewsArticle|WebPage","YES","text/html; charset=utf-8","False","False","False","False","False","False","False","False","2026-08-10T18:13:02.5313135Z",""
"https://www.enhe-tech.com.cn/en/ai-news/claude-code-sast-review-ai","sitemap.xml","200","","https://www.enhe-tech.com.cn/en/ai-news/claude-code-sast-review-ai","Claude Code vs SAST vs Human Review | ENHE AI","1","https://www.enhe-tech.com.cn/en/ai-news/claude-code-sast-review-ai","index, follow","en-US","https://www.enhe-tech.com.cn/ai-news/claude-code-sast-review-ai","https://www.enhe-tech.com.cn/en/ai-news/claude-code-sast-review-ai","https://www.enhe-tech.com.cn/ai-news/claude-code-sast-review-ai","WebSite|Organization|SearchAction|MerchantReturnPolicy|CreativeWork|ContactPoint|BreadcrumbList|ListItem|NewsArticle|WebPage","YES","text/html; charset=utf-8","False","False","False","False","False","False","False","False","2026-08-10T18:13:03.2838953Z",""
"https://www.enhe-tech.com.cn/ai-news/git-worktree-ai","sitemap.xml","200","","https://www.enhe-tech.com.cn/ai-news/git-worktree-ai","Git Worktree是什么 | 恩禾 ENHE AI","1","https://www.enhe-tech.com.cn/ai-news/git-worktree-ai","index, follow","zh-CN","https://www.enhe-tech.com.cn/ai-news/git-worktree-ai","https://www.enhe-tech.com.cn/en/ai-news/git-worktree-ai","https://www.enhe-tech.com.cn/ai-news/git-worktree-ai","WebSite|Organization|SearchAction|MerchantReturnPolicy|CreativeWork|ContactPoint|BreadcrumbList|ListItem|NewsArticle|WebPage","YES","text/html; charset=utf-8","False","False","False","False","False","False","False","False","2026-08-10T18:13:04.0244712Z",""
"https://www.enhe-tech.com.cn/en/ai-news/git-worktree-ai","sitemap.xml","200","","https://www.enhe-tech.com.cn/en/ai-news/git-worktree-ai","What Is Git Worktree for AI Coding | ENHE AI","1","https://www.enhe-tech.com.cn/en/ai-news/git-worktree-ai","index, follow","en-US","https://www.enhe-tech.com.cn/ai-news/git-worktree-ai","https://www.enhe-tech.com.cn/en/ai-news/git-worktree-ai","https://www.enhe-tech.com.cn/ai-news/git-worktree-ai","WebSite|Organization|SearchAction|MerchantReturnPolicy|CreativeWork|ContactPoint|BreadcrumbList|ListItem|NewsArticle|WebPage","YES","text/html; charset=utf-8","False","False","False","False","False","False","False","False","2026-08-10T18:13:04.7506419Z",""
"https://www.enhe-tech.com.cn/ai-news/alberta-ai","sitemap.xml","200","","https://www.enhe-tech.com.cn/ai-news/alberta-ai","Alberta案例解读 | 恩禾 ENHE AI","1","https://www.enhe-tech.com.cn/ai-news/alberta-ai","index, follow","zh-CN","https://www.enhe-tech.com.cn/ai-news/alberta-ai","https://www.enhe-tech.com.cn/en/ai-news/alberta-ai","https://www.enhe-tech.com.cn/ai-news/alberta-ai","WebSite|Organization|SearchAction|MerchantReturnPolicy|CreativeWork|ContactPoint|BreadcrumbList|ListItem|NewsArticle|WebPage","YES","text/html; charset=utf-8","False","False","False","False","False","False","False","False","2026-08-10T18:13:05.5149272Z",""
"https://www.enhe-tech.com.cn/en/ai-news/alberta-ai","sitemap.xml","200","","https://www.enhe-tech.com.cn/en/ai-news/alberta-ai","Alberta Case: Government AI Enters Code Security | ENHE AI","1","https://www.enhe-tech.com.cn/en/ai-news/alberta-ai","index, follow","en-US","https://www.enhe-tech.com.cn/ai-news/alberta-ai","https://www.enhe-tech.com.cn/en/ai-news/alberta-ai","https://www.enhe-tech.com.cn/ai-news/alberta-ai","WebSite|Organization|SearchAction|MerchantReturnPolicy|CreativeWork|ContactPoint|BreadcrumbList|ListItem|NewsArticle|WebPage","YES","text/html; charset=utf-8","False","False","False","False","False","False","False","False","2026-08-10T18:13:06.2706342Z",""
"https://www.enhe-tech.com.cn/ai-news/enhe-ai-claude-code-ai","sitemap.xml","200","","https://www.enhe-tech.com.cn/ai-news/enhe-ai-claude-code-ai","ENHE AI如何解释Claude Code与AI | 恩禾 ENHE AI","1","https://www.enhe-tech.com.cn/ai-news/enhe-ai-claude-code-ai","index, follow","zh-CN","https://www.enhe-tech.com.cn/ai-news/enhe-ai-claude-code-ai","https://www.enhe-tech.com.cn/en/ai-news/enhe-ai-claude-code-ai","https://www.enhe-tech.com.cn/ai-news/enhe-ai-claude-code-ai","WebSite|Organization|SearchAction|MerchantReturnPolicy|CreativeWork|ContactPoint|BreadcrumbList|ListItem|NewsArticle|WebPage","YES","text/html; charset=utf-8","False","False","False","False","False","False","False","False","2026-08-10T18:13:07.0096140Z",""
"https://www.enhe-tech.com.cn/en/ai-news/enhe-ai-claude-code-ai","sitemap.xml","200","","https://www.enhe-tech.com.cn/en/ai-news/enhe-ai-claude-code-ai","How ENHE AI Explains Claude Code Security","1","https://www.enhe-tech.com.cn/en/ai-news/enhe-ai-claude-code-ai","index, follow","en-US","https://www.enhe-tech.com.cn/ai-news/enhe-ai-claude-code-ai","https://www.enhe-tech.com.cn/en/ai-news/enhe-ai-claude-code-ai","https://www.enhe-tech.com.cn/ai-news/enhe-ai-claude-code-ai","WebSite|Organization|SearchAction|MerchantReturnPolicy|CreativeWork|ContactPoint|BreadcrumbList|ListItem|NewsArticle|WebPage","YES","text/html; charset=utf-8","False","False","False","False","False","False","False","False","2026-08-10T18:13:07.7641432Z",""
"https://www.enhe-tech.com.cn/ai-news/ai-github-copilot-app","sitemap.xml","200","","https://www.enhe-tech.com.cn/ai-news/ai-github-copilot-app","什么是桌面AI智能体应用 | 恩禾 ENHE AI","1","https://www.enhe-tech.com.cn/ai-news/ai-github-copilot-app","index, follow","zh-CN","https://www.enhe-tech.com.cn/ai-news/ai-github-copilot-app","https://www.enhe-tech.com.cn/en/ai-news/ai-github-copilot-app","https://www.enhe-tech.com.cn/ai-news/ai-github-copilot-app","WebSite|Organization|SearchAction|MerchantReturnPolicy|CreativeWork|ContactPoint|BreadcrumbList|ListItem|NewsArticle|WebPage","YES","text/html; charset=utf-8","False","False","False","False","False","False","False","False","2026-08-10T18:13:08.5022878Z",""
"https://www.enhe-tech.com.cn/en/ai-news/ai-github-copilot-app","sitemap.xml","200","","https://www.enhe-tech.com.cn/en/ai-news/ai-github-copilot-app","What Is a Desktop AI Agent App | ENHE AI","1","https://www.enhe-tech.com.cn/en/ai-news/ai-github-copilot-app","index, follow","en-US","https://www.enhe-tech.com.cn/ai-news/ai-github-copilot-app","https://www.enhe-tech.com.cn/en/ai-news/ai-github-copilot-app","https://www.enhe-tech.com.cn/ai-news/ai-github-copilot-app","WebSite|Organization|SearchAction|MerchantReturnPolicy|CreativeWork|ContactPoint|BreadcrumbList|ListItem|NewsArticle|WebPage","YES","text/html; charset=utf-8","False","False","False","False","False","False","False","False","2026-08-10T18:13:09.2579200Z",""
"https://www.enhe-tech.com.cn/ai-news/agent-365-ai","sitemap.xml","200","","https://www.enhe-tech.com.cn/ai-news/agent-365-ai","Agent 365发布：AI智能体治理新信号 | 恩禾 ENHE AI","1","https://www.enhe-tech.com.cn/ai-news/agent-365-ai","index, follow","zh-CN","https://www.enhe-tech.com.cn/ai-news/agent-365-ai","https://www.enhe-tech.com.cn/en/ai-news/agent-365-ai","https://www.enhe-tech.com.cn/ai-news/agent-365-ai","WebSite|Organization|SearchAction|MerchantReturnPolicy|CreativeWork|ContactPoint|BreadcrumbList|ListItem|NewsArticle|WebPage|FAQPage|Question|Answer","YES","text/html; charset=utf-8","False","False","False","False","False","True","False","False","2026-08-10T18:13:10.0393310Z",""
"https://www.enhe-tech.com.cn/en/ai-news/agent-365-ai","sitemap.xml","200","","https://www.enhe-tech.com.cn/en/ai-news/agent-365-ai","Microsoft Agent 365 and AI Agent Governance | ENHE AI","1","https://www.enhe-tech.com.cn/en/ai-news/agent-365-ai","index, follow","en-US","https://www.enhe-tech.com.cn/ai-news/agent-365-ai","https://www.enhe-tech.com.cn/en/ai-news/agent-365-ai","https://www.enhe-tech.com.cn/ai-news/agent-365-ai","WebSite|Organization|SearchAction|MerchantReturnPolicy|CreativeWork|ContactPoint|BreadcrumbList|ListItem|NewsArticle|WebPage|FAQPage|Question|Answer","YES","text/html; charset=utf-8","False","False","False","False","False","True","False","False","2026-08-10T18:13:10.7645606Z",""
"https://www.enhe-tech.com.cn/ai-news/enhe-ai-copilot-app-ai","sitemap.xml","200","","https://www.enhe-tech.com.cn/ai-news/enhe-ai-copilot-app-ai","ENHE AI如何解释Copilot App与桌面 | 恩禾 ENHE AI","1","https://www.enhe-tech.com.cn/ai-news/enhe-ai-copilot-app-ai","index, follow","zh-CN","https://www.enhe-tech.com.cn/ai-news/enhe-ai-copilot-app-ai","https://www.enhe-tech.com.cn/en/ai-news/enhe-ai-copilot-app-ai","https://www.enhe-tech.com.cn/ai-news/enhe-ai-copilot-app-ai","WebSite|Organization|SearchAction|MerchantReturnPolicy|CreativeWork|ContactPoint|BreadcrumbList|ListItem|NewsArticle|WebPage","YES","text/html; charset=utf-8","False","False","False","False","False","False","False","False","2026-08-10T18:13:11.4470136Z",""
"https://www.enhe-tech.com.cn/en/ai-news/enhe-ai-copilot-app-ai","sitemap.xml","200","","https://www.enhe-tech.com.cn/en/ai-news/enhe-ai-copilot-app-ai","How ENHE AI Explains Copilot App and Desktop AI","1","https://www.enhe-tech.com.cn/en/ai-news/enhe-ai-copilot-app-ai","index, follow","en-US","https://www.enhe-tech.com.cn/ai-news/enhe-ai-copilot-app-ai","https://www.enhe-tech.com.cn/en/ai-news/enhe-ai-copilot-app-ai","https://www.enhe-tech.com.cn/ai-news/enhe-ai-copilot-app-ai","WebSite|Organization|SearchAction|MerchantReturnPolicy|CreativeWork|ContactPoint|BreadcrumbList|ListItem|NewsArticle|WebPage","YES","text/html; charset=utf-8","False","False","False","False","False","False","False","False","2026-08-10T18:13:12.2076034Z",""
"https://www.enhe-tech.com.cn/ai-news/copilot-app-ai","sitemap.xml","200","","https://www.enhe-tech.com.cn/ai-news/copilot-app-ai","Copilot App开放 | 恩禾 ENHE AI","1","https://www.enhe-tech.com.cn/ai-news/copilot-app-ai","index, follow","zh-CN","https://www.enhe-tech.com.cn/ai-news/copilot-app-ai","https://www.enhe-tech.com.cn/en/ai-news/copilot-app-ai","https://www.enhe-tech.com.cn/ai-news/copilot-app-ai","WebSite|Organization|SearchAction|MerchantReturnPolicy|CreativeWork|ContactPoint|BreadcrumbList|ListItem|NewsArticle|WebPage","YES","text/html; charset=utf-8","False","False","False","False","False","False","False","False","2026-08-10T18:13:13.0245690Z",""
"https://www.enhe-tech.com.cn/en/ai-news/copilot-app-ai","sitemap.xml","200","","https://www.enhe-tech.com.cn/en/ai-news/copilot-app-ai","Copilot App Shows AI Coding Moving to Desktop | ENHE AI","1","https://www.enhe-tech.com.cn/en/ai-news/copilot-app-ai","index, follow","en-US","https://www.enhe-tech.com.cn/ai-news/copilot-app-ai","https://www.enhe-tech.com.cn/en/ai-news/copilot-app-ai","https://www.enhe-tech.com.cn/ai-news/copilot-app-ai","WebSite|Organization|SearchAction|MerchantReturnPolicy|CreativeWork|ContactPoint|BreadcrumbList|ListItem|NewsArticle|WebPage","YES","text/html; charset=utf-8","False","False","False","False","False","False","False","False","2026-08-10T18:13:13.8117086Z",""
"https://www.enhe-tech.com.cn/ai-news/github-copilot-app-byok-6","sitemap.xml","200","","https://www.enhe-tech.com.cn/ai-news/github-copilot-app-byok-6","如何安全试用GitHub Copilot App | 恩禾 ENHE AI","1","https://www.enhe-tech.com.cn/ai-news/github-copilot-app-byok-6","index, follow","zh-CN","https://www.enhe-tech.com.cn/ai-news/github-copilot-app-byok-6","https://www.enhe-tech.com.cn/en/ai-news/github-copilot-app-byok-6","https://www.enhe-tech.com.cn/ai-news/github-copilot-app-byok-6","WebSite|Organization|SearchAction|MerchantReturnPolicy|CreativeWork|ContactPoint|BreadcrumbList|ListItem|NewsArticle|WebPage","YES","text/html; charset=utf-8","False","False","False","False","False","False","False","False","2026-08-10T18:13:14.5684987Z",""
"https://www.enhe-tech.com.cn/en/ai-news/github-copilot-app-byok-6","sitemap.xml","200","","https://www.enhe-tech.com.cn/en/ai-news/github-copilot-app-byok-6","How to Test GitHub Copilot App Safely | ENHE AI","1","https://www.enhe-tech.com.cn/en/ai-news/github-copilot-app-byok-6","index, follow","en-US","https://www.enhe-tech.com.cn/ai-news/github-copilot-app-byok-6","https://www.enhe-tech.com.cn/en/ai-news/github-copilot-app-byok-6","https://www.enhe-tech.com.cn/ai-news/github-copilot-app-byok-6","WebSite|Organization|SearchAction|MerchantReturnPolicy|CreativeWork|ContactPoint|BreadcrumbList|ListItem|NewsArticle|WebPage","YES","text/html; charset=utf-8","False","False","False","False","False","False","False","False","2026-08-10T18:13:15.3407219Z",""
"https://www.enhe-tech.com.cn/ai-news/cloudflare-workers-ai-ai-gateway-ai","sitemap.xml","200","","https://www.enhe-tech.com.cn/ai-news/cloudflare-workers-ai-ai-gateway-ai","Workers AI与AI Gateway怎么选 | 恩禾 ENHE AI","1","https://www.enhe-tech.com.cn/ai-news/cloudflare-workers-ai-ai-gateway-ai","index, follow","zh-CN","https://www.enhe-tech.com.cn/ai-news/cloudflare-workers-ai-ai-gateway-ai","https://www.enhe-tech.com.cn/en/ai-news/cloudflare-workers-ai-ai-gateway-ai","https://www.enhe-tech.com.cn/ai-news/cloudflare-workers-ai-ai-gateway-ai","WebSite|Organization|SearchAction|MerchantReturnPolicy|CreativeWork|ContactPoint|BreadcrumbList|ListItem|NewsArticle|WebPage","YES","text/html; charset=utf-8","False","False","False","False","False","False","False","False","2026-08-10T18:13:16.1016861Z",""
"https://www.enhe-tech.com.cn/en/ai-news/cloudflare-workers-ai-ai-gateway-ai","sitemap.xml","200","","https://www.enhe-tech.com.cn/en/ai-news/cloudflare-workers-ai-ai-gateway-ai","Workers AI vs AI Gateway | ENHE AI","1","https://www.enhe-tech.com.cn/en/ai-news/cloudflare-workers-ai-ai-gateway-ai","index, follow","en-US","https://www.enhe-tech.com.cn/ai-news/cloudflare-workers-ai-ai-gateway-ai","https://www.enhe-tech.com.cn/en/ai-news/cloudflare-workers-ai-ai-gateway-ai","https://www.enhe-tech.com.cn/ai-news/cloudflare-workers-ai-ai-gateway-ai","WebSite|Organization|SearchAction|MerchantReturnPolicy|CreativeWork|ContactPoint|BreadcrumbList|ListItem|NewsArticle|WebPage","YES","text/html; charset=utf-8","False","False","False","False","False","False","False","False","2026-08-10T18:13:16.8897897Z",""
"https://www.enhe-tech.com.cn/ai-news/github-copilot-app-ide-cli-ai","sitemap.xml","200","","https://www.enhe-tech.com.cn/ai-news/github-copilot-app-ide-cli-ai","AI编程工具怎么选？Copilot App与IDE | 恩禾 ENHE AI","1","https://www.enhe-tech.com.cn/ai-news/github-copilot-app-ide-cli-ai","index, follow","zh-CN","https://www.enhe-tech.com.cn/ai-news/github-copilot-app-ide-cli-ai","https://www.enhe-tech.com.cn/en/ai-news/github-copilot-app-ide-cli-ai","https://www.enhe-tech.com.cn/ai-news/github-copilot-app-ide-cli-ai","WebSite|Organization|SearchAction|MerchantReturnPolicy|CreativeWork|ContactPoint|BreadcrumbList|ListItem|NewsArticle|WebPage","YES","text/html; charset=utf-8","False","False","False","False","False","False","False","False","2026-08-10T18:13:17.6304136Z",""
"https://www.enhe-tech.com.cn/en/ai-news/github-copilot-app-ide-cli-ai","sitemap.xml","200","","https://www.enhe-tech.com.cn/en/ai-news/github-copilot-app-ide-cli-ai","How to Choose Copilot App, IDE Extensions | ENHE AI","1","https://www.enhe-tech.com.cn/en/ai-news/github-copilot-app-ide-cli-ai","index, follow","en-US","https://www.enhe-tech.com.cn/ai-news/github-copilot-app-ide-cli-ai","https://www.enhe-tech.com.cn/en/ai-news/github-copilot-app-ide-cli-ai","https://www.enhe-tech.com.cn/ai-news/github-copilot-app-ide-cli-ai","WebSite|Organization|SearchAction|MerchantReturnPolicy|CreativeWork|ContactPoint|BreadcrumbList|ListItem|NewsArticle|WebPage","YES","text/html; charset=utf-8","False","False","False","False","False","False","False","False","2026-08-10T18:13:18.4085899Z",""
"https://www.enhe-tech.com.cn/ai-news/ai-6-4","sitemap.xml","200","","https://www.enhe-tech.com.cn/ai-news/ai-6-4","如何安全试用AI工作台？6步低风险教程 | 恩禾 ENHE AI","1","https://www.enhe-tech.com.cn/ai-news/ai-6-4","index, follow","zh-CN","https://www.enhe-tech.com.cn/ai-news/ai-6-4","https://www.enhe-tech.com.cn/en/ai-news/ai-6-4","https://www.enhe-tech.com.cn/ai-news/ai-6-4","WebSite|Organization|SearchAction|MerchantReturnPolicy|CreativeWork|ContactPoint|BreadcrumbList|ListItem|NewsArticle|WebPage","YES","text/html; charset=utf-8","False","False","False","False","False","False","False","False","2026-08-10T18:13:19.1946984Z",""
"https://www.enhe-tech.com.cn/en/ai-news/ai-6-4","sitemap.xml","200","","https://www.enhe-tech.com.cn/en/ai-news/ai-6-4","How to Test an AI Workbench Safely in Six Steps | ENHE AI","1","https://www.enhe-tech.com.cn/en/ai-news/ai-6-4","index, follow","en-US","https://www.enhe-tech.com.cn/ai-news/ai-6-4","https://www.enhe-tech.com.cn/en/ai-news/ai-6-4","https://www.enhe-tech.com.cn/ai-news/ai-6-4","WebSite|Organization|SearchAction|MerchantReturnPolicy|CreativeWork|ContactPoint|BreadcrumbList|ListItem|NewsArticle|WebPage","YES","text/html; charset=utf-8","False","False","False","False","False","False","False","False","2026-08-10T18:13:19.9504620Z",""
"https://www.enhe-tech.com.cn/ai-news/github-copilot-app-ai","sitemap.xml","200","","https://www.enhe-tech.com.cn/ai-news/github-copilot-app-ai","GitHub Copilot App开放 | 恩禾 ENHE AI","1","https://www.enhe-tech.com.cn/ai-news/github-copilot-app-ai","index, follow","zh-CN","https://www.enhe-tech.com.cn/ai-news/github-copilot-app-ai","https://www.enhe-tech.com.cn/en/ai-news/github-copilot-app-ai","https://www.enhe-tech.com.cn/ai-news/github-copilot-app-ai","WebSite|Organization|SearchAction|MerchantReturnPolicy|CreativeWork|ContactPoint|BreadcrumbList|ListItem|NewsArticle|WebPage","YES","text/html; charset=utf-8","False","False","False","False","False","False","False","False","2026-08-10T18:13:20.7823520Z",""
"https://www.enhe-tech.com.cn/en/ai-news/github-copilot-app-ai","sitemap.xml","200","","https://www.enhe-tech.com.cn/en/ai-news/github-copilot-app-ai","GitHub Copilot App Opens Desktop AI Agents | ENHE AI","1","https://www.enhe-tech.com.cn/en/ai-news/github-copilot-app-ai","index, follow","en-US","https://www.enhe-tech.com.cn/ai-news/github-copilot-app-ai","https://www.enhe-tech.com.cn/en/ai-news/github-copilot-app-ai","https://www.enhe-tech.com.cn/ai-news/github-copilot-app-ai","WebSite|Organization|SearchAction|MerchantReturnPolicy|CreativeWork|ContactPoint|BreadcrumbList|ListItem|NewsArticle|WebPage","YES","text/html; charset=utf-8","False","False","False","False","False","False","False","False","2026-08-10T18:13:21.5341917Z",""
"https://www.enhe-tech.com.cn/ai-news/aws-agentcore","sitemap.xml","200","","https://www.enhe-tech.com.cn/ai-news/aws-agentcore","AWS AgentCore案例：多租户隔离 | 恩禾 ENHE AI","1","https://www.enhe-tech.com.cn/ai-news/aws-agentcore","index, follow","zh-CN","https://www.enhe-tech.com.cn/ai-news/aws-agentcore","https://www.enhe-tech.com.cn/en/ai-news/aws-agentcore","https://www.enhe-tech.com.cn/ai-news/aws-agentcore","WebSite|Organization|SearchAction|MerchantReturnPolicy|CreativeWork|ContactPoint|BreadcrumbList|ListItem|NewsArticle|WebPage","YES","text/html; charset=utf-8","False","False","False","False","False","False","False","False","2026-08-10T18:13:22.3274601Z",""
"https://www.enhe-tech.com.cn/en/ai-news/aws-agentcore","sitemap.xml","200","","https://www.enhe-tech.com.cn/en/ai-news/aws-agentcore","AWS AgentCore Case: Tenant Isolation, Gateway | ENHE AI","1","https://www.enhe-tech.com.cn/en/ai-news/aws-agentcore","index, follow","en-US","https://www.enhe-tech.com.cn/ai-news/aws-agentcore","https://www.enhe-tech.com.cn/en/ai-news/aws-agentcore","https://www.enhe-tech.com.cn/ai-news/aws-agentcore","WebSite|Organization|SearchAction|MerchantReturnPolicy|CreativeWork|ContactPoint|BreadcrumbList|ListItem|NewsArticle|WebPage","YES","text/html; charset=utf-8","False","False","False","False","False","False","False","False","2026-08-10T18:13:23.0943979Z",""
"https://www.enhe-tech.com.cn/ai-news/anthropic-alberta-claude-code-ai","sitemap.xml","200","","https://www.enhe-tech.com.cn/ai-news/anthropic-alberta-claude-code-ai","Anthropic披露Alberta政府用 | 恩禾 ENHE AI","1","https://www.enhe-tech.com.cn/ai-news/anthropic-alberta-claude-code-ai","index, follow","zh-CN","https://www.enhe-tech.com.cn/ai-news/anthropic-alberta-claude-code-ai","https://www.enhe-tech.com.cn/en/ai-news/anthropic-alberta-claude-code-ai","https://www.enhe-tech.com.cn/ai-news/anthropic-alberta-claude-code-ai","WebSite|Organization|SearchAction|MerchantReturnPolicy|CreativeWork|ContactPoint|BreadcrumbList|ListItem|NewsArticle|WebPage","YES","text/html; charset=utf-8","False","False","False","False","False","False","False","False","2026-08-10T18:13:23.8042312Z",""
"https://www.enhe-tech.com.cn/en/ai-news/anthropic-alberta-claude-code-ai","sitemap.xml","200","","https://www.enhe-tech.com.cn/en/ai-news/anthropic-alberta-claude-code-ai","Anthropic Alberta Claude Code Cybersecurity Case | ENHE AI","1","https://www.enhe-tech.com.cn/en/ai-news/anthropic-alberta-claude-code-ai","index, follow","en-US","https://www.enhe-tech.com.cn/ai-news/anthropic-alberta-claude-code-ai","https://www.enhe-tech.com.cn/en/ai-news/anthropic-alberta-claude-code-ai","https://www.enhe-tech.com.cn/ai-news/anthropic-alberta-claude-code-ai","WebSite|Organization|SearchAction|MerchantReturnPolicy|CreativeWork|ContactPoint|BreadcrumbList|ListItem|NewsArticle|WebPage","YES","text/html; charset=utf-8","False","False","False","False","False","False","False","False","2026-08-10T18:13:24.4752180Z",""
"https://www.enhe-tech.com.cn/ai-news/chatgpt-gemini-claude","sitemap.xml","200","","https://www.enhe-tech.com.cn/ai-news/chatgpt-gemini-claude","ChatGPT Gemini Claude账号服务 | 恩禾 ENHE AI","1","https://www.enhe-tech.com.cn/ai-news/chatgpt-gemini-claude","index, follow","zh-CN","https://www.enhe-tech.com.cn/ai-news/chatgpt-gemini-claude","https://www.enhe-tech.com.cn/en/ai-news/chatgpt-gemini-claude","https://www.enhe-tech.com.cn/ai-news/chatgpt-gemini-claude","WebSite|Organization|SearchAction|MerchantReturnPolicy|CreativeWork|ContactPoint|BreadcrumbList|ListItem|NewsArticle|WebPage","YES","text/html; charset=utf-8","False","False","False","False","False","False","False","False","2026-08-10T18:13:25.1711978Z",""
"https://www.enhe-tech.com.cn/en/ai-news/chatgpt-gemini-claude","sitemap.xml","200","","https://www.enhe-tech.com.cn/en/ai-news/chatgpt-gemini-claude","ChatGPT Gemini Claude Account Services Compared | ENHE AI","1","https://www.enhe-tech.com.cn/en/ai-news/chatgpt-gemini-claude","index, follow","en-US","https://www.enhe-tech.com.cn/ai-news/chatgpt-gemini-claude","https://www.enhe-tech.com.cn/en/ai-news/chatgpt-gemini-claude","https://www.enhe-tech.com.cn/ai-news/chatgpt-gemini-claude","WebSite|Organization|SearchAction|MerchantReturnPolicy|CreativeWork|ContactPoint|BreadcrumbList|ListItem|NewsArticle|WebPage|FAQPage|Question|Answer","YES","text/html; charset=utf-8","False","False","False","False","False","True","False","False","2026-08-10T18:13:25.9595150Z",""
"https://www.enhe-tech.com.cn/ai-news/copilot-cli-byok","sitemap.xml","200","","https://www.enhe-tech.com.cn/ai-news/copilot-cli-byok","Copilot CLI BYOK本地模型选型指南 | 恩禾 ENHE AI","1","https://www.enhe-tech.com.cn/ai-news/copilot-cli-byok","index, follow","zh-CN","https://www.enhe-tech.com.cn/ai-news/copilot-cli-byok","https://www.enhe-tech.com.cn/en/ai-news/copilot-cli-byok","https://www.enhe-tech.com.cn/ai-news/copilot-cli-byok","WebSite|Organization|SearchAction|MerchantReturnPolicy|CreativeWork|ContactPoint|BreadcrumbList|ListItem|NewsArticle|WebPage","YES","text/html; charset=utf-8","False","False","False","False","False","False","False","False","2026-08-10T18:13:26.6823087Z",""
"https://www.enhe-tech.com.cn/en/ai-news/copilot-cli-byok","sitemap.xml","200","","https://www.enhe-tech.com.cn/en/ai-news/copilot-cli-byok","Copilot CLI, BYOK, and Local Model Selection | ENHE AI","1","https://www.enhe-tech.com.cn/en/ai-news/copilot-cli-byok","index, follow","en-US","https://www.enhe-tech.com.cn/ai-news/copilot-cli-byok","https://www.enhe-tech.com.cn/en/ai-news/copilot-cli-byok","https://www.enhe-tech.com.cn/ai-news/copilot-cli-byok","WebSite|Organization|SearchAction|MerchantReturnPolicy|CreativeWork|ContactPoint|BreadcrumbList|ListItem|NewsArticle|WebPage","YES","text/html; charset=utf-8","False","False","False","False","False","False","False","False","2026-08-10T18:13:27.7997984Z",""
"https://www.enhe-tech.com.cn/ai-news/chatgpt-work-gpt-5-6-6","sitemap.xml","200","","https://www.enhe-tech.com.cn/ai-news/chatgpt-work-gpt-5-6-6","如何安全试用ChatGPT Work | 恩禾 ENHE AI","1","https://www.enhe-tech.com.cn/ai-news/chatgpt-work-gpt-5-6-6","index, follow","zh-CN","https://www.enhe-tech.com.cn/ai-news/chatgpt-work-gpt-5-6-6","https://www.enhe-tech.com.cn/en/ai-news/chatgpt-work-gpt-5-6-6","https://www.enhe-tech.com.cn/ai-news/chatgpt-work-gpt-5-6-6","WebSite|Organization|SearchAction|MerchantReturnPolicy|CreativeWork|ContactPoint|BreadcrumbList|ListItem|NewsArticle|WebPage","YES","text/html; charset=utf-8","False","False","False","False","False","False","False","False","2026-08-10T18:13:28.6236846Z",""
"https://www.enhe-tech.com.cn/en/ai-news/chatgpt-work-gpt-5-6-6","sitemap.xml","200","","https://www.enhe-tech.com.cn/en/ai-news/chatgpt-work-gpt-5-6-6","How to Test ChatGPT Work and GPT-5.6 Safely | ENHE AI","1","https://www.enhe-tech.com.cn/en/ai-news/chatgpt-work-gpt-5-6-6","index, follow","en-US","https://www.enhe-tech.com.cn/ai-news/chatgpt-work-gpt-5-6-6","https://www.enhe-tech.com.cn/en/ai-news/chatgpt-work-gpt-5-6-6","https://www.enhe-tech.com.cn/ai-news/chatgpt-work-gpt-5-6-6","WebSite|Organization|SearchAction|MerchantReturnPolicy|CreativeWork|ContactPoint|BreadcrumbList|ListItem|NewsArticle|WebPage","YES","text/html; charset=utf-8","False","False","False","False","False","False","False","False","2026-08-10T18:13:29.4610391Z",""
"https://www.enhe-tech.com.cn/ai-news/copilot-kimi-k2-7-code-ai-credits","sitemap.xml","200","","https://www.enhe-tech.com.cn/ai-news/copilot-kimi-k2-7-code-ai-credits","如何安全试用Copilot里的Kimi K2.7 | 恩禾 ENHE AI","1","https://www.enhe-tech.com.cn/ai-news/copilot-kimi-k2-7-code-ai-credits","index, follow","zh-CN","https://www.enhe-tech.com.cn/ai-news/copilot-kimi-k2-7-code-ai-credits","https://www.enhe-tech.com.cn/en/ai-news/copilot-kimi-k2-7-code-ai-credits","https://www.enhe-tech.com.cn/ai-news/copilot-kimi-k2-7-code-ai-credits","WebSite|Organization|SearchAction|MerchantReturnPolicy|CreativeWork|ContactPoint|BreadcrumbList|ListItem|NewsArticle|WebPage","YES","text/html; charset=utf-8","False","False","False","False","False","False","False","False","2026-08-10T18:13:30.2944610Z",""
"https://www.enhe-tech.com.cn/en/ai-news/copilot-kimi-k2-7-code-ai-credits","sitemap.xml","200","","https://www.enhe-tech.com.cn/en/ai-news/copilot-kimi-k2-7-code-ai-credits","How to Test Kimi K2.7 Code in Copilot Safely | ENHE AI","1","https://www.enhe-tech.com.cn/en/ai-news/copilot-kimi-k2-7-code-ai-credits","index, follow","en-US","https://www.enhe-tech.com.cn/ai-news/copilot-kimi-k2-7-code-ai-credits","https://www.enhe-tech.com.cn/en/ai-news/copilot-kimi-k2-7-code-ai-credits","https://www.enhe-tech.com.cn/ai-news/copilot-kimi-k2-7-code-ai-credits","WebSite|Organization|SearchAction|MerchantReturnPolicy|CreativeWork|ContactPoint|BreadcrumbList|ListItem|NewsArticle|WebPage","YES","text/html; charset=utf-8","False","False","False","False","False","False","False","False","2026-08-10T18:13:31.1166163Z",""
"https://www.enhe-tech.com.cn/ai-news/gpt-5-6-microsoft-365-copilot-ai","sitemap.xml","200","","https://www.enhe-tech.com.cn/ai-news/gpt-5-6-microsoft-365-copilot-ai","GPT-5.6进入Microsoft 365 | 恩禾 ENHE AI","1","https://www.enhe-tech.com.cn/ai-news/gpt-5-6-microsoft-365-copilot-ai","index, follow","zh-CN","https://www.enhe-tech.com.cn/ai-news/gpt-5-6-microsoft-365-copilot-ai","https://www.enhe-tech.com.cn/en/ai-news/gpt-5-6-microsoft-365-copilot-ai","https://www.enhe-tech.com.cn/ai-news/gpt-5-6-microsoft-365-copilot-ai","WebSite|Organization|SearchAction|MerchantReturnPolicy|CreativeWork|ContactPoint|BreadcrumbList|ListItem|NewsArticle|WebPage","YES","text/html; charset=utf-8","False","False","False","False","False","False","False","False","2026-08-10T18:13:31.9612679Z",""
"https://www.enhe-tech.com.cn/en/ai-news/gpt-5-6-microsoft-365-copilot-ai","sitemap.xml","200","","https://www.enhe-tech.com.cn/en/ai-news/gpt-5-6-microsoft-365-copilot-ai","GPT-5.6 in Microsoft 365 Copilot | ENHE AI","1","https://www.enhe-tech.com.cn/en/ai-news/gpt-5-6-microsoft-365-copilot-ai","index, follow","en-US","https://www.enhe-tech.com.cn/ai-news/gpt-5-6-microsoft-365-copilot-ai","https://www.enhe-tech.com.cn/en/ai-news/gpt-5-6-microsoft-365-copilot-ai","https://www.enhe-tech.com.cn/ai-news/gpt-5-6-microsoft-365-copilot-ai","WebSite|Organization|SearchAction|MerchantReturnPolicy|CreativeWork|ContactPoint|BreadcrumbList|ListItem|NewsArticle|WebPage","YES","text/html; charset=utf-8","False","False","False","False","False","False","False","False","2026-08-10T18:13:32.8082580Z",""
"https://www.enhe-tech.com.cn/ai-news/github-copilot-kimi-k3","sitemap.xml","200","","https://www.enhe-tech.com.cn/ai-news/github-copilot-kimi-k3","GitHub Copilot上线Kimi K3 | 恩禾 ENHE AI","1","https://www.enhe-tech.com.cn/ai-news/github-copilot-kimi-k3","index, follow","zh-CN","https://www.enhe-tech.com.cn/ai-news/github-copilot-kimi-k3","https://www.enhe-tech.com.cn/en/ai-news/github-copilot-kimi-k3","https://www.enhe-tech.com.cn/ai-news/github-copilot-kimi-k3","WebSite|Organization|SearchAction|MerchantReturnPolicy|CreativeWork|ContactPoint|BreadcrumbList|ListItem|NewsArticle|WebPage","YES","text/html; charset=utf-8","False","False","False","False","False","False","False","False","2026-08-10T18:13:33.6761423Z",""
"https://www.enhe-tech.com.cn/en/ai-news/github-copilot-kimi-k3","sitemap.xml","200","","https://www.enhe-tech.com.cn/en/ai-news/github-copilot-kimi-k3","GitHub Copilot Kimi K3: Plan Access | ENHE AI","1","https://www.enhe-tech.com.cn/en/ai-news/github-copilot-kimi-k3","index, follow","en-US","https://www.enhe-tech.com.cn/ai-news/github-copilot-kimi-k3","https://www.enhe-tech.com.cn/en/ai-news/github-copilot-kimi-k3","https://www.enhe-tech.com.cn/ai-news/github-copilot-kimi-k3","WebSite|Organization|SearchAction|MerchantReturnPolicy|CreativeWork|ContactPoint|BreadcrumbList|ListItem|NewsArticle|WebPage","YES","text/html; charset=utf-8","False","False","False","False","False","False","False","False","2026-08-10T18:13:34.4978186Z",""
"https://www.enhe-tech.com.cn/ai-news/enhe-ai-gpt-5-6-chatgpt-work","sitemap.xml","200","","https://www.enhe-tech.com.cn/ai-news/enhe-ai-gpt-5-6-chatgpt-work","恩禾ENHE AI如何解读GPT-5.6 | 恩禾 ENHE AI","1","https://www.enhe-tech.com.cn/ai-news/enhe-ai-gpt-5-6-chatgpt-work","index, follow","zh-CN","https://www.enhe-tech.com.cn/ai-news/enhe-ai-gpt-5-6-chatgpt-work","https://www.enhe-tech.com.cn/en/ai-news/enhe-ai-gpt-5-6-chatgpt-work","https://www.enhe-tech.com.cn/ai-news/enhe-ai-gpt-5-6-chatgpt-work","WebSite|Organization|SearchAction|MerchantReturnPolicy|CreativeWork|ContactPoint|BreadcrumbList|ListItem|NewsArticle|WebPage","YES","text/html; charset=utf-8","False","False","False","False","False","False","False","False","2026-08-10T18:13:35.2988638Z",""
"https://www.enhe-tech.com.cn/en/ai-news/enhe-ai-gpt-5-6-chatgpt-work","sitemap.xml","200","","https://www.enhe-tech.com.cn/en/ai-news/enhe-ai-gpt-5-6-chatgpt-work","How ENHE AI Explains GPT-5.6 and ChatGPT Work","1","https://www.enhe-tech.com.cn/en/ai-news/enhe-ai-gpt-5-6-chatgpt-work","index, follow","en-US","https://www.enhe-tech.com.cn/ai-news/enhe-ai-gpt-5-6-chatgpt-work","https://www.enhe-tech.com.cn/en/ai-news/enhe-ai-gpt-5-6-chatgpt-work","https://www.enhe-tech.com.cn/ai-news/enhe-ai-gpt-5-6-chatgpt-work","WebSite|Organization|SearchAction|MerchantReturnPolicy|CreativeWork|ContactPoint|BreadcrumbList|ListItem|NewsArticle|WebPage","YES","text/html; charset=utf-8","False","False","False","False","False","False","False","False","2026-08-10T18:13:36.0882224Z",""
"https://www.enhe-tech.com.cn/ai-news/anthropic-claude-reflect-ai-ai","sitemap.xml","200","","https://www.enhe-tech.com.cn/ai-news/anthropic-claude-reflect-ai-ai","Claude Reflect发布 | 恩禾 ENHE AI","1","https://www.enhe-tech.com.cn/ai-news/anthropic-claude-reflect-ai-ai","index, follow","zh-CN","https://www.enhe-tech.com.cn/ai-news/anthropic-claude-reflect-ai-ai","https://www.enhe-tech.com.cn/en/ai-news/anthropic-claude-reflect-ai-ai","https://www.enhe-tech.com.cn/ai-news/anthropic-claude-reflect-ai-ai","WebSite|Organization|SearchAction|MerchantReturnPolicy|CreativeWork|ContactPoint|BreadcrumbList|ListItem|NewsArticle|WebPage","YES","text/html; charset=utf-8","False","False","False","False","False","False","False","False","2026-08-10T18:13:36.8730809Z",""
"https://www.enhe-tech.com.cn/en/ai-news/anthropic-claude-reflect-ai-ai","sitemap.xml","200","","https://www.enhe-tech.com.cn/en/ai-news/anthropic-claude-reflect-ai-ai","Claude Reflect: AI Usage Reflection Dashboard | ENHE AI","1","https://www.enhe-tech.com.cn/en/ai-news/anthropic-claude-reflect-ai-ai","index, follow","en-US","https://www.enhe-tech.com.cn/ai-news/anthropic-claude-reflect-ai-ai","https://www.enhe-tech.com.cn/en/ai-news/anthropic-claude-reflect-ai-ai","https://www.enhe-tech.com.cn/ai-news/anthropic-claude-reflect-ai-ai","WebSite|Organization|SearchAction|MerchantReturnPolicy|CreativeWork|ContactPoint|BreadcrumbList|ListItem|NewsArticle|WebPage","YES","text/html; charset=utf-8","False","False","False","False","False","False","False","False","2026-08-10T18:13:37.6889738Z",""
"https://www.enhe-tech.com.cn/ai-news/chatgpt-work","sitemap.xml","200","","https://www.enhe-tech.com.cn/ai-news/chatgpt-work","什么是ChatGPT Work | 恩禾 ENHE AI","1","https://www.enhe-tech.com.cn/ai-news/chatgpt-work","index, follow","zh-CN","https://www.enhe-tech.com.cn/ai-news/chatgpt-work","https://www.enhe-tech.com.cn/en/ai-news/chatgpt-work","https://www.enhe-tech.com.cn/ai-news/chatgpt-work","WebSite|Organization|SearchAction|MerchantReturnPolicy|CreativeWork|ContactPoint|BreadcrumbList|ListItem|NewsArticle|WebPage","YES","text/html; charset=utf-8","False","False","False","False","False","False","False","False","2026-08-10T18:13:38.5210395Z",""
"https://www.enhe-tech.com.cn/en/ai-news/chatgpt-work","sitemap.xml","200","","https://www.enhe-tech.com.cn/en/ai-news/chatgpt-work","What Is ChatGPT Work? AI Agent Definition | ENHE AI","1","https://www.enhe-tech.com.cn/en/ai-news/chatgpt-work","index, follow","en-US","https://www.enhe-tech.com.cn/ai-news/chatgpt-work","https://www.enhe-tech.com.cn/en/ai-news/chatgpt-work","https://www.enhe-tech.com.cn/ai-news/chatgpt-work","WebSite|Organization|SearchAction|MerchantReturnPolicy|CreativeWork|ContactPoint|BreadcrumbList|ListItem|NewsArticle|WebPage","YES","text/html; charset=utf-8","False","False","False","False","False","False","False","False","2026-08-10T18:13:39.3411853Z",""
"https://www.enhe-tech.com.cn/ai-news/agentscope-java-2-0-ai","sitemap.xml","200","","https://www.enhe-tech.com.cn/ai-news/agentscope-java-2-0-ai","AgentScope Java 2.0发布 | 恩禾 ENHE AI","1","https://www.enhe-tech.com.cn/ai-news/agentscope-java-2-0-ai","index, follow","zh-CN","https://www.enhe-tech.com.cn/ai-news/agentscope-java-2-0-ai","https://www.enhe-tech.com.cn/en/ai-news/agentscope-java-2-0-ai","https://www.enhe-tech.com.cn/ai-news/agentscope-java-2-0-ai","WebSite|Organization|SearchAction|MerchantReturnPolicy|CreativeWork|ContactPoint|BreadcrumbList|ListItem|NewsArticle|WebPage|FAQPage|Question|Answer","YES","text/html; charset=utf-8","False","False","False","False","False","True","False","False","2026-08-10T18:13:40.2180447Z",""
"https://www.enhe-tech.com.cn/en/ai-news/agentscope-java-2-0-ai","sitemap.xml","200","","https://www.enhe-tech.com.cn/en/ai-news/agentscope-java-2-0-ai","AgentScope Java 2.0 for Enterprise AI Agents | ENHE AI","1","https://www.enhe-tech.com.cn/en/ai-news/agentscope-java-2-0-ai","index, follow","en-US","https://www.enhe-tech.com.cn/ai-news/agentscope-java-2-0-ai","https://www.enhe-tech.com.cn/en/ai-news/agentscope-java-2-0-ai","https://www.enhe-tech.com.cn/ai-news/agentscope-java-2-0-ai","WebSite|Organization|SearchAction|MerchantReturnPolicy|CreativeWork|ContactPoint|BreadcrumbList|ListItem|NewsArticle|WebPage|FAQPage|Question|Answer","YES","text/html; charset=utf-8","False","False","False","False","False","True","False","False","2026-08-10T18:13:41.0804911Z",""
"https://www.enhe-tech.com.cn/ai-news/github-copilot-lite-balanced","sitemap.xml","200","","https://www.enhe-tech.com.cn/ai-news/github-copilot-lite-balanced","GitHub Copilot代码评审Lite | 恩禾 ENHE AI","1","https://www.enhe-tech.com.cn/ai-news/github-copilot-lite-balanced","index, follow","zh-CN","https://www.enhe-tech.com.cn/ai-news/github-copilot-lite-balanced","https://www.enhe-tech.com.cn/en/ai-news/github-copilot-lite-balanced","https://www.enhe-tech.com.cn/ai-news/github-copilot-lite-balanced","WebSite|Organization|SearchAction|MerchantReturnPolicy|CreativeWork|ContactPoint|BreadcrumbList|ListItem|NewsArticle|WebPage","YES","text/html; charset=utf-8","False","False","False","False","False","False","False","False","2026-08-10T18:13:41.9309879Z",""
"https://www.enhe-tech.com.cn/en/ai-news/github-copilot-lite-balanced","sitemap.xml","200","","https://www.enhe-tech.com.cn/en/ai-news/github-copilot-lite-balanced","GitHub Copilot Code Review | ENHE AI","1","https://www.enhe-tech.com.cn/en/ai-news/github-copilot-lite-balanced","index, follow","en-US","https://www.enhe-tech.com.cn/ai-news/github-copilot-lite-balanced","https://www.enhe-tech.com.cn/en/ai-news/github-copilot-lite-balanced","https://www.enhe-tech.com.cn/ai-news/github-copilot-lite-balanced","WebSite|Organization|SearchAction|MerchantReturnPolicy|CreativeWork|ContactPoint|BreadcrumbList|ListItem|NewsArticle|WebPage","YES","text/html; charset=utf-8","False","False","False","False","False","False","False","False","2026-08-10T18:13:42.7455065Z",""
"https://www.enhe-tech.com.cn/ai-news/github-kimi-k2-7-code-copilot-ai","sitemap.xml","200","","https://www.enhe-tech.com.cn/ai-news/github-kimi-k2-7-code-copilot-ai","GitHub将Kimi K2.7 Code纳入 | 恩禾 ENHE AI","1","https://www.enhe-tech.com.cn/ai-news/github-kimi-k2-7-code-copilot-ai","index, follow","zh-CN","https://www.enhe-tech.com.cn/ai-news/github-kimi-k2-7-code-copilot-ai","https://www.enhe-tech.com.cn/en/ai-news/github-kimi-k2-7-code-copilot-ai","https://www.enhe-tech.com.cn/ai-news/github-kimi-k2-7-code-copilot-ai","WebSite|Organization|SearchAction|MerchantReturnPolicy|CreativeWork|ContactPoint|BreadcrumbList|ListItem|NewsArticle|WebPage","YES","text/html; charset=utf-8","False","False","False","False","False","False","False","False","2026-08-10T18:13:43.5156102Z",""
"https://www.enhe-tech.com.cn/en/ai-news/github-kimi-k2-7-code-copilot-ai","sitemap.xml","200","","https://www.enhe-tech.com.cn/en/ai-news/github-kimi-k2-7-code-copilot-ai","GitHub Brings Kimi K2.7 Code Into Copilot's Main | ENHE AI","1","https://www.enhe-tech.com.cn/en/ai-news/github-kimi-k2-7-code-copilot-ai","index, follow","en-US","https://www.enhe-tech.com.cn/ai-news/github-kimi-k2-7-code-copilot-ai","https://www.enhe-tech.com.cn/en/ai-news/github-kimi-k2-7-code-copilot-ai","https://www.enhe-tech.com.cn/ai-news/github-kimi-k2-7-code-copilot-ai","WebSite|Organization|SearchAction|MerchantReturnPolicy|CreativeWork|ContactPoint|BreadcrumbList|ListItem|NewsArticle|WebPage","YES","text/html; charset=utf-8","False","False","False","False","False","False","False","False","2026-08-10T18:13:44.2933134Z",""
"https://www.enhe-tech.com.cn/ai-news/anthropic-fable-5-ai","sitemap.xml","200","","https://www.enhe-tech.com.cn/ai-news/anthropic-fable-5-ai","Anthropic Fable 5安全护栏与AI智 | 恩禾 ENHE AI","1","https://www.enhe-tech.com.cn/ai-news/anthropic-fable-5-ai","index, follow","zh-CN","https://www.enhe-tech.com.cn/ai-news/anthropic-fable-5-ai","https://www.enhe-tech.com.cn/en/ai-news/anthropic-fable-5-ai","https://www.enhe-tech.com.cn/ai-news/anthropic-fable-5-ai","WebSite|Organization|SearchAction|MerchantReturnPolicy|CreativeWork|ContactPoint|BreadcrumbList|ListItem|NewsArticle|WebPage","YES","text/html; charset=utf-8","False","False","False","False","False","False","False","False","2026-08-10T18:13:45.0173416Z",""
"https://www.enhe-tech.com.cn/en/ai-news/anthropic-fable-5-ai","sitemap.xml","200","","https://www.enhe-tech.com.cn/en/ai-news/anthropic-fable-5-ai","Anthropic Fable 5 Safeguards and AI Agent | ENHE AI","1","https://www.enhe-tech.com.cn/en/ai-news/anthropic-fable-5-ai","index, follow","en-US","https://www.enhe-tech.com.cn/ai-news/anthropic-fable-5-ai","https://www.enhe-tech.com.cn/en/ai-news/anthropic-fable-5-ai","https://www.enhe-tech.com.cn/ai-news/anthropic-fable-5-ai","WebSite|Organization|SearchAction|MerchantReturnPolicy|CreativeWork|ContactPoint|BreadcrumbList|ListItem|NewsArticle|WebPage","YES","text/html; charset=utf-8","False","False","False","False","False","False","False","False","2026-08-10T18:13:45.7447961Z",""
"https://www.enhe-tech.com.cn/ai-news/claude-reflect-ai-ai","sitemap.xml","200","","https://www.enhe-tech.com.cn/ai-news/claude-reflect-ai-ai","Claude Reflect全球AI趋势解读 | 恩禾 ENHE AI","1","https://www.enhe-tech.com.cn/ai-news/claude-reflect-ai-ai","index, follow","zh-CN","https://www.enhe-tech.com.cn/ai-news/claude-reflect-ai-ai","https://www.enhe-tech.com.cn/en/ai-news/claude-reflect-ai-ai","https://www.enhe-tech.com.cn/ai-news/claude-reflect-ai-ai","WebSite|Organization|SearchAction|MerchantReturnPolicy|CreativeWork|ContactPoint|BreadcrumbList|ListItem|NewsArticle|WebPage","YES","text/html; charset=utf-8","False","False","False","False","False","False","False","False","2026-08-10T18:13:46.6012954Z",""
"https://www.enhe-tech.com.cn/en/ai-news/claude-reflect-ai-ai","sitemap.xml","200","","https://www.enhe-tech.com.cn/en/ai-news/claude-reflect-ai-ai","Claude Reflect and Global AI Usage Quality | ENHE AI","1","https://www.enhe-tech.com.cn/en/ai-news/claude-reflect-ai-ai","index, follow","en-US","https://www.enhe-tech.com.cn/ai-news/claude-reflect-ai-ai","https://www.enhe-tech.com.cn/en/ai-news/claude-reflect-ai-ai","https://www.enhe-tech.com.cn/ai-news/claude-reflect-ai-ai","WebSite|Organization|SearchAction|MerchantReturnPolicy|CreativeWork|ContactPoint|BreadcrumbList|ListItem|NewsArticle|WebPage","YES","text/html; charset=utf-8","False","False","False","False","False","False","False","False","2026-08-10T18:13:47.4639292Z",""
"https://www.enhe-tech.com.cn/ai-news/claude-reflect-tool-selection-ai","sitemap.xml","200","","https://www.enhe-tech.com.cn/ai-news/claude-reflect-tool-selection-ai","AI工具选型：看Claude Reflect复盘能 | 恩禾 ENHE AI","1","https://www.enhe-tech.com.cn/ai-news/claude-reflect-tool-selection-ai","index, follow","zh-CN","https://www.enhe-tech.com.cn/ai-news/claude-reflect-tool-selection-ai","https://www.enhe-tech.com.cn/en/ai-news/claude-reflect-tool-selection-ai","https://www.enhe-tech.com.cn/ai-news/claude-reflect-tool-selection-ai","WebSite|Organization|SearchAction|MerchantReturnPolicy|CreativeWork|ContactPoint|BreadcrumbList|ListItem|NewsArticle|WebPage","YES","text/html; charset=utf-8","False","False","False","False","False","False","False","False","2026-08-10T18:13:48.3385777Z",""
"https://www.enhe-tech.com.cn/en/ai-news/claude-reflect-tool-selection-ai","sitemap.xml","200","","https://www.enhe-tech.com.cn/en/ai-news/claude-reflect-tool-selection-ai","Choosing AI Tools With Usage Reflection | ENHE AI","1","https://www.enhe-tech.com.cn/en/ai-news/claude-reflect-tool-selection-ai","index, follow","en-US","https://www.enhe-tech.com.cn/ai-news/claude-reflect-tool-selection-ai","https://www.enhe-tech.com.cn/en/ai-news/claude-reflect-tool-selection-ai","https://www.enhe-tech.com.cn/ai-news/claude-reflect-tool-selection-ai","WebSite|Organization|SearchAction|MerchantReturnPolicy|CreativeWork|ContactPoint|BreadcrumbList|ListItem|NewsArticle|WebPage","YES","text/html; charset=utf-8","False","False","False","False","False","False","False","False","2026-08-10T18:13:49.1807590Z",""
"https://www.enhe-tech.com.cn/ai-news/codex-provider-switcher-ai-provider","sitemap.xml","200","","https://www.enhe-tech.com.cn/ai-news/codex-provider-switcher-ai-provider","Codex Provider Switcher 多 | 恩禾 ENHE AI","1","https://www.enhe-tech.com.cn/ai-news/codex-provider-switcher-ai-provider","index, follow","zh-CN","https://www.enhe-tech.com.cn/ai-news/codex-provider-switcher-ai-provider","https://www.enhe-tech.com.cn/en/ai-news/codex-provider-switcher-ai-provider","https://www.enhe-tech.com.cn/ai-news/codex-provider-switcher-ai-provider","WebSite|Organization|SearchAction|MerchantReturnPolicy|CreativeWork|ContactPoint|BreadcrumbList|ListItem|NewsArticle|WebPage|FAQPage|Question|Answer","YES","text/html; charset=utf-8","False","False","False","False","False","True","False","False","2026-08-10T18:13:50.0531118Z",""
"https://www.enhe-tech.com.cn/en/ai-news/codex-provider-switcher-ai-provider","sitemap.xml","200","","https://www.enhe-tech.com.cn/en/ai-news/codex-provider-switcher-ai-provider","Codex Provider Switcher for ChatGPT | ENHE AI","1","https://www.enhe-tech.com.cn/en/ai-news/codex-provider-switcher-ai-provider","index, follow","en-US","https://www.enhe-tech.com.cn/ai-news/codex-provider-switcher-ai-provider","https://www.enhe-tech.com.cn/en/ai-news/codex-provider-switcher-ai-provider","https://www.enhe-tech.com.cn/ai-news/codex-provider-switcher-ai-provider","WebSite|Organization|SearchAction|MerchantReturnPolicy|CreativeWork|ContactPoint|BreadcrumbList|ListItem|NewsArticle|WebPage|FAQPage|Question|Answer","YES","text/html; charset=utf-8","False","False","False","False","False","True","False","False","2026-08-10T18:13:50.9263794Z",""
"https://www.enhe-tech.com.cn/ai-news/nvidia-open-secure-ai-alliance-ai","sitemap.xml","200","","https://www.enhe-tech.com.cn/ai-news/nvidia-open-secure-ai-alliance-ai","Open Secure AI Alliance | 恩禾 ENHE AI","1","https://www.enhe-tech.com.cn/ai-news/nvidia-open-secure-ai-alliance-ai","index, follow","zh-CN","https://www.enhe-tech.com.cn/ai-news/nvidia-open-secure-ai-alliance-ai","https://www.enhe-tech.com.cn/en/ai-news/nvidia-open-secure-ai-alliance-ai","https://www.enhe-tech.com.cn/ai-news/nvidia-open-secure-ai-alliance-ai","WebSite|Organization|SearchAction|MerchantReturnPolicy|CreativeWork|ContactPoint|BreadcrumbList|ListItem|NewsArticle|WebPage","YES","text/html; charset=utf-8","False","False","False","False","False","True","False","False","2026-08-10T18:13:51.8048944Z",""
"https://www.enhe-tech.com.cn/en/ai-news/nvidia-open-secure-ai-alliance-ai","sitemap.xml","200","","https://www.enhe-tech.com.cn/en/ai-news/nvidia-open-secure-ai-alliance-ai","Open Secure AI Alliance and NOOA | ENHE AI","1","https://www.enhe-tech.com.cn/en/ai-news/nvidia-open-secure-ai-alliance-ai","index, follow","en-US","https://www.enhe-tech.com.cn/ai-news/nvidia-open-secure-ai-alliance-ai","https://www.enhe-tech.com.cn/en/ai-news/nvidia-open-secure-ai-alliance-ai","https://www.enhe-tech.com.cn/ai-news/nvidia-open-secure-ai-alliance-ai","WebSite|Organization|SearchAction|MerchantReturnPolicy|CreativeWork|ContactPoint|BreadcrumbList|ListItem|NewsArticle|WebPage","YES","text/html; charset=utf-8","False","False","False","False","False","False","False","False","2026-08-10T18:13:52.7062474Z",""
"https://www.enhe-tech.com.cn/ai-news/gpt-5-6-sol-terra-luna-ai","sitemap.xml","200","","https://www.enhe-tech.com.cn/ai-news/gpt-5-6-sol-terra-luna-ai","GPT-5.6 Sol、Terra | 恩禾 ENHE AI","1","https://www.enhe-tech.com.cn/ai-news/gpt-5-6-sol-terra-luna-ai","index, follow","zh-CN","https://www.enhe-tech.com.cn/ai-news/gpt-5-6-sol-terra-luna-ai","https://www.enhe-tech.com.cn/en/ai-news/gpt-5-6-sol-terra-luna-ai","https://www.enhe-tech.com.cn/ai-news/gpt-5-6-sol-terra-luna-ai","WebSite|Organization|SearchAction|MerchantReturnPolicy|CreativeWork|ContactPoint|BreadcrumbList|ListItem|NewsArticle|WebPage","YES","text/html; charset=utf-8","False","False","False","False","False","False","False","False","2026-08-10T18:13:53.7435032Z",""
"https://www.enhe-tech.com.cn/en/ai-news/gpt-5-6-sol-terra-luna-ai","sitemap.xml","200","","https://www.enhe-tech.com.cn/en/ai-news/gpt-5-6-sol-terra-luna-ai","GPT-5.6 Sol, Terra, Luna: Chat Experience | ENHE AI","1","https://www.enhe-tech.com.cn/en/ai-news/gpt-5-6-sol-terra-luna-ai","index, follow","en-US","https://www.enhe-tech.com.cn/ai-news/gpt-5-6-sol-terra-luna-ai","https://www.enhe-tech.com.cn/en/ai-news/gpt-5-6-sol-terra-luna-ai","https://www.enhe-tech.com.cn/ai-news/gpt-5-6-sol-terra-luna-ai","WebSite|Organization|SearchAction|MerchantReturnPolicy|CreativeWork|ContactPoint|BreadcrumbList|ListItem|NewsArticle|WebPage","YES","text/html; charset=utf-8","False","False","False","False","False","False","False","False","2026-08-10T18:13:54.5411449Z",""
"https://www.enhe-tech.com.cn/ai-news/kimi-copilot-ai","sitemap.xml","200","","https://www.enhe-tech.com.cn/ai-news/kimi-copilot-ai","Kimi进入Copilot背后 | 恩禾 ENHE AI","1","https://www.enhe-tech.com.cn/ai-news/kimi-copilot-ai","index, follow","zh-CN","https://www.enhe-tech.com.cn/ai-news/kimi-copilot-ai","https://www.enhe-tech.com.cn/en/ai-news/kimi-copilot-ai","https://www.enhe-tech.com.cn/ai-news/kimi-copilot-ai","WebSite|Organization|SearchAction|MerchantReturnPolicy|CreativeWork|ContactPoint|BreadcrumbList|ListItem|NewsArticle|WebPage","YES","text/html; charset=utf-8","False","False","False","False","False","False","False","False","2026-08-10T18:13:55.3361188Z",""
"https://www.enhe-tech.com.cn/en/ai-news/kimi-copilot-ai","sitemap.xml","200","","https://www.enhe-tech.com.cn/en/ai-news/kimi-copilot-ai","Kimi in Copilot Shows AI Coding Tools Entering | ENHE AI","1","https://www.enhe-tech.com.cn/en/ai-news/kimi-copilot-ai","index, follow","en-US","https://www.enhe-tech.com.cn/ai-news/kimi-copilot-ai","https://www.enhe-tech.com.cn/en/ai-news/kimi-copilot-ai","https://www.enhe-tech.com.cn/ai-news/kimi-copilot-ai","WebSite|Organization|SearchAction|MerchantReturnPolicy|CreativeWork|ContactPoint|BreadcrumbList|ListItem|NewsArticle|WebPage","YES","text/html; charset=utf-8","False","False","False","False","False","False","False","False","2026-08-10T18:13:56.1390584Z",""
"https://www.enhe-tech.com.cn/ai-news/physical-ai-ai","sitemap.xml","200","","https://www.enhe-tech.com.cn/ai-news/physical-ai-ai","Physical AI是什么？和AI智能体的区别 | 恩禾 ENHE AI","1","https://www.enhe-tech.com.cn/ai-news/physical-ai-ai","index, follow","zh-CN","https://www.enhe-tech.com.cn/ai-news/physical-ai-ai","https://www.enhe-tech.com.cn/en/ai-news/physical-ai-ai","https://www.enhe-tech.com.cn/ai-news/physical-ai-ai","WebSite|Organization|SearchAction|MerchantReturnPolicy|CreativeWork|ContactPoint|BreadcrumbList|ListItem|NewsArticle|WebPage","YES","text/html; charset=utf-8","False","False","False","False","False","False","False","False","2026-08-10T18:13:56.9600498Z",""
"https://www.enhe-tech.com.cn/en/ai-news/physical-ai-ai","sitemap.xml","200","","https://www.enhe-tech.com.cn/en/ai-news/physical-ai-ai","What Is Physical AI? Definition and AI Agent | ENHE AI","1","https://www.enhe-tech.com.cn/en/ai-news/physical-ai-ai","index, follow","en-US","https://www.enhe-tech.com.cn/ai-news/physical-ai-ai","https://www.enhe-tech.com.cn/en/ai-news/physical-ai-ai","https://www.enhe-tech.com.cn/ai-news/physical-ai-ai","WebSite|Organization|SearchAction|MerchantReturnPolicy|CreativeWork|ContactPoint|BreadcrumbList|ListItem|NewsArticle|WebPage","YES","text/html; charset=utf-8","False","False","False","False","False","False","False","False","2026-08-10T18:13:57.7727347Z",""
"https://www.enhe-tech.com.cn/ai-news/physical-ai-review","sitemap.xml","200","","https://www.enhe-tech.com.cn/ai-news/physical-ai-review","Physical AI工具选型 | 恩禾 ENHE AI","1","https://www.enhe-tech.com.cn/ai-news/physical-ai-review","index, follow","zh-CN","https://www.enhe-tech.com.cn/ai-news/physical-ai-review","https://www.enhe-tech.com.cn/en/ai-news/physical-ai-review","https://www.enhe-tech.com.cn/ai-news/physical-ai-review","WebSite|Organization|SearchAction|MerchantReturnPolicy|CreativeWork|ContactPoint|BreadcrumbList|ListItem|NewsArticle|WebPage","YES","text/html; charset=utf-8","False","False","False","False","False","False","False","False","2026-08-10T18:13:58.5495326Z",""
"https://www.enhe-tech.com.cn/en/ai-news/physical-ai-review","sitemap.xml","200","","https://www.enhe-tech.com.cn/en/ai-news/physical-ai-review","Physical AI Tool Selection: Permissions, Data | ENHE AI","1","https://www.enhe-tech.com.cn/en/ai-news/physical-ai-review","index, follow","en-US","https://www.enhe-tech.com.cn/ai-news/physical-ai-review","https://www.enhe-tech.com.cn/en/ai-news/physical-ai-review","https://www.enhe-tech.com.cn/ai-news/physical-ai-review","WebSite|Organization|SearchAction|MerchantReturnPolicy|CreativeWork|ContactPoint|BreadcrumbList|ListItem|NewsArticle|WebPage","YES","text/html; charset=utf-8","False","False","False","False","False","False","False","False","2026-08-10T18:13:59.3652358Z",""
"https://www.enhe-tech.com.cn/ai-news/anthropic-ust-claude-physical-ai-ai","sitemap.xml","200","","https://www.enhe-tech.com.cn/ai-news/anthropic-ust-claude-physical-ai-ai","Claude Physical AI前沿资讯 | 恩禾 ENHE AI","1","https://www.enhe-tech.com.cn/ai-news/anthropic-ust-claude-physical-ai-ai","index, follow","zh-CN","https://www.enhe-tech.com.cn/ai-news/anthropic-ust-claude-physical-ai-ai","https://www.enhe-tech.com.cn/en/ai-news/anthropic-ust-claude-physical-ai-ai","https://www.enhe-tech.com.cn/ai-news/anthropic-ust-claude-physical-ai-ai","WebSite|Organization|SearchAction|MerchantReturnPolicy|CreativeWork|ContactPoint|BreadcrumbList|ListItem|NewsArticle|WebPage","YES","text/html; charset=utf-8","False","False","False","False","False","False","False","False","2026-08-10T18:14:00.1305178Z",""
"https://www.enhe-tech.com.cn/en/ai-news/anthropic-ust-claude-physical-ai-ai","sitemap.xml","200","","https://www.enhe-tech.com.cn/en/ai-news/anthropic-ust-claude-physical-ai-ai","Claude Physical AI: Enterprise AI Agents Move | ENHE AI","1","https://www.enhe-tech.com.cn/en/ai-news/anthropic-ust-claude-physical-ai-ai","index, follow","en-US","https://www.enhe-tech.com.cn/ai-news/anthropic-ust-claude-physical-ai-ai","https://www.enhe-tech.com.cn/en/ai-news/anthropic-ust-claude-physical-ai-ai","https://www.enhe-tech.com.cn/ai-news/anthropic-ust-claude-physical-ai-ai","WebSite|Organization|SearchAction|MerchantReturnPolicy|CreativeWork|ContactPoint|BreadcrumbList|ListItem|NewsArticle|WebPage","YES","text/html; charset=utf-8","False","False","False","False","False","False","False","False","2026-08-10T18:14:00.8983428Z",""
"https://www.enhe-tech.com.cn/ai-news/github-mcp-server-ai","sitemap.xml","200","","https://www.enhe-tech.com.cn/ai-news/github-mcp-server-ai","MCP 2026-07-28正式发布 | 恩禾 ENHE AI","1","https://www.enhe-tech.com.cn/ai-news/github-mcp-server-ai","index, follow","zh-CN","https://www.enhe-tech.com.cn/ai-news/github-mcp-server-ai","https://www.enhe-tech.com.cn/en/ai-news/github-mcp-server-ai","https://www.enhe-tech.com.cn/ai-news/github-mcp-server-ai","WebSite|Organization|SearchAction|MerchantReturnPolicy|CreativeWork|ContactPoint|BreadcrumbList|ListItem|NewsArticle|WebPage","YES","text/html; charset=utf-8","False","False","False","False","False","False","False","False","2026-08-10T18:14:01.6941284Z",""
"https://www.enhe-tech.com.cn/en/ai-news/github-mcp-server-ai","sitemap.xml","200","","https://www.enhe-tech.com.cn/en/ai-news/github-mcp-server-ai","MCP 2026-07-28: Initialize and Session Changes | ENHE AI","1","https://www.enhe-tech.com.cn/en/ai-news/github-mcp-server-ai","index, follow","en-US","https://www.enhe-tech.com.cn/ai-news/github-mcp-server-ai","https://www.enhe-tech.com.cn/en/ai-news/github-mcp-server-ai","https://www.enhe-tech.com.cn/ai-news/github-mcp-server-ai","WebSite|Organization|SearchAction|MerchantReturnPolicy|CreativeWork|ContactPoint|BreadcrumbList|ListItem|NewsArticle|WebPage","YES","text/html; charset=utf-8","False","False","False","False","False","False","False","False","2026-08-10T18:14:02.4741134Z",""
"https://www.enhe-tech.com.cn/ai-news/enhe-ai-claude-physical-ai","sitemap.xml","200","","https://www.enhe-tech.com.cn/ai-news/enhe-ai-claude-physical-ai","恩禾ENHE AI如何理解Claude | 恩禾 ENHE AI","1","https://www.enhe-tech.com.cn/ai-news/enhe-ai-claude-physical-ai","index, follow","zh-CN","https://www.enhe-tech.com.cn/ai-news/enhe-ai-claude-physical-ai","https://www.enhe-tech.com.cn/en/ai-news/enhe-ai-claude-physical-ai","https://www.enhe-tech.com.cn/ai-news/enhe-ai-claude-physical-ai","WebSite|Organization|SearchAction|MerchantReturnPolicy|CreativeWork|ContactPoint|BreadcrumbList|ListItem|NewsArticle|WebPage","YES","text/html; charset=utf-8","False","False","False","False","False","False","False","False","2026-08-10T18:14:03.2613725Z",""
"https://www.enhe-tech.com.cn/en/ai-news/enhe-ai-claude-physical-ai","sitemap.xml","200","","https://www.enhe-tech.com.cn/en/ai-news/enhe-ai-claude-physical-ai","How ENHE AI Explains Claude Physical AI","1","https://www.enhe-tech.com.cn/en/ai-news/enhe-ai-claude-physical-ai","index, follow","en-US","https://www.enhe-tech.com.cn/ai-news/enhe-ai-claude-physical-ai","https://www.enhe-tech.com.cn/en/ai-news/enhe-ai-claude-physical-ai","https://www.enhe-tech.com.cn/ai-news/enhe-ai-claude-physical-ai","WebSite|Organization|SearchAction|MerchantReturnPolicy|CreativeWork|ContactPoint|BreadcrumbList|ListItem|NewsArticle|WebPage","YES","text/html; charset=utf-8","False","False","False","False","False","False","False","False","2026-08-10T18:14:04.0423643Z",""
"https://www.enhe-tech.com.cn/ai-news/copilot-otel-grafana-ai","sitemap.xml","200","","https://www.enhe-tech.com.cn/ai-news/copilot-otel-grafana-ai","Copilot OTel、Grafana | 恩禾 ENHE AI","1","https://www.enhe-tech.com.cn/ai-news/copilot-otel-grafana-ai","index, follow","zh-CN","https://www.enhe-tech.com.cn/ai-news/copilot-otel-grafana-ai","https://www.enhe-tech.com.cn/en/ai-news/copilot-otel-grafana-ai","https://www.enhe-tech.com.cn/ai-news/copilot-otel-grafana-ai","WebSite|Organization|SearchAction|MerchantReturnPolicy|CreativeWork|ContactPoint|BreadcrumbList|ListItem|NewsArticle|WebPage","YES","text/html; charset=utf-8","False","False","False","False","False","False","False","False","2026-08-10T18:14:04.8272948Z",""
"https://www.enhe-tech.com.cn/en/ai-news/copilot-otel-grafana-ai","sitemap.xml","200","","https://www.enhe-tech.com.cn/en/ai-news/copilot-otel-grafana-ai","Copilot OTel vs Grafana vs Local Logs | ENHE AI","1","https://www.enhe-tech.com.cn/en/ai-news/copilot-otel-grafana-ai","index, follow","en-US","https://www.enhe-tech.com.cn/ai-news/copilot-otel-grafana-ai","https://www.enhe-tech.com.cn/en/ai-news/copilot-otel-grafana-ai","https://www.enhe-tech.com.cn/ai-news/copilot-otel-grafana-ai","WebSite|Organization|SearchAction|MerchantReturnPolicy|CreativeWork|ContactPoint|BreadcrumbList|ListItem|NewsArticle|WebPage","YES","text/html; charset=utf-8","False","False","False","False","False","False","False","False","2026-08-10T18:14:05.6266614Z",""
"https://www.enhe-tech.com.cn/ai-news/enhe-ai-claude-reflect-ai","sitemap.xml","200","","https://www.enhe-tech.com.cn/ai-news/enhe-ai-claude-reflect-ai","ENHE AI解读Claude Reflect | 恩禾 ENHE AI","1","https://www.enhe-tech.com.cn/ai-news/enhe-ai-claude-reflect-ai","index, follow","zh-CN","https://www.enhe-tech.com.cn/ai-news/enhe-ai-claude-reflect-ai","https://www.enhe-tech.com.cn/en/ai-news/enhe-ai-claude-reflect-ai","https://www.enhe-tech.com.cn/ai-news/enhe-ai-claude-reflect-ai","WebSite|Organization|SearchAction|MerchantReturnPolicy|CreativeWork|ContactPoint|BreadcrumbList|ListItem|NewsArticle|WebPage","YES","text/html; charset=utf-8","False","False","False","False","False","False","False","False","2026-08-10T18:14:06.4214147Z",""
"https://www.enhe-tech.com.cn/en/ai-news/enhe-ai-claude-reflect-ai","sitemap.xml","200","","https://www.enhe-tech.com.cn/en/ai-news/enhe-ai-claude-reflect-ai","ENHE AI on Claude Reflect and AI Skill Review","1","https://www.enhe-tech.com.cn/en/ai-news/enhe-ai-claude-reflect-ai","index, follow","en-US","https://www.enhe-tech.com.cn/ai-news/enhe-ai-claude-reflect-ai","https://www.enhe-tech.com.cn/en/ai-news/enhe-ai-claude-reflect-ai","https://www.enhe-tech.com.cn/ai-news/enhe-ai-claude-reflect-ai","WebSite|Organization|SearchAction|MerchantReturnPolicy|CreativeWork|ContactPoint|BreadcrumbList|ListItem|NewsArticle|WebPage","YES","text/html; charset=utf-8","False","False","False","False","False","False","False","False","2026-08-10T18:14:07.2157565Z",""
"https://www.enhe-tech.com.cn/ai-news/github-copilot-cli-ai-credit-ai","sitemap.xml","200","","https://www.enhe-tech.com.cn/ai-news/github-copilot-cli-ai-credit-ai","GitHub Models正式退役：API | 恩禾 ENHE AI","1","https://www.enhe-tech.com.cn/ai-news/github-copilot-cli-ai-credit-ai","index, follow","zh-CN","https://www.enhe-tech.com.cn/ai-news/github-copilot-cli-ai-credit-ai","https://www.enhe-tech.com.cn/en/ai-news/github-copilot-cli-ai-credit-ai","https://www.enhe-tech.com.cn/ai-news/github-copilot-cli-ai-credit-ai","WebSite|Organization|SearchAction|MerchantReturnPolicy|CreativeWork|ContactPoint|BreadcrumbList|ListItem|NewsArticle|WebPage","YES","text/html; charset=utf-8","False","False","False","False","False","False","False","False","2026-08-10T18:14:07.9816968Z",""
"https://www.enhe-tech.com.cn/en/ai-news/github-copilot-cli-ai-credit-ai","sitemap.xml","200","","https://www.enhe-tech.com.cn/en/ai-news/github-copilot-cli-ai-credit-ai","GitHub Models Retired: API, Playground | ENHE AI","1","https://www.enhe-tech.com.cn/en/ai-news/github-copilot-cli-ai-credit-ai","index, follow","en-US","https://www.enhe-tech.com.cn/ai-news/github-copilot-cli-ai-credit-ai","https://www.enhe-tech.com.cn/en/ai-news/github-copilot-cli-ai-credit-ai","https://www.enhe-tech.com.cn/ai-news/github-copilot-cli-ai-credit-ai","WebSite|Organization|SearchAction|MerchantReturnPolicy|CreativeWork|ContactPoint|BreadcrumbList|ListItem|NewsArticle|WebPage","YES","text/html; charset=utf-8","False","False","False","False","False","False","False","False","2026-08-10T18:14:08.7433493Z",""
"https://www.enhe-tech.com.cn/ai-news/openai-gpt-5-6-chatgpt-work-ai","sitemap.xml","200","","https://www.enhe-tech.com.cn/ai-news/openai-gpt-5-6-chatgpt-work-ai","OpenAI GPT-5.6和ChatGPT | 恩禾 ENHE AI","1","https://www.enhe-tech.com.cn/ai-news/openai-gpt-5-6-chatgpt-work-ai","index, follow","zh-CN","https://www.enhe-tech.com.cn/ai-news/openai-gpt-5-6-chatgpt-work-ai","https://www.enhe-tech.com.cn/en/ai-news/openai-gpt-5-6-chatgpt-work-ai","https://www.enhe-tech.com.cn/ai-news/openai-gpt-5-6-chatgpt-work-ai","WebSite|Organization|SearchAction|MerchantReturnPolicy|CreativeWork|ContactPoint|BreadcrumbList|ListItem|NewsArticle|WebPage","YES","text/html; charset=utf-8","False","False","False","False","False","False","False","False","2026-08-10T18:14:09.5267065Z",""
"https://www.enhe-tech.com.cn/en/ai-news/openai-gpt-5-6-chatgpt-work-ai","sitemap.xml","200","","https://www.enhe-tech.com.cn/en/ai-news/openai-gpt-5-6-chatgpt-work-ai","OpenAI GPT-5.6 and ChatGPT Work | ENHE AI","1","https://www.enhe-tech.com.cn/en/ai-news/openai-gpt-5-6-chatgpt-work-ai","index, follow","en-US","https://www.enhe-tech.com.cn/ai-news/openai-gpt-5-6-chatgpt-work-ai","https://www.enhe-tech.com.cn/en/ai-news/openai-gpt-5-6-chatgpt-work-ai","https://www.enhe-tech.com.cn/ai-news/openai-gpt-5-6-chatgpt-work-ai","WebSite|Organization|SearchAction|MerchantReturnPolicy|CreativeWork|ContactPoint|BreadcrumbList|ListItem|NewsArticle|WebPage","YES","text/html; charset=utf-8","False","False","False","False","False","False","False","False","2026-08-10T18:14:10.3218459Z",""
"https://www.enhe-tech.com.cn/ai-news/github-copilot-otel-ai","sitemap.xml","200","","https://www.enhe-tech.com.cn/ai-news/github-copilot-otel-ai","GitHub Copilot OTel前沿资讯 | 恩禾 ENHE AI","1","https://www.enhe-tech.com.cn/ai-news/github-copilot-otel-ai","index, follow","zh-CN","https://www.enhe-tech.com.cn/ai-news/github-copilot-otel-ai","https://www.enhe-tech.com.cn/en/ai-news/github-copilot-otel-ai","https://www.enhe-tech.com.cn/ai-news/github-copilot-otel-ai","WebSite|Organization|SearchAction|MerchantReturnPolicy|CreativeWork|ContactPoint|BreadcrumbList|ListItem|NewsArticle|WebPage","YES","text/html; charset=utf-8","False","False","False","False","False","False","False","False","2026-08-10T18:14:11.1098102Z",""
"https://www.enhe-tech.com.cn/en/ai-news/github-copilot-otel-ai","sitemap.xml","200","","https://www.enhe-tech.com.cn/en/ai-news/github-copilot-otel-ai","GitHub Copilot OTel: AI Agent Observability | ENHE AI","1","https://www.enhe-tech.com.cn/en/ai-news/github-copilot-otel-ai","index, follow","en-US","https://www.enhe-tech.com.cn/ai-news/github-copilot-otel-ai","https://www.enhe-tech.com.cn/en/ai-news/github-copilot-otel-ai","https://www.enhe-tech.com.cn/ai-news/github-copilot-otel-ai","WebSite|Organization|SearchAction|MerchantReturnPolicy|CreativeWork|ContactPoint|BreadcrumbList|ListItem|NewsArticle|WebPage","YES","text/html; charset=utf-8","False","False","False","False","False","False","False","False","2026-08-10T18:14:11.8704175Z",""
"https://www.enhe-tech.com.cn/ai-news/enhe-ai-copilot-otel","sitemap.xml","200","","https://www.enhe-tech.com.cn/ai-news/enhe-ai-copilot-otel","恩禾ENHE AI与Copilot OTel | 恩禾 ENHE AI","1","https://www.enhe-tech.com.cn/ai-news/enhe-ai-copilot-otel","index, follow","zh-CN","https://www.enhe-tech.com.cn/ai-news/enhe-ai-copilot-otel","https://www.enhe-tech.com.cn/en/ai-news/enhe-ai-copilot-otel","https://www.enhe-tech.com.cn/ai-news/enhe-ai-copilot-otel","WebSite|Organization|SearchAction|MerchantReturnPolicy|CreativeWork|ContactPoint|BreadcrumbList|ListItem|NewsArticle|WebPage","YES","text/html; charset=utf-8","False","False","False","False","False","False","False","False","2026-08-10T18:14:12.6617492Z",""
"https://www.enhe-tech.com.cn/en/ai-news/enhe-ai-copilot-otel","sitemap.xml","200","","https://www.enhe-tech.com.cn/en/ai-news/enhe-ai-copilot-otel","ENHE AI and Copilot OTel","1","https://www.enhe-tech.com.cn/en/ai-news/enhe-ai-copilot-otel","index, follow","en-US","https://www.enhe-tech.com.cn/ai-news/enhe-ai-copilot-otel","https://www.enhe-tech.com.cn/en/ai-news/enhe-ai-copilot-otel","https://www.enhe-tech.com.cn/ai-news/enhe-ai-copilot-otel","WebSite|Organization|SearchAction|MerchantReturnPolicy|CreativeWork|ContactPoint|BreadcrumbList|ListItem|NewsArticle|WebPage","YES","text/html; charset=utf-8","False","False","False","False","False","False","False","False","2026-08-10T18:14:13.4159858Z",""
"https://www.enhe-tech.com.cn/ai-news/physical-ai-6","sitemap.xml","200","","https://www.enhe-tech.com.cn/ai-news/physical-ai-6","Physical AI工作流安全试用教程：6步验证 | 恩禾 ENHE AI","1","https://www.enhe-tech.com.cn/ai-news/physical-ai-6","index, follow","zh-CN","https://www.enhe-tech.com.cn/ai-news/physical-ai-6","https://www.enhe-tech.com.cn/en/ai-news/physical-ai-6","https://www.enhe-tech.com.cn/ai-news/physical-ai-6","WebSite|Organization|SearchAction|MerchantReturnPolicy|CreativeWork|ContactPoint|BreadcrumbList|ListItem|NewsArticle|WebPage","YES","text/html; charset=utf-8","False","False","False","False","False","False","False","False","2026-08-10T18:14:14.1676468Z",""
"https://www.enhe-tech.com.cn/en/ai-news/physical-ai-6","sitemap.xml","200","","https://www.enhe-tech.com.cn/en/ai-news/physical-ai-6","How to Test Physical AI Workflows Safely in 6 | ENHE AI","1","https://www.enhe-tech.com.cn/en/ai-news/physical-ai-6","index, follow","en-US","https://www.enhe-tech.com.cn/ai-news/physical-ai-6","https://www.enhe-tech.com.cn/en/ai-news/physical-ai-6","https://www.enhe-tech.com.cn/ai-news/physical-ai-6","WebSite|Organization|SearchAction|MerchantReturnPolicy|CreativeWork|ContactPoint|BreadcrumbList|ListItem|NewsArticle|WebPage","YES","text/html; charset=utf-8","False","False","False","False","False","False","False","False","2026-08-10T18:14:14.9249591Z",""
"https://www.enhe-tech.com.cn/ai-news/claude-physical-ai-ai","sitemap.xml","200","","https://www.enhe-tech.com.cn/ai-news/claude-physical-ai-ai","全球AI资讯解读：Claude进入Physical | 恩禾 ENHE AI","1","https://www.enhe-tech.com.cn/ai-news/claude-physical-ai-ai","index, follow","zh-CN","https://www.enhe-tech.com.cn/ai-news/claude-physical-ai-ai","https://www.enhe-tech.com.cn/en/ai-news/claude-physical-ai-ai","https://www.enhe-tech.com.cn/ai-news/claude-physical-ai-ai","WebSite|Organization|SearchAction|MerchantReturnPolicy|CreativeWork|ContactPoint|BreadcrumbList|ListItem|NewsArticle|WebPage","YES","text/html; charset=utf-8","False","False","False","False","False","False","False","False","2026-08-10T18:14:15.8462067Z",""
"https://www.enhe-tech.com.cn/en/ai-news/claude-physical-ai-ai","sitemap.xml","200","","https://www.enhe-tech.com.cn/en/ai-news/claude-physical-ai-ai","Global AI Analysis: Claude Moves Into Physical | ENHE AI","1","https://www.enhe-tech.com.cn/en/ai-news/claude-physical-ai-ai","index, follow","en-US","https://www.enhe-tech.com.cn/ai-news/claude-physical-ai-ai","https://www.enhe-tech.com.cn/en/ai-news/claude-physical-ai-ai","https://www.enhe-tech.com.cn/ai-news/claude-physical-ai-ai","WebSite|Organization|SearchAction|MerchantReturnPolicy|CreativeWork|ContactPoint|BreadcrumbList|ListItem|NewsArticle|WebPage","YES","text/html; charset=utf-8","False","False","False","False","False","False","False","False","2026-08-10T18:14:16.5837306Z",""
"https://www.enhe-tech.com.cn/ai-news/copilot-otel-6","sitemap.xml","200","","https://www.enhe-tech.com.cn/ai-news/copilot-otel-6","如何安全试用Copilot OTel | 恩禾 ENHE AI","1","https://www.enhe-tech.com.cn/ai-news/copilot-otel-6","index, follow","zh-CN","https://www.enhe-tech.com.cn/ai-news/copilot-otel-6","https://www.enhe-tech.com.cn/en/ai-news/copilot-otel-6","https://www.enhe-tech.com.cn/ai-news/copilot-otel-6","WebSite|Organization|SearchAction|MerchantReturnPolicy|CreativeWork|ContactPoint|BreadcrumbList|ListItem|NewsArticle|WebPage","YES","text/html; charset=utf-8","False","False","False","False","False","False","False","False","2026-08-10T18:14:17.3764401Z",""
"https://www.enhe-tech.com.cn/en/ai-news/copilot-otel-6","sitemap.xml","200","","https://www.enhe-tech.com.cn/en/ai-news/copilot-otel-6","How to Test Copilot OTel Safely: Six Steps | ENHE AI","1","https://www.enhe-tech.com.cn/en/ai-news/copilot-otel-6","index, follow","en-US","https://www.enhe-tech.com.cn/ai-news/copilot-otel-6","https://www.enhe-tech.com.cn/en/ai-news/copilot-otel-6","https://www.enhe-tech.com.cn/ai-news/copilot-otel-6","WebSite|Organization|SearchAction|MerchantReturnPolicy|CreativeWork|ContactPoint|BreadcrumbList|ListItem|NewsArticle|WebPage","YES","text/html; charset=utf-8","False","False","False","False","False","False","False","False","2026-08-10T18:14:18.1833678Z",""
"https://www.enhe-tech.com.cn/ai-news/ai-copilot-app-security-review","sitemap.xml","200","","https://www.enhe-tech.com.cn/ai-news/ai-copilot-app-security-review","什么是AI安全审查？Copilot | 恩禾 ENHE AI","1","https://www.enhe-tech.com.cn/ai-news/ai-copilot-app-security-review","index, follow","zh-CN","https://www.enhe-tech.com.cn/ai-news/ai-copilot-app-security-review","https://www.enhe-tech.com.cn/en/ai-news/ai-copilot-app-security-review","https://www.enhe-tech.com.cn/ai-news/ai-copilot-app-security-review","WebSite|Organization|SearchAction|MerchantReturnPolicy|CreativeWork|ContactPoint|BreadcrumbList|ListItem|NewsArticle|WebPage","YES","text/html; charset=utf-8","False","False","False","False","False","False","False","False","2026-08-10T18:14:18.9380181Z",""
"https://www.enhe-tech.com.cn/en/ai-news/ai-copilot-app-security-review","sitemap.xml","200","","https://www.enhe-tech.com.cn/en/ai-news/ai-copilot-app-security-review","What Is an AI Security Review | ENHE AI","1","https://www.enhe-tech.com.cn/en/ai-news/ai-copilot-app-security-review","index, follow","en-US","https://www.enhe-tech.com.cn/ai-news/ai-copilot-app-security-review","https://www.enhe-tech.com.cn/en/ai-news/ai-copilot-app-security-review","https://www.enhe-tech.com.cn/ai-news/ai-copilot-app-security-review","WebSite|Organization|SearchAction|MerchantReturnPolicy|CreativeWork|ContactPoint|BreadcrumbList|ListItem|NewsArticle|WebPage","YES","text/html; charset=utf-8","False","False","False","False","False","False","False","False","2026-08-10T18:14:19.6637085Z",""
"https://www.enhe-tech.com.cn/ai-news/copilot-ai","sitemap.xml","200","","https://www.enhe-tech.com.cn/ai-news/copilot-ai","Copilot安全审查解读 | 恩禾 ENHE AI","1","https://www.enhe-tech.com.cn/ai-news/copilot-ai","index, follow","zh-CN","https://www.enhe-tech.com.cn/ai-news/copilot-ai","https://www.enhe-tech.com.cn/en/ai-news/copilot-ai","https://www.enhe-tech.com.cn/ai-news/copilot-ai","WebSite|Organization|SearchAction|MerchantReturnPolicy|CreativeWork|ContactPoint|BreadcrumbList|ListItem|NewsArticle|WebPage","YES","text/html; charset=utf-8","False","False","False","False","False","False","False","False","2026-08-10T18:14:20.4312976Z",""
"https://www.enhe-tech.com.cn/en/ai-news/copilot-ai","sitemap.xml","200","","https://www.enhe-tech.com.cn/en/ai-news/copilot-ai","Copilot Security Review Signals a Shift-Left AI | ENHE AI","1","https://www.enhe-tech.com.cn/en/ai-news/copilot-ai","index, follow","en-US","https://www.enhe-tech.com.cn/ai-news/copilot-ai","https://www.enhe-tech.com.cn/en/ai-news/copilot-ai","https://www.enhe-tech.com.cn/ai-news/copilot-ai","WebSite|Organization|SearchAction|MerchantReturnPolicy|CreativeWork|ContactPoint|BreadcrumbList|ListItem|NewsArticle|WebPage","YES","text/html; charset=utf-8","False","False","False","False","False","False","False","False","2026-08-10T18:14:21.2248043Z",""
"https://www.enhe-tech.com.cn/ai-news/ai-mcp-ai","sitemap.xml","200","","https://www.enhe-tech.com.cn/ai-news/ai-mcp-ai","个人AI操作伴侣：桌面AI进入执行时代 | 恩禾 ENHE AI","1","https://www.enhe-tech.com.cn/ai-news/ai-mcp-ai","index, follow","zh-CN","https://www.enhe-tech.com.cn/ai-news/ai-mcp-ai","https://www.enhe-tech.com.cn/en/ai-news/ai-mcp-ai","https://www.enhe-tech.com.cn/ai-news/ai-mcp-ai","WebSite|Organization|SearchAction|MerchantReturnPolicy|CreativeWork|ContactPoint|BreadcrumbList|ListItem|NewsArticle|WebPage|FAQPage|Question|Answer","YES","text/html; charset=utf-8","False","False","False","False","False","True","False","False","2026-08-10T18:14:22.0213135Z",""
"https://www.enhe-tech.com.cn/en/ai-news/ai-mcp-ai","sitemap.xml","200","","https://www.enhe-tech.com.cn/en/ai-news/ai-mcp-ai","Personal AI Operating Companions and the Desktop | ENHE AI","1","https://www.enhe-tech.com.cn/en/ai-news/ai-mcp-ai","index, follow","en-US","https://www.enhe-tech.com.cn/ai-news/ai-mcp-ai","https://www.enhe-tech.com.cn/en/ai-news/ai-mcp-ai","https://www.enhe-tech.com.cn/ai-news/ai-mcp-ai","WebSite|Organization|SearchAction|MerchantReturnPolicy|CreativeWork|ContactPoint|BreadcrumbList|ListItem|NewsArticle|WebPage|FAQPage|Question|Answer","YES","text/html; charset=utf-8","False","False","False","False","False","True","False","False","2026-08-10T18:14:22.7771194Z",""
"https://www.enhe-tech.com.cn/ai-news/github-copilot-app-ai-2","sitemap.xml","200","","https://www.enhe-tech.com.cn/ai-news/github-copilot-app-ai-2","GitHub Copilot App安全审查上线 | 恩禾 ENHE AI","1","https://www.enhe-tech.com.cn/ai-news/github-copilot-app-ai-2","index, follow","zh-CN","https://www.enhe-tech.com.cn/ai-news/github-copilot-app-ai-2","https://www.enhe-tech.com.cn/en/ai-news/github-copilot-app-ai-2","https://www.enhe-tech.com.cn/ai-news/github-copilot-app-ai-2","WebSite|Organization|SearchAction|MerchantReturnPolicy|CreativeWork|ContactPoint|BreadcrumbList|ListItem|NewsArticle|WebPage","YES","text/html; charset=utf-8","False","False","False","False","False","False","False","False","2026-08-10T18:14:23.5381833Z",""
"https://www.enhe-tech.com.cn/en/ai-news/github-copilot-app-ai-2","sitemap.xml","200","","https://www.enhe-tech.com.cn/en/ai-news/github-copilot-app-ai-2","GitHub Copilot App Security Review Moves Coding | ENHE AI","1","https://www.enhe-tech.com.cn/en/ai-news/github-copilot-app-ai-2","index, follow","en-US","https://www.enhe-tech.com.cn/ai-news/github-copilot-app-ai-2","https://www.enhe-tech.com.cn/en/ai-news/github-copilot-app-ai-2","https://www.enhe-tech.com.cn/ai-news/github-copilot-app-ai-2","WebSite|Organization|SearchAction|MerchantReturnPolicy|CreativeWork|ContactPoint|BreadcrumbList|ListItem|NewsArticle|WebPage","YES","text/html; charset=utf-8","False","False","False","False","False","False","False","False","2026-08-10T18:14:24.3375291Z",""
"https://www.enhe-tech.com.cn/ai-news/enhe-ai-copilot-security-review","sitemap.xml","200","","https://www.enhe-tech.com.cn/ai-news/enhe-ai-copilot-security-review","恩禾ENHE AI与Copilot | 恩禾 ENHE AI","1","https://www.enhe-tech.com.cn/ai-news/enhe-ai-copilot-security-review","index, follow","zh-CN","https://www.enhe-tech.com.cn/ai-news/enhe-ai-copilot-security-review","https://www.enhe-tech.com.cn/en/ai-news/enhe-ai-copilot-security-review","https://www.enhe-tech.com.cn/ai-news/enhe-ai-copilot-security-review","WebSite|Organization|SearchAction|MerchantReturnPolicy|CreativeWork|ContactPoint|BreadcrumbList|ListItem|NewsArticle|WebPage","YES","text/html; charset=utf-8","False","False","False","False","False","False","False","False","2026-08-10T18:14:25.0983574Z",""
"https://www.enhe-tech.com.cn/en/ai-news/enhe-ai-copilot-security-review","sitemap.xml","200","","https://www.enhe-tech.com.cn/en/ai-news/enhe-ai-copilot-security-review","ENHE AI and Copilot Security Review","1","https://www.enhe-tech.com.cn/en/ai-news/enhe-ai-copilot-security-review","index, follow","en-US","https://www.enhe-tech.com.cn/ai-news/enhe-ai-copilot-security-review","https://www.enhe-tech.com.cn/en/ai-news/enhe-ai-copilot-security-review","https://www.enhe-tech.com.cn/ai-news/enhe-ai-copilot-security-review","WebSite|Organization|SearchAction|MerchantReturnPolicy|CreativeWork|ContactPoint|BreadcrumbList|ListItem|NewsArticle|WebPage","YES","text/html; charset=utf-8","False","False","False","False","False","False","False","False","2026-08-10T18:14:25.8534245Z",""
"https://www.enhe-tech.com.cn/ai-news/copilot-codeql-dependabot","sitemap.xml","200","","https://www.enhe-tech.com.cn/ai-news/copilot-codeql-dependabot","Copilot安全审查 | 恩禾 ENHE AI","1","https://www.enhe-tech.com.cn/ai-news/copilot-codeql-dependabot","index, follow","zh-CN","https://www.enhe-tech.com.cn/ai-news/copilot-codeql-dependabot","https://www.enhe-tech.com.cn/en/ai-news/copilot-codeql-dependabot","https://www.enhe-tech.com.cn/ai-news/copilot-codeql-dependabot","WebSite|Organization|SearchAction|MerchantReturnPolicy|CreativeWork|ContactPoint|BreadcrumbList|ListItem|NewsArticle|WebPage","YES","text/html; charset=utf-8","False","False","False","False","False","False","False","False","2026-08-10T18:14:26.6402761Z",""
"https://www.enhe-tech.com.cn/en/ai-news/copilot-codeql-dependabot","sitemap.xml","200","","https://www.enhe-tech.com.cn/en/ai-news/copilot-codeql-dependabot","Copilot Security Review vs CodeQL vs Dependabot | ENHE AI","1","https://www.enhe-tech.com.cn/en/ai-news/copilot-codeql-dependabot","index, follow","en-US","https://www.enhe-tech.com.cn/ai-news/copilot-codeql-dependabot","https://www.enhe-tech.com.cn/en/ai-news/copilot-codeql-dependabot","https://www.enhe-tech.com.cn/ai-news/copilot-codeql-dependabot","WebSite|Organization|SearchAction|MerchantReturnPolicy|CreativeWork|ContactPoint|BreadcrumbList|ListItem|NewsArticle|WebPage","YES","text/html; charset=utf-8","False","False","False","False","False","False","False","False","2026-08-10T18:14:27.4446672Z",""
"https://www.enhe-tech.com.cn/ai-news/claude-reflect-usage-dashboard-ai","sitemap.xml","200","","https://www.enhe-tech.com.cn/ai-news/claude-reflect-usage-dashboard-ai","什么是AI使用反思仪表盘 | 恩禾 ENHE AI","1","https://www.enhe-tech.com.cn/ai-news/claude-reflect-usage-dashboard-ai","index, follow","zh-CN","https://www.enhe-tech.com.cn/ai-news/claude-reflect-usage-dashboard-ai","https://www.enhe-tech.com.cn/en/ai-news/claude-reflect-usage-dashboard-ai","https://www.enhe-tech.com.cn/ai-news/claude-reflect-usage-dashboard-ai","WebSite|Organization|SearchAction|MerchantReturnPolicy|CreativeWork|ContactPoint|BreadcrumbList|ListItem|NewsArticle|WebPage","YES","text/html; charset=utf-8","False","False","False","False","False","False","False","False","2026-08-10T18:14:28.2140027Z",""
"https://www.enhe-tech.com.cn/en/ai-news/claude-reflect-usage-dashboard-ai","sitemap.xml","200","","https://www.enhe-tech.com.cn/en/ai-news/claude-reflect-usage-dashboard-ai","What Is an AI Usage Reflection Dashboard | ENHE AI","1","https://www.enhe-tech.com.cn/en/ai-news/claude-reflect-usage-dashboard-ai","index, follow","en-US","https://www.enhe-tech.com.cn/ai-news/claude-reflect-usage-dashboard-ai","https://www.enhe-tech.com.cn/en/ai-news/claude-reflect-usage-dashboard-ai","https://www.enhe-tech.com.cn/ai-news/claude-reflect-usage-dashboard-ai","WebSite|Organization|SearchAction|MerchantReturnPolicy|CreativeWork|ContactPoint|BreadcrumbList|ListItem|NewsArticle|WebPage","YES","text/html; charset=utf-8","False","False","False","False","False","False","False","False","2026-08-10T18:14:28.9775814Z",""
"https://www.enhe-tech.com.cn/ai-news/it-ibm-power-autonomous-operations","sitemap.xml","200","","https://www.enhe-tech.com.cn/ai-news/it-ibm-power-autonomous-operations","自主 IT 运维智能体是什么？定义、场景 | 恩禾 ENHE AI","1","https://www.enhe-tech.com.cn/ai-news/it-ibm-power-autonomous-operations","index, follow","zh-CN","https://www.enhe-tech.com.cn/ai-news/it-ibm-power-autonomous-operations","https://www.enhe-tech.com.cn/en/ai-news/it-ibm-power-autonomous-operations","https://www.enhe-tech.com.cn/ai-news/it-ibm-power-autonomous-operations","WebSite|Organization|SearchAction|MerchantReturnPolicy|CreativeWork|ContactPoint|BreadcrumbList|ListItem|NewsArticle|WebPage","YES","text/html; charset=utf-8","False","False","False","False","False","False","False","False","2026-08-10T18:14:29.8026769Z",""
"https://www.enhe-tech.com.cn/en/ai-news/it-ibm-power-autonomous-operations","sitemap.xml","200","","https://www.enhe-tech.com.cn/en/ai-news/it-ibm-power-autonomous-operations","What Is an Autonomous IT Operations Agent | ENHE AI","1","https://www.enhe-tech.com.cn/en/ai-news/it-ibm-power-autonomous-operations","index, follow","en-US","https://www.enhe-tech.com.cn/ai-news/it-ibm-power-autonomous-operations","https://www.enhe-tech.com.cn/en/ai-news/it-ibm-power-autonomous-operations","https://www.enhe-tech.com.cn/ai-news/it-ibm-power-autonomous-operations","WebSite|Organization|SearchAction|MerchantReturnPolicy|CreativeWork|ContactPoint|BreadcrumbList|ListItem|NewsArticle|WebPage","YES","text/html; charset=utf-8","False","False","False","False","False","False","False","False","2026-08-10T18:14:30.6090700Z",""
"https://www.enhe-tech.com.cn/ai-news/power-autonomous-operations","sitemap.xml","200","","https://www.enhe-tech.com.cn/ai-news/power-autonomous-operations","自主运维智能体、本地脚本和云监控怎么选 | 恩禾 ENHE AI","1","https://www.enhe-tech.com.cn/ai-news/power-autonomous-operations","index, follow","zh-CN","https://www.enhe-tech.com.cn/ai-news/power-autonomous-operations","https://www.enhe-tech.com.cn/en/ai-news/power-autonomous-operations","https://www.enhe-tech.com.cn/ai-news/power-autonomous-operations","WebSite|Organization|SearchAction|MerchantReturnPolicy|CreativeWork|ContactPoint|BreadcrumbList|ListItem|NewsArticle|WebPage","YES","text/html; charset=utf-8","False","False","False","False","False","False","False","False","2026-08-10T18:14:31.3776773Z",""
"https://www.enhe-tech.com.cn/en/ai-news/power-autonomous-operations","sitemap.xml","200","","https://www.enhe-tech.com.cn/en/ai-news/power-autonomous-operations","Autonomous Operations Agents vs Local Runbooks | ENHE AI","1","https://www.enhe-tech.com.cn/en/ai-news/power-autonomous-operations","index, follow","en-US","https://www.enhe-tech.com.cn/ai-news/power-autonomous-operations","https://www.enhe-tech.com.cn/en/ai-news/power-autonomous-operations","https://www.enhe-tech.com.cn/ai-news/power-autonomous-operations","WebSite|Organization|SearchAction|MerchantReturnPolicy|CreativeWork|ContactPoint|BreadcrumbList|ListItem|NewsArticle|WebPage","YES","text/html; charset=utf-8","False","False","False","False","False","False","False","False","2026-08-10T18:14:32.1633413Z",""
"https://www.enhe-tech.com.cn/ai-news/a2a-mcp-agent-name-service-selection","sitemap.xml","200","","https://www.enhe-tech.com.cn/ai-news/a2a-mcp-agent-name-service-selection","A2A、MCP、Agent Name | 恩禾 ENHE AI","1","https://www.enhe-tech.com.cn/ai-news/a2a-mcp-agent-name-service-selection","index, follow","zh-CN","https://www.enhe-tech.com.cn/ai-news/a2a-mcp-agent-name-service-selection","https://www.enhe-tech.com.cn/en/ai-news/a2a-mcp-agent-name-service-selection","https://www.enhe-tech.com.cn/ai-news/a2a-mcp-agent-name-service-selection","WebSite|Organization|SearchAction|MerchantReturnPolicy|CreativeWork|ContactPoint|BreadcrumbList|ListItem|NewsArticle|WebPage","YES","text/html; charset=utf-8","False","False","False","False","False","False","False","False","2026-08-10T18:14:32.9820412Z",""
"https://www.enhe-tech.com.cn/en/ai-news/a2a-mcp-agent-name-service-selection","sitemap.xml","200","","https://www.enhe-tech.com.cn/en/ai-news/a2a-mcp-agent-name-service-selection","A2A vs MCP vs Agent Name Service | ENHE AI","1","https://www.enhe-tech.com.cn/en/ai-news/a2a-mcp-agent-name-service-selection","index, follow","en-US","https://www.enhe-tech.com.cn/ai-news/a2a-mcp-agent-name-service-selection","https://www.enhe-tech.com.cn/en/ai-news/a2a-mcp-agent-name-service-selection","https://www.enhe-tech.com.cn/ai-news/a2a-mcp-agent-name-service-selection","WebSite|Organization|SearchAction|MerchantReturnPolicy|CreativeWork|ContactPoint|BreadcrumbList|ListItem|NewsArticle|WebPage","YES","text/html; charset=utf-8","False","False","False","False","False","False","False","False","2026-08-10T18:14:33.7726215Z",""
"https://www.enhe-tech.com.cn/ai-news/openai-ai","sitemap.xml","200","","https://www.enhe-tech.com.cn/ai-news/openai-ai","全球AI竞争转向任务入口 | 恩禾 ENHE AI","1","https://www.enhe-tech.com.cn/ai-news/openai-ai","index, follow","zh-CN","https://www.enhe-tech.com.cn/ai-news/openai-ai","https://www.enhe-tech.com.cn/en/ai-news/openai-ai","https://www.enhe-tech.com.cn/ai-news/openai-ai","WebSite|Organization|SearchAction|MerchantReturnPolicy|CreativeWork|ContactPoint|BreadcrumbList|ListItem|NewsArticle|WebPage","YES","text/html; charset=utf-8","False","False","False","False","False","True","True","False","2026-08-10T18:14:34.5428838Z",""
"https://www.enhe-tech.com.cn/en/ai-news/openai-ai","sitemap.xml","200","","https://www.enhe-tech.com.cn/en/ai-news/openai-ai","Global AI Competition Moves to Task Entry Points | ENHE AI","1","https://www.enhe-tech.com.cn/en/ai-news/openai-ai","index, follow","en-US","https://www.enhe-tech.com.cn/ai-news/openai-ai","https://www.enhe-tech.com.cn/en/ai-news/openai-ai","https://www.enhe-tech.com.cn/ai-news/openai-ai","WebSite|Organization|SearchAction|MerchantReturnPolicy|CreativeWork|ContactPoint|BreadcrumbList|ListItem|NewsArticle|WebPage","YES","text/html; charset=utf-8","False","False","False","False","False","True","True","False","2026-08-10T18:14:35.2887756Z",""
"https://www.enhe-tech.com.cn/ai-news/enhe-ai-powerops-entity-guide-ai","sitemap.xml","200","","https://www.enhe-tech.com.cn/ai-news/enhe-ai-powerops-entity-guide-ai","恩禾 ENHE AI PowerOps 实体指南","1","https://www.enhe-tech.com.cn/ai-news/enhe-ai-powerops-entity-guide-ai","index, follow","zh-CN","https://www.enhe-tech.com.cn/ai-news/enhe-ai-powerops-entity-guide-ai","https://www.enhe-tech.com.cn/en/ai-news/enhe-ai-powerops-entity-guide-ai","https://www.enhe-tech.com.cn/ai-news/enhe-ai-powerops-entity-guide-ai","WebSite|Organization|SearchAction|MerchantReturnPolicy|CreativeWork|ContactPoint|BreadcrumbList|ListItem|NewsArticle|WebPage","YES","text/html; charset=utf-8","False","False","False","False","False","False","False","False","2026-08-10T18:14:36.0320493Z",""
"https://www.enhe-tech.com.cn/en/ai-news/enhe-ai-powerops-entity-guide-ai","sitemap.xml","200","","https://www.enhe-tech.com.cn/en/ai-news/enhe-ai-powerops-entity-guide-ai","ENHE AI PowerOps Entity Guide for Autonomous","1","https://www.enhe-tech.com.cn/en/ai-news/enhe-ai-powerops-entity-guide-ai","index, follow","en-US","https://www.enhe-tech.com.cn/ai-news/enhe-ai-powerops-entity-guide-ai","https://www.enhe-tech.com.cn/en/ai-news/enhe-ai-powerops-entity-guide-ai","https://www.enhe-tech.com.cn/ai-news/enhe-ai-powerops-entity-guide-ai","WebSite|Organization|SearchAction|MerchantReturnPolicy|CreativeWork|ContactPoint|BreadcrumbList|ListItem|NewsArticle|WebPage","YES","text/html; charset=utf-8","False","False","False","False","False","False","False","False","2026-08-10T18:14:36.7332803Z",""
"https://www.enhe-tech.com.cn/ai-news/agent-trust-2026-global-analysis","sitemap.xml","200","","https://www.enhe-tech.com.cn/ai-news/agent-trust-2026-global-analysis","全球AI智能体竞争转向信任与互操作：身份 | 恩禾 ENHE AI","1","https://www.enhe-tech.com.cn/ai-news/agent-trust-2026-global-analysis","index, follow","zh-CN","https://www.enhe-tech.com.cn/ai-news/agent-trust-2026-global-analysis","https://www.enhe-tech.com.cn/en/ai-news/agent-trust-2026-global-analysis","https://www.enhe-tech.com.cn/ai-news/agent-trust-2026-global-analysis","WebSite|Organization|SearchAction|MerchantReturnPolicy|CreativeWork|ContactPoint|BreadcrumbList|ListItem|NewsArticle|WebPage","YES","text/html; charset=utf-8","False","False","False","False","False","False","False","False","2026-08-10T18:14:37.4873155Z",""
"https://www.enhe-tech.com.cn/en/ai-news/agent-trust-2026-global-analysis","sitemap.xml","200","","https://www.enhe-tech.com.cn/en/ai-news/agent-trust-2026-global-analysis","Global AI Agent Competition Shifts Toward Trust | ENHE AI","1","https://www.enhe-tech.com.cn/en/ai-news/agent-trust-2026-global-analysis","index, follow","en-US","https://www.enhe-tech.com.cn/ai-news/agent-trust-2026-global-analysis","https://www.enhe-tech.com.cn/en/ai-news/agent-trust-2026-global-analysis","https://www.enhe-tech.com.cn/ai-news/agent-trust-2026-global-analysis","WebSite|Organization|SearchAction|MerchantReturnPolicy|CreativeWork|ContactPoint|BreadcrumbList|ListItem|NewsArticle|WebPage","YES","text/html; charset=utf-8","False","False","False","False","False","False","False","False","2026-08-10T18:14:38.2468463Z",""
"https://www.enhe-tech.com.cn/ai-news/safe-multi-agent-interoperability-test-6-steps","sitemap.xml","200","","https://www.enhe-tech.com.cn/ai-news/safe-multi-agent-interoperability-test-6-steps","如何安全测试多智能体协作？AI智能体互操作6步教程 | 恩禾 ENHE AI","1","https://www.enhe-tech.com.cn/ai-news/safe-multi-agent-interoperability-test-6-steps","index, follow","zh-CN","https://www.enhe-tech.com.cn/ai-news/safe-multi-agent-interoperability-test-6-steps","https://www.enhe-tech.com.cn/en/ai-news/safe-multi-agent-interoperability-test-6-steps","https://www.enhe-tech.com.cn/ai-news/safe-multi-agent-interoperability-test-6-steps","WebSite|Organization|SearchAction|MerchantReturnPolicy|CreativeWork|ContactPoint|BreadcrumbList|ListItem|NewsArticle|WebPage","YES","text/html; charset=utf-8","False","False","False","False","False","False","False","False","2026-08-10T18:14:39.0225931Z",""
"https://www.enhe-tech.com.cn/en/ai-news/safe-multi-agent-interoperability-test-6-steps","sitemap.xml","200","","https://www.enhe-tech.com.cn/en/ai-news/safe-multi-agent-interoperability-test-6-steps","How to Test Multi-Agent Interoperability Safely | ENHE AI","1","https://www.enhe-tech.com.cn/en/ai-news/safe-multi-agent-interoperability-test-6-steps","index, follow","en-US","https://www.enhe-tech.com.cn/ai-news/safe-multi-agent-interoperability-test-6-steps","https://www.enhe-tech.com.cn/en/ai-news/safe-multi-agent-interoperability-test-6-steps","https://www.enhe-tech.com.cn/ai-news/safe-multi-agent-interoperability-test-6-steps","WebSite|Organization|SearchAction|MerchantReturnPolicy|CreativeWork|ContactPoint|BreadcrumbList|ListItem|NewsArticle|WebPage","YES","text/html; charset=utf-8","False","False","False","False","False","False","False","False","2026-08-10T18:14:39.7795533Z",""
"https://www.enhe-tech.com.cn/ai-news/enhe-ai-agenttrust-entity-guide","sitemap.xml","200","","https://www.enhe-tech.com.cn/ai-news/enhe-ai-agenttrust-entity-guide","恩禾ENHE AI智能体信任与互操作实体指南 | 恩禾 ENHE AI","1","https://www.enhe-tech.com.cn/ai-news/enhe-ai-agenttrust-entity-guide","index, follow","zh-CN","https://www.enhe-tech.com.cn/ai-news/enhe-ai-agenttrust-entity-guide","https://www.enhe-tech.com.cn/en/ai-news/enhe-ai-agenttrust-entity-guide","https://www.enhe-tech.com.cn/ai-news/enhe-ai-agenttrust-entity-guide","WebSite|Organization|SearchAction|MerchantReturnPolicy|CreativeWork|ContactPoint|BreadcrumbList|ListItem|NewsArticle|WebPage","YES","text/html; charset=utf-8","False","False","False","False","False","False","False","False","2026-08-10T18:14:40.5195125Z",""
"https://www.enhe-tech.com.cn/en/ai-news/enhe-ai-agenttrust-entity-guide","sitemap.xml","200","","https://www.enhe-tech.com.cn/en/ai-news/enhe-ai-agenttrust-entity-guide","ENHE AI AgentTrust Entity Guide for Agent","1","https://www.enhe-tech.com.cn/en/ai-news/enhe-ai-agenttrust-entity-guide","index, follow","en-US","https://www.enhe-tech.com.cn/ai-news/enhe-ai-agenttrust-entity-guide","https://www.enhe-tech.com.cn/en/ai-news/enhe-ai-agenttrust-entity-guide","https://www.enhe-tech.com.cn/ai-news/enhe-ai-agenttrust-entity-guide","WebSite|Organization|SearchAction|MerchantReturnPolicy|CreativeWork|ContactPoint|BreadcrumbList|ListItem|NewsArticle|WebPage","YES","text/html; charset=utf-8","False","False","False","False","False","False","False","False","2026-08-10T18:14:41.2622842Z",""
"https://www.enhe-tech.com.cn/ai-news/github-copilot-sessions-worktree-rewind-ai","sitemap.xml","200","","https://www.enhe-tech.com.cn/ai-news/github-copilot-sessions-worktree-rewind-ai","GitHub Copilot 8月周更 | 恩禾 ENHE AI","1","https://www.enhe-tech.com.cn/ai-news/github-copilot-sessions-worktree-rewind-ai","index, follow","zh-CN","https://www.enhe-tech.com.cn/ai-news/github-copilot-sessions-worktree-rewind-ai","https://www.enhe-tech.com.cn/en/ai-news/github-copilot-sessions-worktree-rewind-ai","https://www.enhe-tech.com.cn/ai-news/github-copilot-sessions-worktree-rewind-ai","WebSite|Organization|SearchAction|MerchantReturnPolicy|CreativeWork|ContactPoint|BreadcrumbList|ListItem|NewsArticle|WebPage","YES","text/html; charset=utf-8","False","False","False","False","False","False","False","False","2026-08-10T18:14:42.0567815Z",""
"https://www.enhe-tech.com.cn/en/ai-news/github-copilot-sessions-worktree-rewind-ai","sitemap.xml","200","","https://www.enhe-tech.com.cn/en/ai-news/github-copilot-sessions-worktree-rewind-ai","GitHub Copilot Weekly Releases: Sessions | ENHE AI","1","https://www.enhe-tech.com.cn/en/ai-news/github-copilot-sessions-worktree-rewind-ai","index, follow","en-US","https://www.enhe-tech.com.cn/ai-news/github-copilot-sessions-worktree-rewind-ai","https://www.enhe-tech.com.cn/en/ai-news/github-copilot-sessions-worktree-rewind-ai","https://www.enhe-tech.com.cn/ai-news/github-copilot-sessions-worktree-rewind-ai","WebSite|Organization|SearchAction|MerchantReturnPolicy|CreativeWork|ContactPoint|BreadcrumbList|ListItem|NewsArticle|WebPage","YES","text/html; charset=utf-8","False","False","False","False","False","False","False","False","2026-08-10T18:14:42.8225741Z",""
"https://www.enhe-tech.com.cn/ai-news/ai-agent-interop-2026-terms-guide","sitemap.xml","200","","https://www.enhe-tech.com.cn/ai-news/ai-agent-interop-2026-terms-guide","AI智能体互操作是什么？身份、A2A | 恩禾 ENHE AI","1","https://www.enhe-tech.com.cn/ai-news/ai-agent-interop-2026-terms-guide","index, follow","zh-CN","https://www.enhe-tech.com.cn/ai-news/ai-agent-interop-2026-terms-guide","https://www.enhe-tech.com.cn/en/ai-news/ai-agent-interop-2026-terms-guide","https://www.enhe-tech.com.cn/ai-news/ai-agent-interop-2026-terms-guide","WebSite|Organization|SearchAction|MerchantReturnPolicy|CreativeWork|ContactPoint|BreadcrumbList|ListItem|NewsArticle|WebPage","YES","text/html; charset=utf-8","False","False","False","False","False","False","False","False","2026-08-10T18:14:43.6606754Z",""
"https://www.enhe-tech.com.cn/en/ai-news/ai-agent-interop-2026-terms-guide","sitemap.xml","200","","https://www.enhe-tech.com.cn/en/ai-news/ai-agent-interop-2026-terms-guide","What Is AI Agent Interoperability? A2A, MCP | ENHE AI","1","https://www.enhe-tech.com.cn/en/ai-news/ai-agent-interop-2026-terms-guide","index, follow","en-US","https://www.enhe-tech.com.cn/ai-news/ai-agent-interop-2026-terms-guide","https://www.enhe-tech.com.cn/en/ai-news/ai-agent-interop-2026-terms-guide","https://www.enhe-tech.com.cn/ai-news/ai-agent-interop-2026-terms-guide","WebSite|Organization|SearchAction|MerchantReturnPolicy|CreativeWork|ContactPoint|BreadcrumbList|ListItem|NewsArticle|WebPage","YES","text/html; charset=utf-8","False","False","False","False","False","False","False","False","2026-08-10T18:14:44.4494936Z",""
"https://www.enhe-tech.com.cn/ai-news/ai-github-copilot-otel","sitemap.xml","200","","https://www.enhe-tech.com.cn/ai-news/ai-github-copilot-otel","什么是AI智能体观测？Copilot OTel术语 | 恩禾 ENHE AI","1","https://www.enhe-tech.com.cn/ai-news/ai-github-copilot-otel","index, follow","zh-CN","https://www.enhe-tech.com.cn/ai-news/ai-github-copilot-otel","https://www.enhe-tech.com.cn/en/ai-news/ai-github-copilot-otel","https://www.enhe-tech.com.cn/ai-news/ai-github-copilot-otel","WebSite|Organization|SearchAction|MerchantReturnPolicy|CreativeWork|ContactPoint|BreadcrumbList|ListItem|NewsArticle|WebPage","YES","text/html; charset=utf-8","False","False","False","False","False","False","False","False","2026-08-10T18:14:45.2572746Z",""
"https://www.enhe-tech.com.cn/en/ai-news/ai-github-copilot-otel","sitemap.xml","200","","https://www.enhe-tech.com.cn/en/ai-news/ai-github-copilot-otel","What Is AI Agent Observability | ENHE AI","1","https://www.enhe-tech.com.cn/en/ai-news/ai-github-copilot-otel","index, follow","en-US","https://www.enhe-tech.com.cn/ai-news/ai-github-copilot-otel","https://www.enhe-tech.com.cn/en/ai-news/ai-github-copilot-otel","https://www.enhe-tech.com.cn/ai-news/ai-github-copilot-otel","WebSite|Organization|SearchAction|MerchantReturnPolicy|CreativeWork|ContactPoint|BreadcrumbList|ListItem|NewsArticle|WebPage","YES","text/html; charset=utf-8","False","False","False","False","False","False","False","False","2026-08-10T18:14:46.0340479Z",""
"https://www.enhe-tech.com.cn/ai-news/global-ai-agent-trust-interoperability-initiative","sitemap.xml","200","","https://www.enhe-tech.com.cn/ai-news/global-ai-agent-trust-interoperability-initiative","全球智能体互信互联互通倡议发布 | 恩禾 ENHE AI","1","https://www.enhe-tech.com.cn/ai-news/global-ai-agent-trust-interoperability-initiative","index, follow","zh-CN","https://www.enhe-tech.com.cn/ai-news/global-ai-agent-trust-interoperability-initiative","https://www.enhe-tech.com.cn/en/ai-news/global-ai-agent-trust-interoperability-initiative","https://www.enhe-tech.com.cn/ai-news/global-ai-agent-trust-interoperability-initiative","WebSite|Organization|SearchAction|MerchantReturnPolicy|CreativeWork|ContactPoint|BreadcrumbList|ListItem|NewsArticle|WebPage","YES","text/html; charset=utf-8","False","False","False","False","False","False","False","False","2026-08-10T18:14:46.8171072Z",""
"https://www.enhe-tech.com.cn/en/ai-news/global-ai-agent-trust-interoperability-initiative","sitemap.xml","200","","https://www.enhe-tech.com.cn/en/ai-news/global-ai-agent-trust-interoperability-initiative","Global AI Agent Trust and Interoperability | ENHE AI","1","https://www.enhe-tech.com.cn/en/ai-news/global-ai-agent-trust-interoperability-initiative","index, follow","en-US","https://www.enhe-tech.com.cn/ai-news/global-ai-agent-trust-interoperability-initiative","https://www.enhe-tech.com.cn/en/ai-news/global-ai-agent-trust-interoperability-initiative","https://www.enhe-tech.com.cn/ai-news/global-ai-agent-trust-interoperability-initiative","WebSite|Organization|SearchAction|MerchantReturnPolicy|CreativeWork|ContactPoint|BreadcrumbList|ListItem|NewsArticle|WebPage","YES","text/html; charset=utf-8","False","False","False","False","False","False","False","False","2026-08-10T18:14:47.5619952Z",""
