"route_or_url","source_file","locale","page_type","public_or_private","current_http_status","current_title","current_h1","canonical","hreflang_partner","in_sitemap","indexability","auth_required","current_role","proposed_action","proposed_target","reason","evidence","risk_level"
"https://www.enhe-tech.com.cn/","runtime sitemap","zh","home","public","200","恩禾 ENHE AI | AI工具、AI资讯、账号服务与技能课程","ENHE AI","https://www.enhe-tech.com.cn","runtime alternates; inspect per URL","yes","indexable if 200+self-canonical","no","public","keep_and_upgrade","/","public content family","HTTP probe 2026-08-10; https://www.enhe-tech.com.cn/","P2"
"https://www.enhe-tech.com.cn/en","runtime sitemap","en","home","public","200","ENHE AI | AI Tools, AI News, Account Services and Skill Learning","ENHE AI","https://www.enhe-tech.com.cn/en","runtime alternates; inspect per URL","yes","indexable if 200+self-canonical","no","public","keep_and_upgrade","/en","public content family","HTTP probe 2026-08-10; https://www.enhe-tech.com.cn/en","P2"
"https://www.enhe-tech.com.cn/about","runtime sitemap","zh","about","public","200","恩禾ENHE AI 是什么？ | 恩禾 ENHE AI","恩禾ENHE AI 是什么？","https://www.enhe-tech.com.cn/about","runtime alternates; inspect per URL","yes","indexable if 200+self-canonical","no","public","keep_and_upgrade","/about","public content family","HTTP probe 2026-08-10; https://www.enhe-tech.com.cn/about","P2"
"https://www.enhe-tech.com.cn/en/about","runtime sitemap","en","about","public","200","What is ENHE AI?","What is ENHE AI?","https://www.enhe-tech.com.cn/en/about","runtime alternates; inspect per URL","yes","indexable if 200+self-canonical","no","public","keep_and_upgrade","/en/about","public content family","HTTP probe 2026-08-10; https://www.enhe-tech.com.cn/en/about","P2"
"https://www.enhe-tech.com.cn/ai-topics","runtime sitemap","zh","topic_landing","public","unknown","unknown","unknown","unknown","runtime alternates; inspect per URL","yes","indexable if 200+self-canonical","no","public","keep_and_upgrade","/ai-topics","public content family","sitemap.xml fetched 2026-08-10","P2"
"https://www.enhe-tech.com.cn/en/ai-topics","runtime sitemap","en","topic_landing","public","unknown","unknown","unknown","unknown","runtime alternates; inspect per URL","yes","indexable if 200+self-canonical","no","public","keep_and_upgrade","/en/ai-topics","public content family","sitemap.xml fetched 2026-08-10","P2"
"https://www.enhe-tech.com.cn/ai-topics/ai-content-creation-tools","runtime sitemap","zh","topic_landing","public","unknown","unknown","unknown","unknown","runtime alternates; inspect per URL","yes","indexable if 200+self-canonical","no","public","keep_and_upgrade","/ai-topics/ai-content-creation-tools","public content family","sitemap.xml fetched 2026-08-10","P2"
"https://www.enhe-tech.com.cn/en/ai-topics/ai-content-creation-tools","runtime sitemap","en","topic_landing","public","unknown","unknown","unknown","unknown","runtime alternates; inspect per URL","yes","indexable if 200+self-canonical","no","public","keep_and_upgrade","/en/ai-topics/ai-content-creation-tools","public content family","sitemap.xml fetched 2026-08-10","P2"
"https://www.enhe-tech.com.cn/ai-topics/local-ai-deployment","runtime sitemap","zh","topic_landing","public","unknown","unknown","unknown","unknown","runtime alternates; inspect per URL","yes","indexable if 200+self-canonical","no","public","keep_and_upgrade","/ai-topics/local-ai-deployment","public content family","sitemap.xml fetched 2026-08-10","P2"
"https://www.enhe-tech.com.cn/en/ai-topics/local-ai-deployment","runtime sitemap","en","topic_landing","public","unknown","unknown","unknown","unknown","runtime alternates; inspect per URL","yes","indexable if 200+self-canonical","no","public","keep_and_upgrade","/en/ai-topics/local-ai-deployment","public content family","sitemap.xml fetched 2026-08-10","P2"
"https://www.enhe-tech.com.cn/ai-topics/ai-account-service-compliance","runtime sitemap","zh","topic_landing","public","unknown","unknown","unknown","unknown","runtime alternates; inspect per URL","yes","indexable if 200+self-canonical","no","public","keep_and_upgrade","/ai-topics/ai-account-service-compliance","public content family","sitemap.xml fetched 2026-08-10","P2"
"https://www.enhe-tech.com.cn/en/ai-topics/ai-account-service-compliance","runtime sitemap","en","topic_landing","public","unknown","unknown","unknown","unknown","runtime alternates; inspect per URL","yes","indexable if 200+self-canonical","no","public","keep_and_upgrade","/en/ai-topics/ai-account-service-compliance","public content family","sitemap.xml fetched 2026-08-10","P2"
"https://www.enhe-tech.com.cn/ai-topics/ai-skill-learning-path","runtime sitemap","zh","topic_landing","public","unknown","unknown","unknown","unknown","runtime alternates; inspect per URL","yes","indexable if 200+self-canonical","no","public","keep_and_upgrade","/ai-topics/ai-skill-learning-path","public content family","sitemap.xml fetched 2026-08-10","P2"
"https://www.enhe-tech.com.cn/en/ai-topics/ai-skill-learning-path","runtime sitemap","en","topic_landing","public","unknown","unknown","unknown","unknown","runtime alternates; inspect per URL","yes","indexable if 200+self-canonical","no","public","keep_and_upgrade","/en/ai-topics/ai-skill-learning-path","public content family","sitemap.xml fetched 2026-08-10","P2"
"https://www.enhe-tech.com.cn/build-your-own-x","runtime sitemap","zh","public_page","public","unknown","unknown","unknown","unknown","runtime alternates; inspect per URL","yes","indexable if 200+self-canonical","no","public","keep_and_upgrade","/build-your-own-x","public content family","sitemap.xml fetched 2026-08-10","P2"
"https://www.enhe-tech.com.cn/en/build-your-own-x","runtime sitemap","en","public_page","public","unknown","unknown","unknown","unknown","runtime alternates; inspect per URL","yes","indexable if 200+self-canonical","no","public","keep_and_upgrade","/en/build-your-own-x","public content family","sitemap.xml fetched 2026-08-10","P2"
"https://www.enhe-tech.com.cn/software","runtime sitemap","zh","software_listing","public","200","最热门AI工具、热门AI软件与高频效率产品 | 恩禾 ENHE AI","最热门AI工具","https://www.enhe-tech.com.cn/software","runtime alternates; inspect per URL","yes","indexable if 200+self-canonical","no","public","keep_and_upgrade","/software","public content family","HTTP probe 2026-08-10; https://www.enhe-tech.com.cn/software","P2"
"https://www.enhe-tech.com.cn/en/software","runtime sitemap","en","software_listing","public","200","Most Popular AI Tools And Productivity Software | ENHE AI","Most Popular AI Tools","https://www.enhe-tech.com.cn/en/software","runtime alternates; inspect per URL","yes","indexable if 200+self-canonical","no","public","keep_and_upgrade","/en/software","public content family","HTTP probe 2026-08-10; https://www.enhe-tech.com.cn/en/software","P2"
"https://www.enhe-tech.com.cn/ai-skills","runtime sitemap","zh","public_page","public","unknown","unknown","unknown","unknown","runtime alternates; inspect per URL","yes","indexable if 200+self-canonical","no","public","keep_and_upgrade","/ai-skills","public content family","sitemap.xml fetched 2026-08-10","P2"
"https://www.enhe-tech.com.cn/en/ai-skills","runtime sitemap","en","public_page","public","unknown","unknown","unknown","unknown","runtime alternates; inspect per URL","yes","indexable if 200+self-canonical","no","public","keep_and_upgrade","/en/ai-skills","public content family","sitemap.xml fetched 2026-08-10","P2"
"https://www.enhe-tech.com.cn/online-tools/seo-geo-audit","runtime sitemap","zh","legacy_online_tools","public","unknown","unknown","unknown","unknown","runtime alternates; inspect per URL","yes","indexable if 200+self-canonical","no","public","merge_301","/account-services/seo-geo-audit","legacy alias","sitemap.xml fetched 2026-08-10","P2"
"https://www.enhe-tech.com.cn/en/online-tools/seo-geo-audit","runtime sitemap","en","legacy_online_tools","public","unknown","unknown","unknown","unknown","runtime alternates; inspect per URL","yes","indexable if 200+self-canonical","no","public","merge_301","/en/account-services/seo-geo-audit","legacy alias","sitemap.xml fetched 2026-08-10","P2"
"https://www.enhe-tech.com.cn/account-services","runtime sitemap","zh","account_service_listing","public","unknown","unknown","unknown","unknown","runtime alternates; inspect per URL","yes","indexable if 200+self-canonical","no","public","keep_and_upgrade","/account-services","public content family","sitemap.xml fetched 2026-08-10","P2"
"https://www.enhe-tech.com.cn/en/account-services","runtime sitemap","en","account_service_listing","public","unknown","unknown","unknown","unknown","runtime alternates; inspect per URL","yes","indexable if 200+self-canonical","no","public","keep_and_upgrade","/en/account-services","public content family","sitemap.xml fetched 2026-08-10","P2"
"https://www.enhe-tech.com.cn/skill-learning","runtime sitemap","zh","skill_listing","public","200","AI教程与实战指南、AI工具与本地部署教程 | 恩禾 ENHE AI","AI教程与实战指南","https://www.enhe-tech.com.cn/skill-learning","runtime alternates; inspect per URL","yes","indexable if 200+self-canonical","no","public","keep_and_upgrade","/skill-learning","public content family","HTTP probe 2026-08-10; https://www.enhe-tech.com.cn/skill-learning","P2"
"https://www.enhe-tech.com.cn/en/skill-learning","runtime sitemap","en","skill_listing","public","unknown","unknown","unknown","unknown","runtime alternates; inspect per URL","yes","indexable if 200+self-canonical","no","public","keep_and_upgrade","/en/skill-learning","public content family","sitemap.xml fetched 2026-08-10","P2"
"https://www.enhe-tech.com.cn/skill-learning/ai-prompt-management","runtime sitemap","zh","skill_detail","public","unknown","unknown","unknown","unknown","runtime alternates; inspect per URL","yes","indexable if 200+self-canonical","no","public","keep_and_upgrade","/skill-learning/ai-prompt-management","public content family","sitemap.xml fetched 2026-08-10","P2"
"https://www.enhe-tech.com.cn/en/skill-learning/ai-prompt-management","runtime sitemap","en","skill_detail","public","unknown","unknown","unknown","unknown","runtime alternates; inspect per URL","yes","indexable if 200+self-canonical","no","public","keep_and_upgrade","/en/skill-learning/ai-prompt-management","public content family","sitemap.xml fetched 2026-08-10","P2"
"https://www.enhe-tech.com.cn/product-paths/work-efficiency","runtime sitemap","zh","public_page","public","unknown","unknown","unknown","unknown","runtime alternates; inspect per URL","yes","indexable if 200+self-canonical","no","public","keep_and_upgrade","/product-paths/work-efficiency","public content family","sitemap.xml fetched 2026-08-10","P2"
"https://www.enhe-tech.com.cn/en/product-paths/work-efficiency","runtime sitemap","en","public_page","public","unknown","unknown","unknown","unknown","runtime alternates; inspect per URL","yes","indexable if 200+self-canonical","no","public","keep_and_upgrade","/en/product-paths/work-efficiency","public content family","sitemap.xml fetched 2026-08-10","P2"
"https://www.enhe-tech.com.cn/product-paths/media-generation","runtime sitemap","zh","public_page","public","unknown","unknown","unknown","unknown","runtime alternates; inspect per URL","yes","indexable if 200+self-canonical","no","public","keep_and_upgrade","/product-paths/media-generation","public content family","sitemap.xml fetched 2026-08-10","P2"
"https://www.enhe-tech.com.cn/en/product-paths/media-generation","runtime sitemap","en","public_page","public","unknown","unknown","unknown","unknown","runtime alternates; inspect per URL","yes","indexable if 200+self-canonical","no","public","keep_and_upgrade","/en/product-paths/media-generation","public content family","sitemap.xml fetched 2026-08-10","P2"
"https://www.enhe-tech.com.cn/product-demos","runtime sitemap","zh","product_demo","public","unknown","unknown","unknown","unknown","runtime alternates; inspect per URL","yes","indexable if 200+self-canonical","no","public","keep_and_upgrade","/product-demos","public content family","sitemap.xml fetched 2026-08-10","P2"
"https://www.enhe-tech.com.cn/en/product-demos","runtime sitemap","en","product_demo","public","unknown","unknown","unknown","unknown","runtime alternates; inspect per URL","yes","indexable if 200+self-canonical","no","public","keep_and_upgrade","/en/product-demos","public content family","sitemap.xml fetched 2026-08-10","P2"
"https://www.enhe-tech.com.cn/product-demos/windows-ai-video-studio","runtime sitemap","zh","product_demo","public","unknown","unknown","unknown","unknown","runtime alternates; inspect per URL","yes","indexable if 200+self-canonical","no","public","keep_and_upgrade","/product-demos/windows-ai-video-studio","public content family","sitemap.xml fetched 2026-08-10","P2"
"https://www.enhe-tech.com.cn/en/product-demos/windows-ai-video-studio","runtime sitemap","en","product_demo","public","unknown","unknown","unknown","unknown","runtime alternates; inspect per URL","yes","indexable if 200+self-canonical","no","public","keep_and_upgrade","/en/product-demos/windows-ai-video-studio","public content family","sitemap.xml fetched 2026-08-10","P2"
"https://www.enhe-tech.com.cn/product-demos/ai-video","runtime sitemap","zh","product_demo","public","unknown","unknown","unknown","unknown","runtime alternates; inspect per URL","yes","indexable if 200+self-canonical","no","public","keep_and_upgrade","/product-demos/ai-video","public content family","sitemap.xml fetched 2026-08-10","P2"
"https://www.enhe-tech.com.cn/en/product-demos/ai-video","runtime sitemap","en","product_demo","public","unknown","unknown","unknown","unknown","runtime alternates; inspect per URL","yes","indexable if 200+self-canonical","no","public","keep_and_upgrade","/en/product-demos/ai-video","public content family","sitemap.xml fetched 2026-08-10","P2"
"https://www.enhe-tech.com.cn/product-demos/windows-ai-lumi","runtime sitemap","zh","product_demo","public","unknown","unknown","unknown","unknown","runtime alternates; inspect per URL","yes","indexable if 200+self-canonical","no","public","keep_and_upgrade","/product-demos/windows-ai-lumi","public content family","sitemap.xml fetched 2026-08-10","P2"
"https://www.enhe-tech.com.cn/en/product-demos/windows-ai-lumi","runtime sitemap","en","product_demo","public","unknown","unknown","unknown","unknown","runtime alternates; inspect per URL","yes","indexable if 200+self-canonical","no","public","keep_and_upgrade","/en/product-demos/windows-ai-lumi","public content family","sitemap.xml fetched 2026-08-10","P2"
"https://www.enhe-tech.com.cn/pricing","runtime sitemap","zh","pricing","public","unknown","unknown","unknown","unknown","runtime alternates; inspect per URL","yes","indexable if 200+self-canonical","no","public","keep_and_upgrade","/pricing","public content family","sitemap.xml fetched 2026-08-10","P2"
"https://www.enhe-tech.com.cn/en/pricing","runtime sitemap","en","pricing","public","unknown","unknown","unknown","unknown","runtime alternates; inspect per URL","yes","indexable if 200+self-canonical","no","public","keep_and_upgrade","/en/pricing","public content family","sitemap.xml fetched 2026-08-10","P2"
"https://www.enhe-tech.com.cn/tutorials","runtime sitemap","zh","tutorials","public","unknown","unknown","unknown","unknown","runtime alternates; inspect per URL","yes","indexable if 200+self-canonical","no","public","keep_and_upgrade","/tutorials","public content family","sitemap.xml fetched 2026-08-10","P2"
"https://www.enhe-tech.com.cn/en/tutorials","runtime sitemap","en","tutorials","public","unknown","unknown","unknown","unknown","runtime alternates; inspect per URL","yes","indexable if 200+self-canonical","no","public","keep_and_upgrade","/en/tutorials","public content family","sitemap.xml fetched 2026-08-10","P2"
"https://www.enhe-tech.com.cn/ai-news","runtime sitemap","zh","news_listing","public","200","AI资讯、趋势解读与工具落地指南 | 恩禾 ENHE AI","AI前沿资讯与趋势洞察","https://www.enhe-tech.com.cn/ai-news","runtime alternates; inspect per URL","yes","indexable if 200+self-canonical","no","public","keep_and_upgrade","/ai-news","public content family","HTTP probe 2026-08-10; https://www.enhe-tech.com.cn/ai-news","P2"
"https://www.enhe-tech.com.cn/en/ai-news","runtime sitemap","en","news_listing","public","unknown","unknown","unknown","unknown","runtime alternates; inspect per URL","yes","indexable if 200+self-canonical","no","public","keep_and_upgrade","/en/ai-news","public content family","sitemap.xml fetched 2026-08-10","P2"
"https://www.enhe-tech.com.cn/ai-trends","runtime sitemap","zh","trend_listing","public","200","人类最渴望用 AI 解决哪些问题 | ENHE AI","人类最渴望用 AI 解决哪些问题","https://www.enhe-tech.com.cn/ai-trends","runtime alternates; inspect per URL","yes","indexable if 200+self-canonical","no","public","keep_and_upgrade","/ai-trends","public content family","HTTP probe 2026-08-10; https://www.enhe-tech.com.cn/ai-trends","P2"
"https://www.enhe-tech.com.cn/en/ai-trends","runtime sitemap","en","trend_listing","public","unknown","unknown","unknown","unknown","runtime alternates; inspect per URL","yes","indexable if 200+self-canonical","no","public","keep_and_upgrade","/en/ai-trends","public content family","sitemap.xml fetched 2026-08-10","P2"
"https://www.enhe-tech.com.cn/legal/user-agreement","runtime sitemap","zh","legal","public","unknown","unknown","unknown","unknown","runtime alternates; inspect per URL","yes","indexable if 200+self-canonical","no","public","private_archive","/legal/user-agreement","public content family","sitemap.xml fetched 2026-08-10","P1"
"https://www.enhe-tech.com.cn/en/legal/user-agreement","runtime sitemap","en","legal","public","unknown","unknown","unknown","unknown","runtime alternates; inspect per URL","yes","indexable if 200+self-canonical","no","public","private_archive","/en/legal/user-agreement","public content family","sitemap.xml fetched 2026-08-10","P1"
"https://www.enhe-tech.com.cn/legal/privacy-policy","runtime sitemap","zh","legal","public","unknown","unknown","unknown","unknown","runtime alternates; inspect per URL","yes","indexable if 200+self-canonical","no","public","keep_and_upgrade","/legal/privacy-policy","public content family","sitemap.xml fetched 2026-08-10","P2"
"https://www.enhe-tech.com.cn/en/legal/privacy-policy","runtime sitemap","en","legal","public","unknown","unknown","unknown","unknown","runtime alternates; inspect per URL","yes","indexable if 200+self-canonical","no","public","keep_and_upgrade","/en/legal/privacy-policy","public content family","sitemap.xml fetched 2026-08-10","P2"
"https://www.enhe-tech.com.cn/legal/membership-refund","runtime sitemap","zh","legal","public","unknown","unknown","unknown","unknown","runtime alternates; inspect per URL","yes","indexable if 200+self-canonical","no","public","keep_and_upgrade","/legal/membership-refund","public content family","sitemap.xml fetched 2026-08-10","P2"
"https://www.enhe-tech.com.cn/en/legal/membership-refund","runtime sitemap","en","legal","public","unknown","unknown","unknown","unknown","runtime alternates; inspect per URL","yes","indexable if 200+self-canonical","no","public","keep_and_upgrade","/en/legal/membership-refund","public content family","sitemap.xml fetched 2026-08-10","P2"
"https://www.enhe-tech.com.cn/legal/disclaimer","runtime sitemap","zh","legal","public","unknown","unknown","unknown","unknown","runtime alternates; inspect per URL","yes","indexable if 200+self-canonical","no","public","keep_and_upgrade","/legal/disclaimer","public content family","sitemap.xml fetched 2026-08-10","P2"
"https://www.enhe-tech.com.cn/en/legal/disclaimer","runtime sitemap","en","legal","public","unknown","unknown","unknown","unknown","runtime alternates; inspect per URL","yes","indexable if 200+self-canonical","no","public","keep_and_upgrade","/en/legal/disclaimer","public content family","sitemap.xml fetched 2026-08-10","P2"
"https://www.enhe-tech.com.cn/legal/copyright-complaint","runtime sitemap","zh","legal","public","unknown","unknown","unknown","unknown","runtime alternates; inspect per URL","yes","indexable if 200+self-canonical","no","public","keep_and_upgrade","/legal/copyright-complaint","public content family","sitemap.xml fetched 2026-08-10","P2"
"https://www.enhe-tech.com.cn/en/legal/copyright-complaint","runtime sitemap","en","legal","public","unknown","unknown","unknown","unknown","runtime alternates; inspect per URL","yes","indexable if 200+self-canonical","no","public","keep_and_upgrade","/en/legal/copyright-complaint","public content family","sitemap.xml fetched 2026-08-10","P2"
"https://www.enhe-tech.com.cn/legal/minor-protection","runtime sitemap","zh","legal","public","unknown","unknown","unknown","unknown","runtime alternates; inspect per URL","yes","indexable if 200+self-canonical","no","public","keep_and_upgrade","/legal/minor-protection","public content family","sitemap.xml fetched 2026-08-10","P2"
"https://www.enhe-tech.com.cn/en/legal/minor-protection","runtime sitemap","en","legal","public","unknown","unknown","unknown","unknown","runtime alternates; inspect per URL","yes","indexable if 200+self-canonical","no","public","keep_and_upgrade","/en/legal/minor-protection","public content family","sitemap.xml fetched 2026-08-10","P2"
"https://www.enhe-tech.com.cn/ai-news/topics/ai-agent","runtime sitemap","zh","news_topic","public","unknown","unknown","unknown","unknown","runtime alternates; inspect per URL","yes","indexable if 200+self-canonical","no","public","keep_and_upgrade","/ai-news/topics/ai-agent","public content family","sitemap.xml fetched 2026-08-10","P2"
"https://www.enhe-tech.com.cn/en/ai-news/topics/ai-agent","runtime sitemap","en","news_topic","public","unknown","unknown","unknown","unknown","runtime alternates; inspect per URL","yes","indexable if 200+self-canonical","no","public","keep_and_upgrade","/en/ai-news/topics/ai-agent","public content family","sitemap.xml fetched 2026-08-10","P2"
"https://www.enhe-tech.com.cn/ai-news/topics/local-ai","runtime sitemap","zh","news_topic","public","unknown","unknown","unknown","unknown","runtime alternates; inspect per URL","yes","indexable if 200+self-canonical","no","public","keep_and_upgrade","/ai-news/topics/local-ai","public content family","sitemap.xml fetched 2026-08-10","P2"
"https://www.enhe-tech.com.cn/en/ai-news/topics/local-ai","runtime sitemap","en","news_topic","public","unknown","unknown","unknown","unknown","runtime alternates; inspect per URL","yes","indexable if 200+self-canonical","no","public","keep_and_upgrade","/en/ai-news/topics/local-ai","public content family","sitemap.xml fetched 2026-08-10","P2"
"https://www.enhe-tech.com.cn/ai-news/topics/open-source-models","runtime sitemap","zh","news_topic","public","unknown","unknown","unknown","unknown","runtime alternates; inspect per URL","yes","indexable if 200+self-canonical","no","public","keep_and_upgrade","/ai-news/topics/open-source-models","public content family","sitemap.xml fetched 2026-08-10","P2"
"https://www.enhe-tech.com.cn/en/ai-news/topics/open-source-models","runtime sitemap","en","news_topic","public","unknown","unknown","unknown","unknown","runtime alternates; inspect per URL","yes","indexable if 200+self-canonical","no","public","keep_and_upgrade","/en/ai-news/topics/open-source-models","public content family","sitemap.xml fetched 2026-08-10","P2"
"https://www.enhe-tech.com.cn/ai-news/topics/ai-tools","runtime sitemap","zh","news_topic","public","unknown","unknown","unknown","unknown","runtime alternates; inspect per URL","yes","indexable if 200+self-canonical","no","public","keep_and_upgrade","/ai-news/topics/ai-tools","public content family","sitemap.xml fetched 2026-08-10","P2"
"https://www.enhe-tech.com.cn/en/ai-news/topics/ai-tools","runtime sitemap","en","news_topic","public","unknown","unknown","unknown","unknown","runtime alternates; inspect per URL","yes","indexable if 200+self-canonical","no","public","keep_and_upgrade","/en/ai-news/topics/ai-tools","public content family","sitemap.xml fetched 2026-08-10","P2"
"https://www.enhe-tech.com.cn/ai-news/topics/ai-tutorials","runtime sitemap","zh","news_topic","public","unknown","unknown","unknown","unknown","runtime alternates; inspect per URL","yes","indexable if 200+self-canonical","no","public","keep_and_upgrade","/ai-news/topics/ai-tutorials","public content family","sitemap.xml fetched 2026-08-10","P2"
"https://www.enhe-tech.com.cn/en/ai-news/topics/ai-tutorials","runtime sitemap","en","news_topic","public","unknown","unknown","unknown","unknown","runtime alternates; inspect per URL","yes","indexable if 200+self-canonical","no","public","keep_and_upgrade","/en/ai-news/topics/ai-tutorials","public content family","sitemap.xml fetched 2026-08-10","P2"
"https://www.enhe-tech.com.cn/ai-news/topics/ai-account-service","runtime sitemap","zh","news_topic","public","unknown","unknown","unknown","unknown","runtime alternates; inspect per URL","yes","indexable if 200+self-canonical","no","public","keep_and_upgrade","/ai-news/topics/ai-account-service","public content family","sitemap.xml fetched 2026-08-10","P2"
"https://www.enhe-tech.com.cn/en/ai-news/topics/ai-account-service","runtime sitemap","en","news_topic","public","unknown","unknown","unknown","unknown","runtime alternates; inspect per URL","yes","indexable if 200+self-canonical","no","public","keep_and_upgrade","/en/ai-news/topics/ai-account-service","public content family","sitemap.xml fetched 2026-08-10","P2"
"https://www.enhe-tech.com.cn/ai-news/topics/ai-regulation","runtime sitemap","zh","news_topic","public","unknown","unknown","unknown","unknown","runtime alternates; inspect per URL","yes","indexable if 200+self-canonical","no","public","keep_and_upgrade","/ai-news/topics/ai-regulation","public content family","sitemap.xml fetched 2026-08-10","P2"
"https://www.enhe-tech.com.cn/en/ai-news/topics/ai-regulation","runtime sitemap","en","news_topic","public","unknown","unknown","unknown","unknown","runtime alternates; inspect per URL","yes","indexable if 200+self-canonical","no","public","keep_and_upgrade","/en/ai-news/topics/ai-regulation","public content family","sitemap.xml fetched 2026-08-10","P2"
"https://www.enhe-tech.com.cn/ai-news/page/2","runtime sitemap","zh","news_pagination","public","unknown","unknown","unknown","unknown","runtime alternates; inspect per URL","yes","indexable if 200+self-canonical","no","public","keep_and_upgrade","/ai-news/page/2","public content family","sitemap.xml fetched 2026-08-10","P2"
"https://www.enhe-tech.com.cn/ai-news/page/3","runtime sitemap","zh","news_pagination","public","unknown","unknown","unknown","unknown","runtime alternates; inspect per URL","yes","indexable if 200+self-canonical","no","public","keep_and_upgrade","/ai-news/page/3","public content family","sitemap.xml fetched 2026-08-10","P2"
"https://www.enhe-tech.com.cn/ai-news/page/4","runtime sitemap","zh","news_pagination","public","unknown","unknown","unknown","unknown","runtime alternates; inspect per URL","yes","indexable if 200+self-canonical","no","public","keep_and_upgrade","/ai-news/page/4","public content family","sitemap.xml fetched 2026-08-10","P2"
"https://www.enhe-tech.com.cn/ai-news/page/5","runtime sitemap","zh","news_pagination","public","unknown","unknown","unknown","unknown","runtime alternates; inspect per URL","yes","indexable if 200+self-canonical","no","public","keep_and_upgrade","/ai-news/page/5","public content family","sitemap.xml fetched 2026-08-10","P2"
"https://www.enhe-tech.com.cn/ai-news/page/6","runtime sitemap","zh","news_pagination","public","unknown","unknown","unknown","unknown","runtime alternates; inspect per URL","yes","indexable if 200+self-canonical","no","public","keep_and_upgrade","/ai-news/page/6","public content family","sitemap.xml fetched 2026-08-10","P2"
"https://www.enhe-tech.com.cn/ai-news/page/7","runtime sitemap","zh","news_pagination","public","unknown","unknown","unknown","unknown","runtime alternates; inspect per URL","yes","indexable if 200+self-canonical","no","public","keep_and_upgrade","/ai-news/page/7","public content family","sitemap.xml fetched 2026-08-10","P2"
"https://www.enhe-tech.com.cn/ai-news/page/8","runtime sitemap","zh","news_pagination","public","unknown","unknown","unknown","unknown","runtime alternates; inspect per URL","yes","indexable if 200+self-canonical","no","public","keep_and_upgrade","/ai-news/page/8","public content family","sitemap.xml fetched 2026-08-10","P2"
"https://www.enhe-tech.com.cn/ai-news/page/9","runtime sitemap","zh","news_pagination","public","unknown","unknown","unknown","unknown","runtime alternates; inspect per URL","yes","indexable if 200+self-canonical","no","public","keep_and_upgrade","/ai-news/page/9","public content family","sitemap.xml fetched 2026-08-10","P2"
"https://www.enhe-tech.com.cn/ai-news/page/10","runtime sitemap","zh","news_pagination","public","unknown","unknown","unknown","unknown","runtime alternates; inspect per URL","yes","indexable if 200+self-canonical","no","public","keep_and_upgrade","/ai-news/page/10","public content family","sitemap.xml fetched 2026-08-10","P2"
"https://www.enhe-tech.com.cn/ai-news/page/11","runtime sitemap","zh","news_pagination","public","unknown","unknown","unknown","unknown","runtime alternates; inspect per URL","yes","indexable if 200+self-canonical","no","public","keep_and_upgrade","/ai-news/page/11","public content family","sitemap.xml fetched 2026-08-10","P2"
"https://www.enhe-tech.com.cn/ai-news/page/12","runtime sitemap","zh","news_pagination","public","unknown","unknown","unknown","unknown","runtime alternates; inspect per URL","yes","indexable if 200+self-canonical","no","public","keep_and_upgrade","/ai-news/page/12","public content family","sitemap.xml fetched 2026-08-10","P2"
"https://www.enhe-tech.com.cn/ai-news/page/13","runtime sitemap","zh","news_pagination","public","unknown","unknown","unknown","unknown","runtime alternates; inspect per URL","yes","indexable if 200+self-canonical","no","public","keep_and_upgrade","/ai-news/page/13","public content family","sitemap.xml fetched 2026-08-10","P2"
"https://www.enhe-tech.com.cn/ai-news/page/14","runtime sitemap","zh","news_pagination","public","unknown","unknown","unknown","unknown","runtime alternates; inspect per URL","yes","indexable if 200+self-canonical","no","public","keep_and_upgrade","/ai-news/page/14","public content family","sitemap.xml fetched 2026-08-10","P2"
"https://www.enhe-tech.com.cn/ai-news/page/15","runtime sitemap","zh","news_pagination","public","unknown","unknown","unknown","unknown","runtime alternates; inspect per URL","yes","indexable if 200+self-canonical","no","public","keep_and_upgrade","/ai-news/page/15","public content family","sitemap.xml fetched 2026-08-10","P2"
"https://www.enhe-tech.com.cn/ai-news/page/16","runtime sitemap","zh","news_pagination","public","unknown","unknown","unknown","unknown","runtime alternates; inspect per URL","yes","indexable if 200+self-canonical","no","public","keep_and_upgrade","/ai-news/page/16","public content family","sitemap.xml fetched 2026-08-10","P2"
"https://www.enhe-tech.com.cn/ai-news/page/17","runtime sitemap","zh","news_pagination","public","unknown","unknown","unknown","unknown","runtime alternates; inspect per URL","yes","indexable if 200+self-canonical","no","public","keep_and_upgrade","/ai-news/page/17","public content family","sitemap.xml fetched 2026-08-10","P2"
"https://www.enhe-tech.com.cn/ai-news/page/18","runtime sitemap","zh","news_pagination","public","unknown","unknown","unknown","unknown","runtime alternates; inspect per URL","yes","indexable if 200+self-canonical","no","public","keep_and_upgrade","/ai-news/page/18","public content family","sitemap.xml fetched 2026-08-10","P2"
"https://www.enhe-tech.com.cn/ai-news/page/19","runtime sitemap","zh","news_pagination","public","unknown","unknown","unknown","unknown","runtime alternates; inspect per URL","yes","indexable if 200+self-canonical","no","public","keep_and_upgrade","/ai-news/page/19","public content family","sitemap.xml fetched 2026-08-10","P2"
"https://www.enhe-tech.com.cn/ai-news/page/20","runtime sitemap","zh","news_pagination","public","unknown","unknown","unknown","unknown","runtime alternates; inspect per URL","yes","indexable if 200+self-canonical","no","public","keep_and_upgrade","/ai-news/page/20","public content family","sitemap.xml fetched 2026-08-10","P2"
"https://www.enhe-tech.com.cn/ai-news/page/21","runtime sitemap","zh","news_pagination","public","unknown","unknown","unknown","unknown","runtime alternates; inspect per URL","yes","indexable if 200+self-canonical","no","public","keep_and_upgrade","/ai-news/page/21","public content family","sitemap.xml fetched 2026-08-10","P2"
"https://www.enhe-tech.com.cn/en/ai-news/page/2","runtime sitemap","en","news_pagination","public","unknown","unknown","unknown","unknown","runtime alternates; inspect per URL","yes","indexable if 200+self-canonical","no","public","keep_and_upgrade","/en/ai-news/page/2","public content family","sitemap.xml fetched 2026-08-10","P2"
"https://www.enhe-tech.com.cn/en/ai-news/page/3","runtime sitemap","en","news_pagination","public","unknown","unknown","unknown","unknown","runtime alternates; inspect per URL","yes","indexable if 200+self-canonical","no","public","keep_and_upgrade","/en/ai-news/page/3","public content family","sitemap.xml fetched 2026-08-10","P2"
"https://www.enhe-tech.com.cn/en/ai-news/page/4","runtime sitemap","en","news_pagination","public","unknown","unknown","unknown","unknown","runtime alternates; inspect per URL","yes","indexable if 200+self-canonical","no","public","keep_and_upgrade","/en/ai-news/page/4","public content family","sitemap.xml fetched 2026-08-10","P2"
"https://www.enhe-tech.com.cn/en/ai-news/page/5","runtime sitemap","en","news_pagination","public","unknown","unknown","unknown","unknown","runtime alternates; inspect per URL","yes","indexable if 200+self-canonical","no","public","keep_and_upgrade","/en/ai-news/page/5","public content family","sitemap.xml fetched 2026-08-10","P2"
"https://www.enhe-tech.com.cn/en/ai-news/page/6","runtime sitemap","en","news_pagination","public","unknown","unknown","unknown","unknown","runtime alternates; inspect per URL","yes","indexable if 200+self-canonical","no","public","keep_and_upgrade","/en/ai-news/page/6","public content family","sitemap.xml fetched 2026-08-10","P2"
"https://www.enhe-tech.com.cn/en/ai-news/page/7","runtime sitemap","en","news_pagination","public","unknown","unknown","unknown","unknown","runtime alternates; inspect per URL","yes","indexable if 200+self-canonical","no","public","keep_and_upgrade","/en/ai-news/page/7","public content family","sitemap.xml fetched 2026-08-10","P2"
"https://www.enhe-tech.com.cn/en/ai-news/page/8","runtime sitemap","en","news_pagination","public","unknown","unknown","unknown","unknown","runtime alternates; inspect per URL","yes","indexable if 200+self-canonical","no","public","keep_and_upgrade","/en/ai-news/page/8","public content family","sitemap.xml fetched 2026-08-10","P2"
"https://www.enhe-tech.com.cn/en/ai-news/page/9","runtime sitemap","en","news_pagination","public","unknown","unknown","unknown","unknown","runtime alternates; inspect per URL","yes","indexable if 200+self-canonical","no","public","keep_and_upgrade","/en/ai-news/page/9","public content family","sitemap.xml fetched 2026-08-10","P2"
"https://www.enhe-tech.com.cn/en/ai-news/page/10","runtime sitemap","en","news_pagination","public","unknown","unknown","unknown","unknown","runtime alternates; inspect per URL","yes","indexable if 200+self-canonical","no","public","keep_and_upgrade","/en/ai-news/page/10","public content family","sitemap.xml fetched 2026-08-10","P2"
"https://www.enhe-tech.com.cn/en/ai-news/page/11","runtime sitemap","en","news_pagination","public","unknown","unknown","unknown","unknown","runtime alternates; inspect per URL","yes","indexable if 200+self-canonical","no","public","keep_and_upgrade","/en/ai-news/page/11","public content family","sitemap.xml fetched 2026-08-10","P2"
"https://www.enhe-tech.com.cn/en/ai-news/page/12","runtime sitemap","en","news_pagination","public","unknown","unknown","unknown","unknown","runtime alternates; inspect per URL","yes","indexable if 200+self-canonical","no","public","keep_and_upgrade","/en/ai-news/page/12","public content family","sitemap.xml fetched 2026-08-10","P2"
"https://www.enhe-tech.com.cn/en/ai-news/page/13","runtime sitemap","en","news_pagination","public","unknown","unknown","unknown","unknown","runtime alternates; inspect per URL","yes","indexable if 200+self-canonical","no","public","keep_and_upgrade","/en/ai-news/page/13","public content family","sitemap.xml fetched 2026-08-10","P2"
"https://www.enhe-tech.com.cn/en/ai-news/page/14","runtime sitemap","en","news_pagination","public","unknown","unknown","unknown","unknown","runtime alternates; inspect per URL","yes","indexable if 200+self-canonical","no","public","keep_and_upgrade","/en/ai-news/page/14","public content family","sitemap.xml fetched 2026-08-10","P2"
"https://www.enhe-tech.com.cn/en/ai-news/page/15","runtime sitemap","en","news_pagination","public","unknown","unknown","unknown","unknown","runtime alternates; inspect per URL","yes","indexable if 200+self-canonical","no","public","keep_and_upgrade","/en/ai-news/page/15","public content family","sitemap.xml fetched 2026-08-10","P2"
"https://www.enhe-tech.com.cn/en/ai-news/page/16","runtime sitemap","en","news_pagination","public","unknown","unknown","unknown","unknown","runtime alternates; inspect per URL","yes","indexable if 200+self-canonical","no","public","keep_and_upgrade","/en/ai-news/page/16","public content family","sitemap.xml fetched 2026-08-10","P2"
"https://www.enhe-tech.com.cn/en/ai-news/page/17","runtime sitemap","en","news_pagination","public","unknown","unknown","unknown","unknown","runtime alternates; inspect per URL","yes","indexable if 200+self-canonical","no","public","keep_and_upgrade","/en/ai-news/page/17","public content family","sitemap.xml fetched 2026-08-10","P2"
"https://www.enhe-tech.com.cn/en/ai-news/page/18","runtime sitemap","en","news_pagination","public","unknown","unknown","unknown","unknown","runtime alternates; inspect per URL","yes","indexable if 200+self-canonical","no","public","keep_and_upgrade","/en/ai-news/page/18","public content family","sitemap.xml fetched 2026-08-10","P2"
"https://www.enhe-tech.com.cn/en/ai-news/page/19","runtime sitemap","en","news_pagination","public","unknown","unknown","unknown","unknown","runtime alternates; inspect per URL","yes","indexable if 200+self-canonical","no","public","keep_and_upgrade","/en/ai-news/page/19","public content family","sitemap.xml fetched 2026-08-10","P2"
"https://www.enhe-tech.com.cn/en/ai-news/page/20","runtime sitemap","en","news_pagination","public","unknown","unknown","unknown","unknown","runtime alternates; inspect per URL","yes","indexable if 200+self-canonical","no","public","keep_and_upgrade","/en/ai-news/page/20","public content family","sitemap.xml fetched 2026-08-10","P2"
"https://www.enhe-tech.com.cn/en/ai-news/page/21","runtime sitemap","en","news_pagination","public","unknown","unknown","unknown","unknown","runtime alternates; inspect per URL","yes","indexable if 200+self-canonical","no","public","keep_and_upgrade","/en/ai-news/page/21","public content family","sitemap.xml fetched 2026-08-10","P2"
"https://www.enhe-tech.com.cn/skill-learning/ai-monetization-side-hustle-course","runtime sitemap","zh","skill_detail","public","unknown","unknown","unknown","unknown","runtime alternates; inspect per URL","yes","indexable if 200+self-canonical","no","public","keep_and_upgrade","/skill-learning/ai-monetization-side-hustle-course","public content family","sitemap.xml fetched 2026-08-10","P2"
"https://www.enhe-tech.com.cn/en/skill-learning/ai-monetization-side-hustle-course","runtime sitemap","en","skill_detail","public","unknown","unknown","unknown","unknown","runtime alternates; inspect per URL","yes","indexable if 200+self-canonical","no","public","keep_and_upgrade","/en/skill-learning/ai-monetization-side-hustle-course","public content family","sitemap.xml fetched 2026-08-10","P2"
"https://www.enhe-tech.com.cn/software/windows-ai","runtime sitemap","zh","software_detail","public","unknown","unknown","unknown","unknown","runtime alternates; inspect per URL","yes","indexable if 200+self-canonical","no","public","keep_and_upgrade","/software/windows-ai","public content family","sitemap.xml fetched 2026-08-10","P2"
"https://www.enhe-tech.com.cn/en/software/windows-ai","runtime sitemap","en","software_detail","public","unknown","unknown","unknown","unknown","runtime alternates; inspect per URL","yes","indexable if 200+self-canonical","no","public","keep_and_upgrade","/en/software/windows-ai","public content family","sitemap.xml fetched 2026-08-10","P2"
"https://www.enhe-tech.com.cn/account-services/gmail-google","runtime sitemap","zh","account_service_detail","public","unknown","unknown","unknown","unknown","runtime alternates; inspect per URL","yes","indexable if 200+self-canonical","no","public","keep_and_upgrade","/account-services/gmail-google","public content family","sitemap.xml fetched 2026-08-10","P2"
"https://www.enhe-tech.com.cn/en/account-services/gmail-google","runtime sitemap","en","account_service_detail","public","unknown","unknown","unknown","unknown","runtime alternates; inspect per URL","yes","indexable if 200+self-canonical","no","public","keep_and_upgrade","/en/account-services/gmail-google","public content family","sitemap.xml fetched 2026-08-10","P2"
"https://www.enhe-tech.com.cn/software/ultimate-edition-ai-video-generation-suite","runtime sitemap","zh","software_detail","public","unknown","unknown","unknown","unknown","runtime alternates; inspect per URL","yes","indexable if 200+self-canonical","no","public","keep_and_upgrade","/software/ultimate-edition-ai-video-generation-suite","public content family","sitemap.xml fetched 2026-08-10","P2"
"https://www.enhe-tech.com.cn/en/software/ultimate-edition-ai-video-generation-suite","runtime sitemap","en","software_detail","public","unknown","unknown","unknown","unknown","runtime alternates; inspect per URL","yes","indexable if 200+self-canonical","no","public","keep_and_upgrade","/en/software/ultimate-edition-ai-video-generation-suite","public content family","sitemap.xml fetched 2026-08-10","P2"
"https://www.enhe-tech.com.cn/software/infinitetalk-ai","runtime sitemap","zh","software_detail","public","unknown","unknown","unknown","unknown","runtime alternates; inspect per URL","yes","indexable if 200+self-canonical","no","public","keep_and_upgrade","/software/infinitetalk-ai","public content family","sitemap.xml fetched 2026-08-10","P2"
"https://www.enhe-tech.com.cn/en/software/infinitetalk-ai","runtime sitemap","en","software_detail","public","unknown","unknown","unknown","unknown","runtime alternates; inspect per URL","yes","indexable if 200+self-canonical","no","public","keep_and_upgrade","/en/software/infinitetalk-ai","public content family","sitemap.xml fetched 2026-08-10","P2"
"https://www.enhe-tech.com.cn/software/ai-prompt-management-system-418-bilingual-prompts-for-writing-seo-and-ai-creation","runtime sitemap","zh","software_detail","public","unknown","unknown","unknown","unknown","runtime alternates; inspect per URL","yes","indexable if 200+self-canonical","no","public","keep_and_upgrade","/software/ai-prompt-management-system-418-bilingual-prompts-for-writing-seo-and-ai-creation","public content family","sitemap.xml fetched 2026-08-10","P2"
"https://www.enhe-tech.com.cn/en/software/ai-prompt-management-system-418-bilingual-prompts-for-writing-seo-and-ai-creation","runtime sitemap","en","software_detail","public","unknown","unknown","unknown","unknown","runtime alternates; inspect per URL","yes","indexable if 200+self-canonical","no","public","keep_and_upgrade","/en/software/ai-prompt-management-system-418-bilingual-prompts-for-writing-seo-and-ai-creation","public content family","sitemap.xml fetched 2026-08-10","P2"
"https://www.enhe-tech.com.cn/software/faceswap-studio-ai","runtime sitemap","zh","software_detail","public","unknown","unknown","unknown","unknown","runtime alternates; inspect per URL","yes","indexable if 200+self-canonical","no","public","keep_and_upgrade","/software/faceswap-studio-ai","public content family","sitemap.xml fetched 2026-08-10","P2"
"https://www.enhe-tech.com.cn/en/software/faceswap-studio-ai","runtime sitemap","en","software_detail","public","unknown","unknown","unknown","unknown","runtime alternates; inspect per URL","yes","indexable if 200+self-canonical","no","public","keep_and_upgrade","/en/software/faceswap-studio-ai","public content family","sitemap.xml fetched 2026-08-10","P2"
"https://www.enhe-tech.com.cn/software/codex-api","runtime sitemap","zh","software_detail","public","unknown","unknown","unknown","unknown","runtime alternates; inspect per URL","yes","indexable if 200+self-canonical","no","public","keep_and_upgrade","/software/codex-api","public content family","sitemap.xml fetched 2026-08-10","P2"
"https://www.enhe-tech.com.cn/en/software/codex-api","runtime sitemap","en","software_detail","public","unknown","unknown","unknown","unknown","runtime alternates; inspect per URL","yes","indexable if 200+self-canonical","no","public","keep_and_upgrade","/en/software/codex-api","public content family","sitemap.xml fetched 2026-08-10","P2"
"https://www.enhe-tech.com.cn/ai-skills/seo-geo-skill","runtime sitemap","zh","public_page","public","unknown","unknown","unknown","unknown","runtime alternates; inspect per URL","yes","indexable if 200+self-canonical","no","public","keep_and_upgrade","/ai-skills/seo-geo-skill","public content family","sitemap.xml fetched 2026-08-10","P2"
"https://www.enhe-tech.com.cn/en/ai-skills/seo-geo-skill","runtime sitemap","en","public_page","public","unknown","unknown","unknown","unknown","runtime alternates; inspect per URL","yes","indexable if 200+self-canonical","no","public","keep_and_upgrade","/en/ai-skills/seo-geo-skill","public content family","sitemap.xml fetched 2026-08-10","P2"
"https://www.enhe-tech.com.cn/software/zfb-transfer-link-qr-code-generator","runtime sitemap","zh","software_detail","public","unknown","unknown","unknown","unknown","runtime alternates; inspect per URL","yes","indexable if 200+self-canonical","no","public","keep_and_upgrade","/software/zfb-transfer-link-qr-code-generator","public content family","sitemap.xml fetched 2026-08-10","P2"
"https://www.enhe-tech.com.cn/en/software/zfb-transfer-link-qr-code-generator","runtime sitemap","en","software_detail","public","unknown","unknown","unknown","unknown","runtime alternates; inspect per URL","yes","indexable if 200+self-canonical","no","public","keep_and_upgrade","/en/software/zfb-transfer-link-qr-code-generator","public content family","sitemap.xml fetched 2026-08-10","P2"
"https://www.enhe-tech.com.cn/skill-learning/high-frequency-ai-prompts-for-work-learning-and-teaching","runtime sitemap","zh","skill_detail","public","unknown","unknown","unknown","unknown","runtime alternates; inspect per URL","yes","indexable if 200+self-canonical","no","public","keep_and_upgrade","/skill-learning/high-frequency-ai-prompts-for-work-learning-and-teaching","public content family","sitemap.xml fetched 2026-08-10","P2"
"https://www.enhe-tech.com.cn/en/skill-learning/high-frequency-ai-prompts-for-work-learning-and-teaching","runtime sitemap","en","skill_detail","public","unknown","unknown","unknown","unknown","runtime alternates; inspect per URL","yes","indexable if 200+self-canonical","no","public","keep_and_upgrade","/en/skill-learning/high-frequency-ai-prompts-for-work-learning-and-teaching","public content family","sitemap.xml fetched 2026-08-10","P2"
"https://www.enhe-tech.com.cn/ai-skills/a-skill","runtime sitemap","zh","public_page","public","unknown","unknown","unknown","unknown","runtime alternates; inspect per URL","yes","indexable if 200+self-canonical","no","public","keep_and_upgrade","/ai-skills/a-skill","public content family","sitemap.xml fetched 2026-08-10","P2"
"https://www.enhe-tech.com.cn/en/ai-skills/a-skill","runtime sitemap","en","public_page","public","unknown","unknown","unknown","unknown","runtime alternates; inspect per URL","yes","indexable if 200+self-canonical","no","public","keep_and_upgrade","/en/ai-skills/a-skill","public content family","sitemap.xml fetched 2026-08-10","P2"
"https://www.enhe-tech.com.cn/software/local-ai-voice-generator-for-voiceover-materials","runtime sitemap","zh","software_detail","public","unknown","unknown","unknown","unknown","runtime alternates; inspect per URL","yes","indexable if 200+self-canonical","no","public","keep_and_upgrade","/software/local-ai-voice-generator-for-voiceover-materials","public content family","sitemap.xml fetched 2026-08-10","P2"
"https://www.enhe-tech.com.cn/en/software/local-ai-voice-generator-for-voiceover-materials","runtime sitemap","en","software_detail","public","unknown","unknown","unknown","unknown","runtime alternates; inspect per URL","yes","indexable if 200+self-canonical","no","public","keep_and_upgrade","/en/software/local-ai-voice-generator-for-voiceover-materials","public content family","sitemap.xml fetched 2026-08-10","P2"
"https://www.enhe-tech.com.cn/account-services/chatgpt-codex-dalle","runtime sitemap","zh","account_service_detail","public","unknown","unknown","unknown","unknown","runtime alternates; inspect per URL","yes","indexable if 200+self-canonical","no","public","keep_and_upgrade","/account-services/chatgpt-codex-dalle","public content family","sitemap.xml fetched 2026-08-10","P2"
"https://www.enhe-tech.com.cn/en/account-services/chatgpt-codex-dalle","runtime sitemap","en","account_service_detail","public","unknown","unknown","unknown","unknown","runtime alternates; inspect per URL","yes","indexable if 200+self-canonical","no","public","keep_and_upgrade","/en/account-services/chatgpt-codex-dalle","public content family","sitemap.xml fetched 2026-08-10","P2"
"https://www.enhe-tech.com.cn/software/no-code-chat-screenshot-maker","runtime sitemap","zh","software_detail","public","unknown","unknown","unknown","unknown","runtime alternates; inspect per URL","yes","indexable if 200+self-canonical","no","public","keep_and_upgrade","/software/no-code-chat-screenshot-maker","public content family","sitemap.xml fetched 2026-08-10","P2"
"https://www.enhe-tech.com.cn/en/software/no-code-chat-screenshot-maker","runtime sitemap","en","software_detail","public","unknown","unknown","unknown","unknown","runtime alternates; inspect per URL","yes","indexable if 200+self-canonical","no","public","keep_and_upgrade","/en/software/no-code-chat-screenshot-maker","public content family","sitemap.xml fetched 2026-08-10","P2"
"https://www.enhe-tech.com.cn/account-services/chatgpt-plus-100","runtime sitemap","zh","account_service_detail","public","unknown","unknown","unknown","unknown","runtime alternates; inspect per URL","yes","indexable if 200+self-canonical","no","public","keep_and_upgrade","/account-services/chatgpt-plus-100","public content family","sitemap.xml fetched 2026-08-10","P2"
"https://www.enhe-tech.com.cn/en/account-services/chatgpt-plus-100","runtime sitemap","en","account_service_detail","public","unknown","unknown","unknown","unknown","runtime alternates; inspect per URL","yes","indexable if 200+self-canonical","no","public","keep_and_upgrade","/en/account-services/chatgpt-plus-100","public content family","sitemap.xml fetched 2026-08-10","P2"
"https://www.enhe-tech.com.cn/ai-news/google-gemini-api-managed-agents-3-6-flash-hooks","runtime sitemap","zh","news_detail","public","unknown","unknown","unknown","unknown","runtime alternates; inspect per URL","yes","indexable if 200+self-canonical","no","public","keep_and_upgrade","/ai-news/google-gemini-api-managed-agents-3-6-flash-hooks","public content family","sitemap.xml fetched 2026-08-10","P2"
"https://www.enhe-tech.com.cn/en/ai-news/google-gemini-api-managed-agents-3-6-flash-hooks","runtime sitemap","en","news_detail","public","unknown","unknown","unknown","unknown","runtime alternates; inspect per URL","yes","indexable if 200+self-canonical","no","public","keep_and_upgrade","/en/ai-news/google-gemini-api-managed-agents-3-6-flash-hooks","public content family","sitemap.xml fetched 2026-08-10","P2"
"https://www.enhe-tech.com.cn/ai-news/ai-news-and-trend-insights-from-information-to-action","runtime sitemap","zh","news_detail","public","unknown","unknown","unknown","unknown","runtime alternates; inspect per URL","yes","indexable if 200+self-canonical","no","public","keep_and_upgrade","/ai-news/ai-news-and-trend-insights-from-information-to-action","public content family","sitemap.xml fetched 2026-08-10","P2"
"https://www.enhe-tech.com.cn/en/ai-news/ai-news-and-trend-insights-from-information-to-action","runtime sitemap","en","news_detail","public","unknown","unknown","unknown","unknown","runtime alternates; inspect per URL","yes","indexable if 200+self-canonical","no","public","keep_and_upgrade","/en/ai-news/ai-news-and-trend-insights-from-information-to-action","public content family","sitemap.xml fetched 2026-08-10","P2"
"https://www.enhe-tech.com.cn/ai-news/cisa-ai-ai-2","runtime sitemap","zh","news_detail","public","unknown","unknown","unknown","unknown","runtime alternates; inspect per URL","yes","indexable if 200+self-canonical","no","public","keep_and_upgrade","/ai-news/cisa-ai-ai-2","public content family","sitemap.xml fetched 2026-08-10","P2"
"https://www.enhe-tech.com.cn/en/ai-news/cisa-ai-ai-2","runtime sitemap","en","news_detail","public","unknown","unknown","unknown","unknown","runtime alternates; inspect per URL","yes","indexable if 200+self-canonical","no","public","keep_and_upgrade","/en/ai-news/cisa-ai-ai-2","public content family","sitemap.xml fetched 2026-08-10","P2"
"https://www.enhe-tech.com.cn/ai-news/agentic-ai","runtime sitemap","zh","news_detail","public","unknown","unknown","unknown","unknown","runtime alternates; inspect per URL","yes","indexable if 200+self-canonical","no","public","keep_and_upgrade","/ai-news/agentic-ai","public content family","sitemap.xml fetched 2026-08-10","P2"
"https://www.enhe-tech.com.cn/ai-news/openai-workspace-agents-chatgpt-ai","runtime sitemap","zh","news_detail","public","unknown","unknown","unknown","unknown","runtime alternates; inspect per URL","yes","indexable if 200+self-canonical","no","public","keep_and_upgrade","/ai-news/openai-workspace-agents-chatgpt-ai","public content family","sitemap.xml fetched 2026-08-10","P2"
"https://www.enhe-tech.com.cn/ai-news/ai-task-scheduling","runtime sitemap","zh","news_detail","public","unknown","unknown","unknown","unknown","runtime alternates; inspect per URL","yes","indexable if 200+self-canonical","no","public","keep_and_upgrade","/ai-news/ai-task-scheduling","public content family","sitemap.xml fetched 2026-08-10","P2"
"https://www.enhe-tech.com.cn/en/ai-news/ai-task-scheduling","runtime sitemap","en","news_detail","public","unknown","unknown","unknown","unknown","runtime alternates; inspect per URL","yes","indexable if 200+self-canonical","no","public","keep_and_upgrade","/en/ai-news/ai-task-scheduling","public content family","sitemap.xml fetched 2026-08-10","P2"
"https://www.enhe-tech.com.cn/ai-news/github-mcp-ai","runtime sitemap","zh","news_detail","public","unknown","unknown","unknown","unknown","runtime alternates; inspect per URL","yes","indexable if 200+self-canonical","no","public","keep_and_upgrade","/ai-news/github-mcp-ai","public content family","sitemap.xml fetched 2026-08-10","P2"
"https://www.enhe-tech.com.cn/en/ai-news/github-mcp-ai","runtime sitemap","en","news_detail","public","unknown","unknown","unknown","unknown","runtime alternates; inspect per URL","yes","indexable if 200+self-canonical","no","public","keep_and_upgrade","/en/ai-news/github-mcp-ai","public content family","sitemap.xml fetched 2026-08-10","P2"
"https://www.enhe-tech.com.cn/ai-news/beijing-baai-conference-pushes-ai-agents-further-into-real-world-deployment","runtime sitemap","zh","news_detail","public","unknown","unknown","unknown","unknown","runtime alternates; inspect per URL","yes","indexable if 200+self-canonical","no","public","keep_and_upgrade","/ai-news/beijing-baai-conference-pushes-ai-agents-further-into-real-world-deployment","public content family","sitemap.xml fetched 2026-08-10","P2"
"https://www.enhe-tech.com.cn/en/ai-news/beijing-baai-conference-pushes-ai-agents-further-into-real-world-deployment","runtime sitemap","en","news_detail","public","unknown","unknown","unknown","unknown","runtime alternates; inspect per URL","yes","indexable if 200+self-canonical","no","public","keep_and_upgrade","/en/ai-news/beijing-baai-conference-pushes-ai-agents-further-into-real-world-deployment","public content family","sitemap.xml fetched 2026-08-10","P2"
"https://www.enhe-tech.com.cn/ai-news/cloudflare-webmcp-ai","runtime sitemap","zh","news_detail","public","unknown","unknown","unknown","unknown","runtime alternates; inspect per URL","yes","indexable if 200+self-canonical","no","public","keep_and_upgrade","/ai-news/cloudflare-webmcp-ai","public content family","sitemap.xml fetched 2026-08-10","P2"
"https://www.enhe-tech.com.cn/en/ai-news/cloudflare-webmcp-ai","runtime sitemap","en","news_detail","public","unknown","unknown","unknown","unknown","runtime alternates; inspect per URL","yes","indexable if 200+self-canonical","no","public","keep_and_upgrade","/en/ai-news/cloudflare-webmcp-ai","public content family","sitemap.xml fetched 2026-08-10","P2"
"https://www.enhe-tech.com.cn/ai-news/meta-business-agent-whatsapp-ai","runtime sitemap","zh","news_detail","public","unknown","unknown","unknown","unknown","runtime alternates; inspect per URL","yes","indexable if 200+self-canonical","no","public","keep_and_upgrade","/ai-news/meta-business-agent-whatsapp-ai","public content family","sitemap.xml fetched 2026-08-10","P2"
"https://www.enhe-tech.com.cn/en/ai-news/meta-business-agent-whatsapp-ai","runtime sitemap","en","news_detail","public","unknown","unknown","unknown","unknown","runtime alternates; inspect per URL","yes","indexable if 200+self-canonical","no","public","keep_and_upgrade","/en/ai-news/meta-business-agent-whatsapp-ai","public content family","sitemap.xml fetched 2026-08-10","P2"
"https://www.enhe-tech.com.cn/ai-news/github-copilot-ai","runtime sitemap","zh","news_detail","public","unknown","unknown","unknown","unknown","runtime alternates; inspect per URL","yes","indexable if 200+self-canonical","no","public","keep_and_upgrade","/ai-news/github-copilot-ai","public content family","sitemap.xml fetched 2026-08-10","P2"
"https://www.enhe-tech.com.cn/en/ai-news/github-copilot-ai","runtime sitemap","en","news_detail","public","unknown","unknown","unknown","unknown","runtime alternates; inspect per URL","yes","indexable if 200+self-canonical","no","public","keep_and_upgrade","/en/ai-news/github-copilot-ai","public content family","sitemap.xml fetched 2026-08-10","P2"
"https://www.enhe-tech.com.cn/ai-news/tencent-cloud-efficiency-agent-tools","runtime sitemap","zh","news_detail","public","unknown","unknown","unknown","unknown","runtime alternates; inspect per URL","yes","indexable if 200+self-canonical","no","public","keep_and_upgrade","/ai-news/tencent-cloud-efficiency-agent-tools","public content family","sitemap.xml fetched 2026-08-10","P2"
"https://www.enhe-tech.com.cn/en/ai-news/tencent-cloud-efficiency-agent-tools","runtime sitemap","en","news_detail","public","unknown","unknown","unknown","unknown","runtime alternates; inspect per URL","yes","indexable if 200+self-canonical","no","public","keep_and_upgrade","/en/ai-news/tencent-cloud-efficiency-agent-tools","public content family","sitemap.xml fetched 2026-08-10","P2"
"https://www.enhe-tech.com.cn/ai-news/ibm-power-autonomous-operations-ai-2","runtime sitemap","zh","news_detail","public","unknown","unknown","unknown","unknown","runtime alternates; inspect per URL","yes","indexable if 200+self-canonical","no","public","keep_and_upgrade","/ai-news/ibm-power-autonomous-operations-ai-2","public content family","sitemap.xml fetched 2026-08-10","P2"
"https://www.enhe-tech.com.cn/en/ai-news/ibm-power-autonomous-operations-ai-2","runtime sitemap","en","news_detail","public","unknown","unknown","unknown","unknown","runtime alternates; inspect per URL","yes","indexable if 200+self-canonical","no","public","keep_and_upgrade","/en/ai-news/ibm-power-autonomous-operations-ai-2","public content family","sitemap.xml fetched 2026-08-10","P2"
"https://www.enhe-tech.com.cn/ai-news/adobe-creative-agent-ai","runtime sitemap","zh","news_detail","public","unknown","unknown","unknown","unknown","runtime alternates; inspect per URL","yes","indexable if 200+self-canonical","no","public","keep_and_upgrade","/ai-news/adobe-creative-agent-ai","public content family","sitemap.xml fetched 2026-08-10","P2"
"https://www.enhe-tech.com.cn/en/ai-news/adobe-creative-agent-ai","runtime sitemap","en","news_detail","public","unknown","unknown","unknown","unknown","runtime alternates; inspect per URL","yes","indexable if 200+self-canonical","no","public","keep_and_upgrade","/en/ai-news/adobe-creative-agent-ai","public content family","sitemap.xml fetched 2026-08-10","P2"
"https://www.enhe-tech.com.cn/ai-news/github-copilot-ai-credits-ai","runtime sitemap","zh","news_detail","public","unknown","unknown","unknown","unknown","runtime alternates; inspect per URL","yes","indexable if 200+self-canonical","no","public","keep_and_upgrade","/ai-news/github-copilot-ai-credits-ai","public content family","sitemap.xml fetched 2026-08-10","P2"
"https://www.enhe-tech.com.cn/en/ai-news/github-copilot-ai-credits-ai","runtime sitemap","en","news_detail","public","unknown","unknown","unknown","unknown","runtime alternates; inspect per URL","yes","indexable if 200+self-canonical","no","public","keep_and_upgrade","/en/ai-news/github-copilot-ai-credits-ai","public content family","sitemap.xml fetched 2026-08-10","P2"
"https://www.enhe-tech.com.cn/ai-news/github-agent-finder-ai","runtime sitemap","zh","news_detail","public","unknown","unknown","unknown","unknown","runtime alternates; inspect per URL","yes","indexable if 200+self-canonical","no","public","keep_and_upgrade","/ai-news/github-agent-finder-ai","public content family","sitemap.xml fetched 2026-08-10","P2"
"https://www.enhe-tech.com.cn/en/ai-news/github-agent-finder-ai","runtime sitemap","en","news_detail","public","unknown","unknown","unknown","unknown","runtime alternates; inspect per URL","yes","indexable if 200+self-canonical","no","public","keep_and_upgrade","/en/ai-news/github-agent-finder-ai","public content family","sitemap.xml fetched 2026-08-10","P2"
"https://www.enhe-tech.com.cn/ai-news/cli-ai-agent","runtime sitemap","zh","news_detail","public","unknown","unknown","unknown","unknown","runtime alternates; inspect per URL","yes","indexable if 200+self-canonical","no","public","keep_and_upgrade","/ai-news/cli-ai-agent","public content family","sitemap.xml fetched 2026-08-10","P2"
"https://www.enhe-tech.com.cn/en/ai-news/cli-ai-agent","runtime sitemap","en","news_detail","public","unknown","unknown","unknown","unknown","runtime alternates; inspect per URL","yes","indexable if 200+self-canonical","no","public","keep_and_upgrade","/en/ai-news/cli-ai-agent","public content family","sitemap.xml fetched 2026-08-10","P2"
"https://www.enhe-tech.com.cn/ai-news/google-deepmind-ai","runtime sitemap","zh","news_detail","public","unknown","unknown","unknown","unknown","runtime alternates; inspect per URL","yes","indexable if 200+self-canonical","no","public","keep_and_upgrade","/ai-news/google-deepmind-ai","public content family","sitemap.xml fetched 2026-08-10","P2"
"https://www.enhe-tech.com.cn/en/ai-news/google-deepmind-ai","runtime sitemap","en","news_detail","public","unknown","unknown","unknown","unknown","runtime alternates; inspect per URL","yes","indexable if 200+self-canonical","no","public","keep_and_upgrade","/en/ai-news/google-deepmind-ai","public content family","sitemap.xml fetched 2026-08-10","P2"
"https://www.enhe-tech.com.cn/ai-news/google-a2a-ai","runtime sitemap","zh","news_detail","public","unknown","unknown","unknown","unknown","runtime alternates; inspect per URL","yes","indexable if 200+self-canonical","no","public","keep_and_upgrade","/ai-news/google-a2a-ai","public content family","sitemap.xml fetched 2026-08-10","P2"
"https://www.enhe-tech.com.cn/en/ai-news/google-a2a-ai","runtime sitemap","en","news_detail","public","unknown","unknown","unknown","unknown","runtime alternates; inspect per URL","yes","indexable if 200+self-canonical","no","public","keep_and_upgrade","/en/ai-news/google-a2a-ai","public content family","sitemap.xml fetched 2026-08-10","P2"
"https://www.enhe-tech.com.cn/ai-news/it-6","runtime sitemap","zh","news_detail","public","unknown","unknown","unknown","unknown","runtime alternates; inspect per URL","yes","indexable if 200+self-canonical","no","public","keep_and_upgrade","/ai-news/it-6","public content family","sitemap.xml fetched 2026-08-10","P2"
"https://www.enhe-tech.com.cn/en/ai-news/it-6","runtime sitemap","en","news_detail","public","unknown","unknown","unknown","unknown","runtime alternates; inspect per URL","yes","indexable if 200+self-canonical","no","public","keep_and_upgrade","/en/ai-news/it-6","public content family","sitemap.xml fetched 2026-08-10","P2"
"https://www.enhe-tech.com.cn/ai-news/agentic-infra-ai","runtime sitemap","zh","news_detail","public","unknown","unknown","unknown","unknown","runtime alternates; inspect per URL","yes","indexable if 200+self-canonical","no","public","keep_and_upgrade","/ai-news/agentic-infra-ai","public content family","sitemap.xml fetched 2026-08-10","P2"
"https://www.enhe-tech.com.cn/en/ai-news/agentic-infra-ai","runtime sitemap","en","news_detail","public","unknown","unknown","unknown","unknown","runtime alternates; inspect per URL","yes","indexable if 200+self-canonical","no","public","keep_and_upgrade","/en/ai-news/agentic-infra-ai","public content family","sitemap.xml fetched 2026-08-10","P2"
"https://www.enhe-tech.com.cn/ai-news/aws-bedrock-agentcore","runtime sitemap","zh","news_detail","public","unknown","unknown","unknown","unknown","runtime alternates; inspect per URL","yes","indexable if 200+self-canonical","no","public","keep_and_upgrade","/ai-news/aws-bedrock-agentcore","public content family","sitemap.xml fetched 2026-08-10","P2"
"https://www.enhe-tech.com.cn/en/ai-news/aws-bedrock-agentcore","runtime sitemap","en","news_detail","public","unknown","unknown","unknown","unknown","runtime alternates; inspect per URL","yes","indexable if 200+self-canonical","no","public","keep_and_upgrade","/en/ai-news/aws-bedrock-agentcore","public content family","sitemap.xml fetched 2026-08-10","P2"
"https://www.enhe-tech.com.cn/ai-news/databricks-genie-one-ai","runtime sitemap","zh","news_detail","public","unknown","unknown","unknown","unknown","runtime alternates; inspect per URL","yes","indexable if 200+self-canonical","no","public","keep_and_upgrade","/ai-news/databricks-genie-one-ai","public content family","sitemap.xml fetched 2026-08-10","P2"
"https://www.enhe-tech.com.cn/en/ai-news/databricks-genie-one-ai","runtime sitemap","en","news_detail","public","unknown","unknown","unknown","unknown","runtime alternates; inspect per URL","yes","indexable if 200+self-canonical","no","public","keep_and_upgrade","/en/ai-news/databricks-genie-one-ai","public content family","sitemap.xml fetched 2026-08-10","P2"
"https://www.enhe-tech.com.cn/ai-news/openai-chatgpt-enterprise-ai","runtime sitemap","zh","news_detail","public","unknown","unknown","unknown","unknown","runtime alternates; inspect per URL","yes","indexable if 200+self-canonical","no","public","keep_and_upgrade","/ai-news/openai-chatgpt-enterprise-ai","public content family","sitemap.xml fetched 2026-08-10","P2"
"https://www.enhe-tech.com.cn/en/ai-news/openai-chatgpt-enterprise-ai","runtime sitemap","en","news_detail","public","unknown","unknown","unknown","unknown","runtime alternates; inspect per URL","yes","indexable if 200+self-canonical","no","public","keep_and_upgrade","/en/ai-news/openai-chatgpt-enterprise-ai","public content family","sitemap.xml fetched 2026-08-10","P2"
"https://www.enhe-tech.com.cn/ai-news/ibm-power-autonomous-operations-ai","runtime sitemap","zh","news_detail","public","unknown","unknown","unknown","unknown","runtime alternates; inspect per URL","yes","indexable if 200+self-canonical","no","public","keep_and_upgrade","/ai-news/ibm-power-autonomous-operations-ai","public content family","sitemap.xml fetched 2026-08-10","P2"
"https://www.enhe-tech.com.cn/en/ai-news/ibm-power-autonomous-operations-ai","runtime sitemap","en","news_detail","public","unknown","unknown","unknown","unknown","runtime alternates; inspect per URL","yes","indexable if 200+self-canonical","no","public","keep_and_upgrade","/en/ai-news/ibm-power-autonomous-operations-ai","public content family","sitemap.xml fetched 2026-08-10","P2"
"https://www.enhe-tech.com.cn/ai-news/paddleocr-3-7-0-ai","runtime sitemap","zh","news_detail","public","unknown","unknown","unknown","unknown","runtime alternates; inspect per URL","yes","indexable if 200+self-canonical","no","public","keep_and_upgrade","/ai-news/paddleocr-3-7-0-ai","public content family","sitemap.xml fetched 2026-08-10","P2"
"https://www.enhe-tech.com.cn/en/ai-news/paddleocr-3-7-0-ai","runtime sitemap","en","news_detail","public","unknown","unknown","unknown","unknown","runtime alternates; inspect per URL","yes","indexable if 200+self-canonical","no","public","keep_and_upgrade","/en/ai-news/paddleocr-3-7-0-ai","public content family","sitemap.xml fetched 2026-08-10","P2"
"https://www.enhe-tech.com.cn/ai-news/github-mcp-mcp","runtime sitemap","zh","news_detail","public","unknown","unknown","unknown","unknown","runtime alternates; inspect per URL","yes","indexable if 200+self-canonical","no","public","keep_and_upgrade","/ai-news/github-mcp-mcp","public content family","sitemap.xml fetched 2026-08-10","P2"
"https://www.enhe-tech.com.cn/en/ai-news/github-mcp-mcp","runtime sitemap","en","news_detail","public","unknown","unknown","unknown","unknown","runtime alternates; inspect per URL","yes","indexable if 200+self-canonical","no","public","keep_and_upgrade","/en/ai-news/github-mcp-mcp","public content family","sitemap.xml fetched 2026-08-10","P2"
"https://www.enhe-tech.com.cn/ai-news/deepmind-ai","runtime sitemap","zh","news_detail","public","unknown","unknown","unknown","unknown","runtime alternates; inspect per URL","yes","indexable if 200+self-canonical","no","public","keep_and_upgrade","/ai-news/deepmind-ai","public content family","sitemap.xml fetched 2026-08-10","P2"
"https://www.enhe-tech.com.cn/en/ai-news/deepmind-ai","runtime sitemap","en","news_detail","public","unknown","unknown","unknown","unknown","runtime alternates; inspect per URL","yes","indexable if 200+self-canonical","no","public","keep_and_upgrade","/en/ai-news/deepmind-ai","public content family","sitemap.xml fetched 2026-08-10","P2"
"https://www.enhe-tech.com.cn/ai-news/qwen-code-agent-team","runtime sitemap","zh","news_detail","public","unknown","unknown","unknown","unknown","runtime alternates; inspect per URL","yes","indexable if 200+self-canonical","no","public","keep_and_upgrade","/ai-news/qwen-code-agent-team","public content family","sitemap.xml fetched 2026-08-10","P2"
"https://www.enhe-tech.com.cn/en/ai-news/qwen-code-agent-team","runtime sitemap","en","news_detail","public","unknown","unknown","unknown","unknown","runtime alternates; inspect per URL","yes","indexable if 200+self-canonical","no","public","keep_and_upgrade","/en/ai-news/qwen-code-agent-team","public content family","sitemap.xml fetched 2026-08-10","P2"
"https://www.enhe-tech.com.cn/ai-news/cloudflare-agent-readiness-aeo-ai","runtime sitemap","zh","news_detail","public","unknown","unknown","unknown","unknown","runtime alternates; inspect per URL","yes","indexable if 200+self-canonical","no","public","keep_and_upgrade","/ai-news/cloudflare-agent-readiness-aeo-ai","public content family","sitemap.xml fetched 2026-08-10","P2"
"https://www.enhe-tech.com.cn/en/ai-news/cloudflare-agent-readiness-aeo-ai","runtime sitemap","en","news_detail","public","unknown","unknown","unknown","unknown","runtime alternates; inspect per URL","yes","indexable if 200+self-canonical","no","public","keep_and_upgrade","/en/ai-news/cloudflare-agent-readiness-aeo-ai","public content family","sitemap.xml fetched 2026-08-10","P2"
"https://www.enhe-tech.com.cn/ai-news/agentscope-java-2-0-ai","runtime sitemap","zh","news_detail","public","unknown","unknown","unknown","unknown","runtime alternates; inspect per URL","yes","indexable if 200+self-canonical","no","public","keep_and_upgrade","/ai-news/agentscope-java-2-0-ai","public content family","sitemap.xml fetched 2026-08-10","P2"
"https://www.enhe-tech.com.cn/en/ai-news/agentscope-java-2-0-ai","runtime sitemap","en","news_detail","public","unknown","unknown","unknown","unknown","runtime alternates; inspect per URL","yes","indexable if 200+self-canonical","no","public","keep_and_upgrade","/en/ai-news/agentscope-java-2-0-ai","public content family","sitemap.xml fetched 2026-08-10","P2"
"https://www.enhe-tech.com.cn/ai-news/jetbrains-junie-beta-ai","runtime sitemap","zh","news_detail","public","unknown","unknown","unknown","unknown","runtime alternates; inspect per URL","yes","indexable if 200+self-canonical","no","public","keep_and_upgrade","/ai-news/jetbrains-junie-beta-ai","public content family","sitemap.xml fetched 2026-08-10","P2"
"https://www.enhe-tech.com.cn/en/ai-news/jetbrains-junie-beta-ai","runtime sitemap","en","news_detail","public","unknown","unknown","unknown","unknown","runtime alternates; inspect per URL","yes","indexable if 200+self-canonical","no","public","keep_and_upgrade","/en/ai-news/jetbrains-junie-beta-ai","public content family","sitemap.xml fetched 2026-08-10","P2"
"https://www.enhe-tech.com.cn/ai-news/github-mcp-server-initialize-6","runtime sitemap","zh","news_detail","public","unknown","unknown","unknown","unknown","runtime alternates; inspect per URL","yes","indexable if 200+self-canonical","no","public","keep_and_upgrade","/ai-news/github-mcp-server-initialize-6","public content family","sitemap.xml fetched 2026-08-10","P2"
"https://www.enhe-tech.com.cn/en/ai-news/github-mcp-server-initialize-6","runtime sitemap","en","news_detail","public","unknown","unknown","unknown","unknown","runtime alternates; inspect per URL","yes","indexable if 200+self-canonical","no","public","keep_and_upgrade","/en/ai-news/github-mcp-server-initialize-6","public content family","sitemap.xml fetched 2026-08-10","P2"
"https://www.enhe-tech.com.cn/ai-news/claude-code-artifacts-ai","runtime sitemap","zh","news_detail","public","unknown","unknown","unknown","unknown","runtime alternates; inspect per URL","yes","indexable if 200+self-canonical","no","public","keep_and_upgrade","/ai-news/claude-code-artifacts-ai","public content family","sitemap.xml fetched 2026-08-10","P2"
"https://www.enhe-tech.com.cn/en/ai-news/claude-code-artifacts-ai","runtime sitemap","en","news_detail","public","unknown","unknown","unknown","unknown","runtime alternates; inspect per URL","yes","indexable if 200+self-canonical","no","public","keep_and_upgrade","/en/ai-news/claude-code-artifacts-ai","public content family","sitemap.xml fetched 2026-08-10","P2"
"https://www.enhe-tech.com.cn/ai-news/google-cloud-dict-ai","runtime sitemap","zh","news_detail","public","unknown","unknown","unknown","unknown","runtime alternates; inspect per URL","yes","indexable if 200+self-canonical","no","public","keep_and_upgrade","/ai-news/google-cloud-dict-ai","public content family","sitemap.xml fetched 2026-08-10","P2"
"https://www.enhe-tech.com.cn/en/ai-news/google-cloud-dict-ai","runtime sitemap","en","news_detail","public","unknown","unknown","unknown","unknown","runtime alternates; inspect per URL","yes","indexable if 200+self-canonical","no","public","keep_and_upgrade","/en/ai-news/google-cloud-dict-ai","public content family","sitemap.xml fetched 2026-08-10","P2"
"https://www.enhe-tech.com.cn/ai-news/skill-ai","runtime sitemap","zh","news_detail","public","unknown","unknown","unknown","unknown","runtime alternates; inspect per URL","yes","indexable if 200+self-canonical","no","public","keep_and_upgrade","/ai-news/skill-ai","public content family","sitemap.xml fetched 2026-08-10","P2"
"https://www.enhe-tech.com.cn/en/ai-news/skill-ai","runtime sitemap","en","news_detail","public","unknown","unknown","unknown","unknown","runtime alternates; inspect per URL","yes","indexable if 200+self-canonical","no","public","keep_and_upgrade","/en/ai-news/skill-ai","public content family","sitemap.xml fetched 2026-08-10","P2"
"https://www.enhe-tech.com.cn/ai-news/loongsuite-pilot-coding-agent","runtime sitemap","zh","news_detail","public","unknown","unknown","unknown","unknown","runtime alternates; inspect per URL","yes","indexable if 200+self-canonical","no","public","keep_and_upgrade","/ai-news/loongsuite-pilot-coding-agent","public content family","sitemap.xml fetched 2026-08-10","P2"
"https://www.enhe-tech.com.cn/en/ai-news/loongsuite-pilot-coding-agent","runtime sitemap","en","news_detail","public","unknown","unknown","unknown","unknown","runtime alternates; inspect per URL","yes","indexable if 200+self-canonical","no","public","keep_and_upgrade","/en/ai-news/loongsuite-pilot-coding-agent","public content family","sitemap.xml fetched 2026-08-10","P2"
"https://www.enhe-tech.com.cn/ai-news/openai-patch-the-planet-ai","runtime sitemap","zh","news_detail","public","unknown","unknown","unknown","unknown","runtime alternates; inspect per URL","yes","indexable if 200+self-canonical","no","public","keep_and_upgrade","/ai-news/openai-patch-the-planet-ai","public content family","sitemap.xml fetched 2026-08-10","P2"
"https://www.enhe-tech.com.cn/en/ai-news/openai-patch-the-planet-ai","runtime sitemap","en","news_detail","public","unknown","unknown","unknown","unknown","runtime alternates; inspect per URL","yes","indexable if 200+self-canonical","no","public","keep_and_upgrade","/en/ai-news/openai-patch-the-planet-ai","public content family","sitemap.xml fetched 2026-08-10","P2"
"https://www.enhe-tech.com.cn/ai-news/glm-5-2-1m-ai","runtime sitemap","zh","news_detail","public","unknown","unknown","unknown","unknown","runtime alternates; inspect per URL","yes","indexable if 200+self-canonical","no","public","keep_and_upgrade","/ai-news/glm-5-2-1m-ai","public content family","sitemap.xml fetched 2026-08-10","P2"
"https://www.enhe-tech.com.cn/en/ai-news/glm-5-2-1m-ai","runtime sitemap","en","news_detail","public","unknown","unknown","unknown","unknown","runtime alternates; inspect per URL","yes","indexable if 200+self-canonical","no","public","keep_and_upgrade","/en/ai-news/glm-5-2-1m-ai","public content family","sitemap.xml fetched 2026-08-10","P2"
"https://www.enhe-tech.com.cn/ai-news/copilot-review-6","runtime sitemap","zh","news_detail","public","unknown","unknown","unknown","unknown","runtime alternates; inspect per URL","yes","indexable if 200+self-canonical","no","public","keep_and_upgrade","/ai-news/copilot-review-6","public content family","sitemap.xml fetched 2026-08-10","P2"
"https://www.enhe-tech.com.cn/en/ai-news/copilot-review-6","runtime sitemap","en","news_detail","public","unknown","unknown","unknown","unknown","runtime alternates; inspect per URL","yes","indexable if 200+self-canonical","no","public","keep_and_upgrade","/en/ai-news/copilot-review-6","public content family","sitemap.xml fetched 2026-08-10","P2"
"https://www.enhe-tech.com.cn/ai-news/aws-agentcore","runtime sitemap","zh","news_detail","public","unknown","unknown","unknown","unknown","runtime alternates; inspect per URL","yes","indexable if 200+self-canonical","no","public","keep_and_upgrade","/ai-news/aws-agentcore","public content family","sitemap.xml fetched 2026-08-10","P2"
"https://www.enhe-tech.com.cn/en/ai-news/aws-agentcore","runtime sitemap","en","news_detail","public","unknown","unknown","unknown","unknown","runtime alternates; inspect per URL","yes","indexable if 200+self-canonical","no","public","keep_and_upgrade","/en/ai-news/aws-agentcore","public content family","sitemap.xml fetched 2026-08-10","P2"
"https://www.enhe-tech.com.cn/ai-news/aidbs-agent-ready","runtime sitemap","zh","news_detail","public","unknown","unknown","unknown","unknown","runtime alternates; inspect per URL","yes","indexable if 200+self-canonical","no","public","keep_and_upgrade","/ai-news/aidbs-agent-ready","public content family","sitemap.xml fetched 2026-08-10","P2"
"https://www.enhe-tech.com.cn/en/ai-news/aidbs-agent-ready","runtime sitemap","en","news_detail","public","unknown","unknown","unknown","unknown","runtime alternates; inspect per URL","yes","indexable if 200+self-canonical","no","public","keep_and_upgrade","/en/ai-news/aidbs-agent-ready","public content family","sitemap.xml fetched 2026-08-10","P2"
"https://www.enhe-tech.com.cn/ai-news/anolisa-ai","runtime sitemap","zh","news_detail","public","unknown","unknown","unknown","unknown","runtime alternates; inspect per URL","yes","indexable if 200+self-canonical","no","public","keep_and_upgrade","/ai-news/anolisa-ai","public content family","sitemap.xml fetched 2026-08-10","P2"
"https://www.enhe-tech.com.cn/en/ai-news/anolisa-ai","runtime sitemap","en","news_detail","public","unknown","unknown","unknown","unknown","runtime alternates; inspect per URL","yes","indexable if 200+self-canonical","no","public","keep_and_upgrade","/en/ai-news/anolisa-ai","public content family","sitemap.xml fetched 2026-08-10","P2"
"https://www.enhe-tech.com.cn/ai-news/google-cloud-agent-platform","runtime sitemap","zh","news_detail","public","unknown","unknown","unknown","unknown","runtime alternates; inspect per URL","yes","indexable if 200+self-canonical","no","public","keep_and_upgrade","/ai-news/google-cloud-agent-platform","public content family","sitemap.xml fetched 2026-08-10","P2"
"https://www.enhe-tech.com.cn/en/ai-news/google-cloud-agent-platform","runtime sitemap","en","news_detail","public","unknown","unknown","unknown","unknown","runtime alternates; inspect per URL","yes","indexable if 200+self-canonical","no","public","keep_and_upgrade","/en/ai-news/google-cloud-agent-platform","public content family","sitemap.xml fetched 2026-08-10","P2"
"https://www.enhe-tech.com.cn/ai-news/claude-tag-ai-slack","runtime sitemap","zh","news_detail","public","unknown","unknown","unknown","unknown","runtime alternates; inspect per URL","yes","indexable if 200+self-canonical","no","public","keep_and_upgrade","/ai-news/claude-tag-ai-slack","public content family","sitemap.xml fetched 2026-08-10","P2"
"https://www.enhe-tech.com.cn/en/ai-news/claude-tag-ai-slack","runtime sitemap","en","news_detail","public","unknown","unknown","unknown","unknown","runtime alternates; inspect per URL","yes","indexable if 200+self-canonical","no","public","keep_and_upgrade","/en/ai-news/claude-tag-ai-slack","public content family","sitemap.xml fetched 2026-08-10","P2"
"https://www.enhe-tech.com.cn/ai-news/nvidia-agent-toolkit-ai","runtime sitemap","zh","news_detail","public","unknown","unknown","unknown","unknown","runtime alternates; inspect per URL","yes","indexable if 200+self-canonical","no","public","keep_and_upgrade","/ai-news/nvidia-agent-toolkit-ai","public content family","sitemap.xml fetched 2026-08-10","P2"
"https://www.enhe-tech.com.cn/en/ai-news/nvidia-agent-toolkit-ai","runtime sitemap","en","news_detail","public","unknown","unknown","unknown","unknown","runtime alternates; inspect per URL","yes","indexable if 200+self-canonical","no","public","keep_and_upgrade","/en/ai-news/nvidia-agent-toolkit-ai","public content family","sitemap.xml fetched 2026-08-10","P2"
"https://www.enhe-tech.com.cn/ai-news/m-files-custom-agents-ai","runtime sitemap","zh","news_detail","public","unknown","unknown","unknown","unknown","runtime alternates; inspect per URL","yes","indexable if 200+self-canonical","no","public","keep_and_upgrade","/ai-news/m-files-custom-agents-ai","public content family","sitemap.xml fetched 2026-08-10","P2"
"https://www.enhe-tech.com.cn/en/ai-news/m-files-custom-agents-ai","runtime sitemap","en","news_detail","public","unknown","unknown","unknown","unknown","runtime alternates; inspect per URL","yes","indexable if 200+self-canonical","no","public","keep_and_upgrade","/en/ai-news/m-files-custom-agents-ai","public content family","sitemap.xml fetched 2026-08-10","P2"
"https://www.enhe-tech.com.cn/ai-news/qwen-code-ai-cli","runtime sitemap","zh","news_detail","public","unknown","unknown","unknown","unknown","runtime alternates; inspect per URL","yes","indexable if 200+self-canonical","no","public","keep_and_upgrade","/ai-news/qwen-code-ai-cli","public content family","sitemap.xml fetched 2026-08-10","P2"
"https://www.enhe-tech.com.cn/en/ai-news/qwen-code-ai-cli","runtime sitemap","en","news_detail","public","unknown","unknown","unknown","unknown","runtime alternates; inspect per URL","yes","indexable if 200+self-canonical","no","public","keep_and_upgrade","/en/ai-news/qwen-code-ai-cli","public content family","sitemap.xml fetched 2026-08-10","P2"
"https://www.enhe-tech.com.cn/ai-news/agentrun-skill-mcp-ai","runtime sitemap","zh","news_detail","public","unknown","unknown","unknown","unknown","runtime alternates; inspect per URL","yes","indexable if 200+self-canonical","no","public","keep_and_upgrade","/ai-news/agentrun-skill-mcp-ai","public content family","sitemap.xml fetched 2026-08-10","P2"
"https://www.enhe-tech.com.cn/en/ai-news/agentrun-skill-mcp-ai","runtime sitemap","en","news_detail","public","unknown","unknown","unknown","unknown","runtime alternates; inspect per URL","yes","indexable if 200+self-canonical","no","public","keep_and_upgrade","/en/ai-news/agentrun-skill-mcp-ai","public content family","sitemap.xml fetched 2026-08-10","P2"
"https://www.enhe-tech.com.cn/ai-news/how-to-choose-ai-tool-website","runtime sitemap","zh","news_detail","public","unknown","unknown","unknown","unknown","runtime alternates; inspect per URL","yes","indexable if 200+self-canonical","no","public","keep_and_upgrade","/ai-news/how-to-choose-ai-tool-website","public content family","sitemap.xml fetched 2026-08-10","P2"
"https://www.enhe-tech.com.cn/en/ai-news/how-to-choose-ai-tool-website","runtime sitemap","en","news_detail","public","unknown","unknown","unknown","unknown","runtime alternates; inspect per URL","yes","indexable if 200+self-canonical","no","public","keep_and_upgrade","/en/ai-news/how-to-choose-ai-tool-website","public content family","sitemap.xml fetched 2026-08-10","P2"
"https://www.enhe-tech.com.cn/ai-news/github-copilot-cli-ai","runtime sitemap","zh","news_detail","public","unknown","unknown","unknown","unknown","runtime alternates; inspect per URL","yes","indexable if 200+self-canonical","no","public","keep_and_upgrade","/ai-news/github-copilot-cli-ai","public content family","sitemap.xml fetched 2026-08-10","P2"
"https://www.enhe-tech.com.cn/en/ai-news/github-copilot-cli-ai","runtime sitemap","en","news_detail","public","unknown","unknown","unknown","unknown","runtime alternates; inspect per URL","yes","indexable if 200+self-canonical","no","public","keep_and_upgrade","/en/ai-news/github-copilot-cli-ai","public content family","sitemap.xml fetched 2026-08-10","P2"
"https://www.enhe-tech.com.cn/ai-news/chatbox-to-personal-ai-companion-desktop-execution","runtime sitemap","zh","news_detail","public","unknown","unknown","unknown","unknown","runtime alternates; inspect per URL","yes","indexable if 200+self-canonical","no","public","keep_and_upgrade","/ai-news/chatbox-to-personal-ai-companion-desktop-execution","public content family","sitemap.xml fetched 2026-08-10","P2"
"https://www.enhe-tech.com.cn/en/ai-news/chatbox-to-personal-ai-companion-desktop-execution","runtime sitemap","en","news_detail","public","unknown","unknown","unknown","unknown","runtime alternates; inspect per URL","yes","indexable if 200+self-canonical","no","public","keep_and_upgrade","/en/ai-news/chatbox-to-personal-ai-companion-desktop-execution","public content family","sitemap.xml fetched 2026-08-10","P2"
"https://www.enhe-tech.com.cn/ai-news/windows-ai","runtime sitemap","zh","news_detail","public","unknown","unknown","unknown","unknown","runtime alternates; inspect per URL","yes","indexable if 200+self-canonical","no","public","keep_and_upgrade","/ai-news/windows-ai","public content family","sitemap.xml fetched 2026-08-10","P2"
"https://www.enhe-tech.com.cn/en/ai-news/windows-ai","runtime sitemap","en","news_detail","public","unknown","unknown","unknown","unknown","runtime alternates; inspect per URL","yes","indexable if 200+self-canonical","no","public","keep_and_upgrade","/en/ai-news/windows-ai","public content family","sitemap.xml fetched 2026-08-10","P2"
"https://www.enhe-tech.com.cn/ai-news/openai-codex-ai","runtime sitemap","zh","news_detail","public","unknown","unknown","unknown","unknown","runtime alternates; inspect per URL","yes","indexable if 200+self-canonical","no","public","keep_and_upgrade","/ai-news/openai-codex-ai","public content family","sitemap.xml fetched 2026-08-10","P2"
"https://www.enhe-tech.com.cn/en/ai-news/openai-codex-ai","runtime sitemap","en","news_detail","public","unknown","unknown","unknown","unknown","runtime alternates; inspect per URL","yes","indexable if 200+self-canonical","no","public","keep_and_upgrade","/en/ai-news/openai-codex-ai","public content family","sitemap.xml fetched 2026-08-10","P2"
"https://www.enhe-tech.com.cn/ai-news/enhe-ai-tool-station-user-guide","runtime sitemap","zh","news_detail","public","unknown","unknown","unknown","unknown","runtime alternates; inspect per URL","yes","indexable if 200+self-canonical","no","public","keep_and_upgrade","/ai-news/enhe-ai-tool-station-user-guide","public content family","sitemap.xml fetched 2026-08-10","P2"
"https://www.enhe-tech.com.cn/en/ai-news/enhe-ai-tool-station-user-guide","runtime sitemap","en","news_detail","public","unknown","unknown","unknown","unknown","runtime alternates; inspect per URL","yes","indexable if 200+self-canonical","no","public","keep_and_upgrade","/en/ai-news/enhe-ai-tool-station-user-guide","public content family","sitemap.xml fetched 2026-08-10","P2"
"https://www.enhe-tech.com.cn/ai-news/openai-broadcom-jalape-o","runtime sitemap","zh","news_detail","public","unknown","unknown","unknown","unknown","runtime alternates; inspect per URL","yes","indexable if 200+self-canonical","no","public","keep_and_upgrade","/ai-news/openai-broadcom-jalape-o","public content family","sitemap.xml fetched 2026-08-10","P2"
"https://www.enhe-tech.com.cn/en/ai-news/openai-broadcom-jalape-o","runtime sitemap","en","news_detail","public","unknown","unknown","unknown","unknown","runtime alternates; inspect per URL","yes","indexable if 200+self-canonical","no","public","keep_and_upgrade","/en/ai-news/openai-broadcom-jalape-o","public content family","sitemap.xml fetched 2026-08-10","P2"
"https://www.enhe-tech.com.cn/ai-news/enhe-ai-ai","runtime sitemap","zh","news_detail","public","unknown","unknown","unknown","unknown","runtime alternates; inspect per URL","yes","indexable if 200+self-canonical","no","public","keep_and_upgrade","/ai-news/enhe-ai-ai","public content family","sitemap.xml fetched 2026-08-10","P2"
"https://www.enhe-tech.com.cn/en/ai-news/enhe-ai-ai","runtime sitemap","en","news_detail","public","unknown","unknown","unknown","unknown","runtime alternates; inspect per URL","yes","indexable if 200+self-canonical","no","public","keep_and_upgrade","/en/ai-news/enhe-ai-ai","public content family","sitemap.xml fetched 2026-08-10","P2"
"https://www.enhe-tech.com.cn/ai-news/claude-reflect-ai-6","runtime sitemap","zh","news_detail","public","unknown","unknown","unknown","unknown","runtime alternates; inspect per URL","yes","indexable if 200+self-canonical","no","public","keep_and_upgrade","/ai-news/claude-reflect-ai-6","public content family","sitemap.xml fetched 2026-08-10","P2"
"https://www.enhe-tech.com.cn/en/ai-news/claude-reflect-ai-6","runtime sitemap","en","news_detail","public","unknown","unknown","unknown","unknown","runtime alternates; inspect per URL","yes","indexable if 200+self-canonical","no","public","keep_and_upgrade","/en/ai-news/claude-reflect-ai-6","public content family","sitemap.xml fetched 2026-08-10","P2"
"https://www.enhe-tech.com.cn/ai-news/what-is-an-ai-agent-and-how-is-it-different-from-a-chatbot","runtime sitemap","zh","news_detail","public","unknown","unknown","unknown","unknown","runtime alternates; inspect per URL","yes","indexable if 200+self-canonical","no","public","keep_and_upgrade","/ai-news/what-is-an-ai-agent-and-how-is-it-different-from-a-chatbot","public content family","sitemap.xml fetched 2026-08-10","P2"
"https://www.enhe-tech.com.cn/en/ai-news/what-is-an-ai-agent-and-how-is-it-different-from-a-chatbot","runtime sitemap","en","news_detail","public","unknown","unknown","unknown","unknown","runtime alternates; inspect per URL","yes","indexable if 200+self-canonical","no","public","keep_and_upgrade","/en/ai-news/what-is-an-ai-agent-and-how-is-it-different-from-a-chatbot","public content family","sitemap.xml fetched 2026-08-10","P2"
"https://www.enhe-tech.com.cn/ai-news/kimi-k3-qwen3-8-max-preview","runtime sitemap","zh","news_detail","public","unknown","unknown","unknown","unknown","runtime alternates; inspect per URL","yes","indexable if 200+self-canonical","no","public","keep_and_upgrade","/ai-news/kimi-k3-qwen3-8-max-preview","public content family","sitemap.xml fetched 2026-08-10","P2"
"https://www.enhe-tech.com.cn/en/ai-news/kimi-k3-qwen3-8-max-preview","runtime sitemap","en","news_detail","public","unknown","unknown","unknown","unknown","runtime alternates; inspect per URL","yes","indexable if 200+self-canonical","no","public","keep_and_upgrade","/en/ai-news/kimi-k3-qwen3-8-max-preview","public content family","sitemap.xml fetched 2026-08-10","P2"
"https://www.enhe-tech.com.cn/ai-news/chatgpt-enterprise-codex-ai","runtime sitemap","zh","news_detail","public","unknown","unknown","unknown","unknown","runtime alternates; inspect per URL","yes","indexable if 200+self-canonical","no","public","keep_and_upgrade","/ai-news/chatgpt-enterprise-codex-ai","public content family","sitemap.xml fetched 2026-08-10","P2"
"https://www.enhe-tech.com.cn/en/ai-news/chatgpt-enterprise-codex-ai","runtime sitemap","en","news_detail","public","unknown","unknown","unknown","unknown","runtime alternates; inspect per URL","yes","indexable if 200+self-canonical","no","public","keep_and_upgrade","/en/ai-news/chatgpt-enterprise-codex-ai","public content family","sitemap.xml fetched 2026-08-10","P2"
"https://www.enhe-tech.com.cn/ai-news/ai-4","runtime sitemap","zh","news_detail","public","unknown","unknown","unknown","unknown","runtime alternates; inspect per URL","yes","indexable if 200+self-canonical","no","public","keep_and_upgrade","/ai-news/ai-4","public content family","sitemap.xml fetched 2026-08-10","P2"
"https://www.enhe-tech.com.cn/en/ai-news/ai-4","runtime sitemap","en","news_detail","public","unknown","unknown","unknown","unknown","runtime alternates; inspect per URL","yes","indexable if 200+self-canonical","no","public","keep_and_upgrade","/en/ai-news/ai-4","public content family","sitemap.xml fetched 2026-08-10","P2"
"https://www.enhe-tech.com.cn/ai-news/ai-ai-2","runtime sitemap","zh","news_detail","public","unknown","unknown","unknown","unknown","runtime alternates; inspect per URL","yes","indexable if 200+self-canonical","no","public","keep_and_upgrade","/ai-news/ai-ai-2","public content family","sitemap.xml fetched 2026-08-10","P2"
"https://www.enhe-tech.com.cn/en/ai-news/ai-ai-2","runtime sitemap","en","news_detail","public","unknown","unknown","unknown","unknown","runtime alternates; inspect per URL","yes","indexable if 200+self-canonical","no","public","keep_and_upgrade","/en/ai-news/ai-ai-2","public content family","sitemap.xml fetched 2026-08-10","P2"
"https://www.enhe-tech.com.cn/ai-news/cisa-ai-ai","runtime sitemap","zh","news_detail","public","unknown","unknown","unknown","unknown","runtime alternates; inspect per URL","yes","indexable if 200+self-canonical","no","public","keep_and_upgrade","/ai-news/cisa-ai-ai","public content family","sitemap.xml fetched 2026-08-10","P2"
"https://www.enhe-tech.com.cn/en/ai-news/cisa-ai-ai","runtime sitemap","en","news_detail","public","unknown","unknown","unknown","unknown","runtime alternates; inspect per URL","yes","indexable if 200+self-canonical","no","public","keep_and_upgrade","/en/ai-news/cisa-ai-ai","public content family","sitemap.xml fetched 2026-08-10","P2"
"https://www.enhe-tech.com.cn/ai-news/enhe-ai-ai-2","runtime sitemap","zh","news_detail","public","unknown","unknown","unknown","unknown","runtime alternates; inspect per URL","yes","indexable if 200+self-canonical","no","public","keep_and_upgrade","/ai-news/enhe-ai-ai-2","public content family","sitemap.xml fetched 2026-08-10","P2"
"https://www.enhe-tech.com.cn/en/ai-news/enhe-ai-ai-2","runtime sitemap","en","news_detail","public","unknown","unknown","unknown","unknown","runtime alternates; inspect per URL","yes","indexable if 200+self-canonical","no","public","keep_and_upgrade","/en/ai-news/enhe-ai-ai-2","public content family","sitemap.xml fetched 2026-08-10","P2"
"https://www.enhe-tech.com.cn/ai-news/five-eyes-ai-ai","runtime sitemap","zh","news_detail","public","unknown","unknown","unknown","unknown","runtime alternates; inspect per URL","yes","indexable if 200+self-canonical","no","public","keep_and_upgrade","/ai-news/five-eyes-ai-ai","public content family","sitemap.xml fetched 2026-08-10","P2"
"https://www.enhe-tech.com.cn/en/ai-news/five-eyes-ai-ai","runtime sitemap","en","news_detail","public","unknown","unknown","unknown","unknown","runtime alternates; inspect per URL","yes","indexable if 200+self-canonical","no","public","keep_and_upgrade","/en/ai-news/five-eyes-ai-ai","public content family","sitemap.xml fetched 2026-08-10","P2"
"https://www.enhe-tech.com.cn/ai-news/ai-7","runtime sitemap","zh","news_detail","public","unknown","unknown","unknown","unknown","runtime alternates; inspect per URL","yes","indexable if 200+self-canonical","no","public","keep_and_upgrade","/ai-news/ai-7","public content family","sitemap.xml fetched 2026-08-10","P2"
"https://www.enhe-tech.com.cn/en/ai-news/ai-7","runtime sitemap","en","news_detail","public","unknown","unknown","unknown","unknown","runtime alternates; inspect per URL","yes","indexable if 200+self-canonical","no","public","keep_and_upgrade","/en/ai-news/ai-7","public content family","sitemap.xml fetched 2026-08-10","P2"
"https://www.enhe-tech.com.cn/ai-news/enhe-ai-mcpready-entity-guide-github-mcp","runtime sitemap","zh","news_detail","public","unknown","unknown","unknown","unknown","runtime alternates; inspect per URL","yes","indexable if 200+self-canonical","no","public","keep_and_upgrade","/ai-news/enhe-ai-mcpready-entity-guide-github-mcp","public content family","sitemap.xml fetched 2026-08-10","P2"
"https://www.enhe-tech.com.cn/en/ai-news/enhe-ai-mcpready-entity-guide-github-mcp","runtime sitemap","en","news_detail","public","unknown","unknown","unknown","unknown","runtime alternates; inspect per URL","yes","indexable if 200+self-canonical","no","public","keep_and_upgrade","/en/ai-news/enhe-ai-mcpready-entity-guide-github-mcp","public content family","sitemap.xml fetched 2026-08-10","P2"
"https://www.enhe-tech.com.cn/ai-news/ai-github-copilot-review","runtime sitemap","zh","news_detail","public","unknown","unknown","unknown","unknown","runtime alternates; inspect per URL","yes","indexable if 200+self-canonical","no","public","keep_and_upgrade","/ai-news/ai-github-copilot-review","public content family","sitemap.xml fetched 2026-08-10","P2"
"https://www.enhe-tech.com.cn/en/ai-news/ai-github-copilot-review","runtime sitemap","en","news_detail","public","unknown","unknown","unknown","unknown","runtime alternates; inspect per URL","yes","indexable if 200+self-canonical","no","public","keep_and_upgrade","/en/ai-news/ai-github-copilot-review","public content family","sitemap.xml fetched 2026-08-10","P2"
"https://www.enhe-tech.com.cn/ai-news/enhe-ai-ai-3","runtime sitemap","zh","news_detail","public","unknown","unknown","unknown","unknown","runtime alternates; inspect per URL","yes","indexable if 200+self-canonical","no","public","keep_and_upgrade","/ai-news/enhe-ai-ai-3","public content family","sitemap.xml fetched 2026-08-10","P2"
"https://www.enhe-tech.com.cn/en/ai-news/enhe-ai-ai-3","runtime sitemap","en","news_detail","public","unknown","unknown","unknown","unknown","runtime alternates; inspect per URL","yes","indexable if 200+self-canonical","no","public","keep_and_upgrade","/en/ai-news/enhe-ai-ai-3","public content family","sitemap.xml fetched 2026-08-10","P2"
"https://www.enhe-tech.com.cn/ai-news/mcp-stateless-server-mcp","runtime sitemap","zh","news_detail","public","unknown","unknown","unknown","unknown","runtime alternates; inspect per URL","yes","indexable if 200+self-canonical","no","public","keep_and_upgrade","/ai-news/mcp-stateless-server-mcp","public content family","sitemap.xml fetched 2026-08-10","P2"
"https://www.enhe-tech.com.cn/en/ai-news/mcp-stateless-server-mcp","runtime sitemap","en","news_detail","public","unknown","unknown","unknown","unknown","runtime alternates; inspect per URL","yes","indexable if 200+self-canonical","no","public","keep_and_upgrade","/en/ai-news/mcp-stateless-server-mcp","public content family","sitemap.xml fetched 2026-08-10","P2"
"https://www.enhe-tech.com.cn/ai-news/agentic-overlay-ai","runtime sitemap","zh","news_detail","public","unknown","unknown","unknown","unknown","runtime alternates; inspect per URL","yes","indexable if 200+self-canonical","no","public","keep_and_upgrade","/ai-news/agentic-overlay-ai","public content family","sitemap.xml fetched 2026-08-10","P2"
"https://www.enhe-tech.com.cn/en/ai-news/agentic-overlay-ai","runtime sitemap","en","news_detail","public","unknown","unknown","unknown","unknown","runtime alternates; inspect per URL","yes","indexable if 200+self-canonical","no","public","keep_and_upgrade","/en/ai-news/agentic-overlay-ai","public content family","sitemap.xml fetched 2026-08-10","P2"
"https://www.enhe-tech.com.cn/ai-news/ai-6","runtime sitemap","zh","news_detail","public","unknown","unknown","unknown","unknown","runtime alternates; inspect per URL","yes","indexable if 200+self-canonical","no","public","keep_and_upgrade","/ai-news/ai-6","public content family","sitemap.xml fetched 2026-08-10","P2"
"https://www.enhe-tech.com.cn/en/ai-news/ai-6","runtime sitemap","en","news_detail","public","unknown","unknown","unknown","unknown","runtime alternates; inspect per URL","yes","indexable if 200+self-canonical","no","public","keep_and_upgrade","/en/ai-news/ai-6","public content family","sitemap.xml fetched 2026-08-10","P2"
"https://www.enhe-tech.com.cn/ai-news/github-desktop-3-6-ai","runtime sitemap","zh","news_detail","public","unknown","unknown","unknown","unknown","runtime alternates; inspect per URL","yes","indexable if 200+self-canonical","no","public","keep_and_upgrade","/ai-news/github-desktop-3-6-ai","public content family","sitemap.xml fetched 2026-08-10","P2"
"https://www.enhe-tech.com.cn/en/ai-news/github-desktop-3-6-ai","runtime sitemap","en","news_detail","public","unknown","unknown","unknown","unknown","runtime alternates; inspect per URL","yes","indexable if 200+self-canonical","no","public","keep_and_upgrade","/en/ai-news/github-desktop-3-6-ai","public content family","sitemap.xml fetched 2026-08-10","P2"
"https://www.enhe-tech.com.cn/ai-news/enhe-ai-ai-4","runtime sitemap","zh","news_detail","public","unknown","unknown","unknown","unknown","runtime alternates; inspect per URL","yes","indexable if 200+self-canonical","no","public","keep_and_upgrade","/ai-news/enhe-ai-ai-4","public content family","sitemap.xml fetched 2026-08-10","P2"
"https://www.enhe-tech.com.cn/en/ai-news/enhe-ai-ai-4","runtime sitemap","en","news_detail","public","unknown","unknown","unknown","unknown","runtime alternates; inspect per URL","yes","indexable if 200+self-canonical","no","public","keep_and_upgrade","/en/ai-news/enhe-ai-ai-4","public content family","sitemap.xml fetched 2026-08-10","P2"
"https://www.enhe-tech.com.cn/ai-news/github-desktop-3-6-worktrees-copilot-ai","runtime sitemap","zh","news_detail","public","unknown","unknown","unknown","unknown","runtime alternates; inspect per URL","yes","indexable if 200+self-canonical","no","public","keep_and_upgrade","/ai-news/github-desktop-3-6-worktrees-copilot-ai","public content family","sitemap.xml fetched 2026-08-10","P2"
"https://www.enhe-tech.com.cn/en/ai-news/github-desktop-3-6-worktrees-copilot-ai","runtime sitemap","en","news_detail","public","unknown","unknown","unknown","unknown","runtime alternates; inspect per URL","yes","indexable if 200+self-canonical","no","public","keep_and_upgrade","/en/ai-news/github-desktop-3-6-worktrees-copilot-ai","public content family","sitemap.xml fetched 2026-08-10","P2"
"https://www.enhe-tech.com.cn/ai-news/ai-5","runtime sitemap","zh","news_detail","public","unknown","unknown","unknown","unknown","runtime alternates; inspect per URL","yes","indexable if 200+self-canonical","no","public","keep_and_upgrade","/ai-news/ai-5","public content family","sitemap.xml fetched 2026-08-10","P2"
"https://www.enhe-tech.com.cn/en/ai-news/ai-5","runtime sitemap","en","news_detail","public","unknown","unknown","unknown","unknown","runtime alternates; inspect per URL","yes","indexable if 200+self-canonical","no","public","keep_and_upgrade","/en/ai-news/ai-5","public content family","sitemap.xml fetched 2026-08-10","P2"
"https://www.enhe-tech.com.cn/ai-news/ai-github-desktop","runtime sitemap","zh","news_detail","public","unknown","unknown","unknown","unknown","runtime alternates; inspect per URL","yes","indexable if 200+self-canonical","no","public","keep_and_upgrade","/ai-news/ai-github-desktop","public content family","sitemap.xml fetched 2026-08-10","P2"
"https://www.enhe-tech.com.cn/en/ai-news/ai-github-desktop","runtime sitemap","en","news_detail","public","unknown","unknown","unknown","unknown","runtime alternates; inspect per URL","yes","indexable if 200+self-canonical","no","public","keep_and_upgrade","/en/ai-news/ai-github-desktop","public content family","sitemap.xml fetched 2026-08-10","P2"
"https://www.enhe-tech.com.cn/ai-news/enhe-ai-ai-5","runtime sitemap","zh","news_detail","public","unknown","unknown","unknown","unknown","runtime alternates; inspect per URL","yes","indexable if 200+self-canonical","no","public","keep_and_upgrade","/ai-news/enhe-ai-ai-5","public content family","sitemap.xml fetched 2026-08-10","P2"
"https://www.enhe-tech.com.cn/en/ai-news/enhe-ai-ai-5","runtime sitemap","en","news_detail","public","unknown","unknown","unknown","unknown","runtime alternates; inspect per URL","yes","indexable if 200+self-canonical","no","public","keep_and_upgrade","/en/ai-news/enhe-ai-ai-5","public content family","sitemap.xml fetched 2026-08-10","P2"
"https://www.enhe-tech.com.cn/ai-news/agentic-ai-2","runtime sitemap","zh","news_detail","public","unknown","unknown","unknown","unknown","runtime alternates; inspect per URL","yes","indexable if 200+self-canonical","no","public","keep_and_upgrade","/ai-news/agentic-ai-2","public content family","sitemap.xml fetched 2026-08-10","P2"
"https://www.enhe-tech.com.cn/en/ai-news/agentic-ai-2","runtime sitemap","en","news_detail","public","unknown","unknown","unknown","unknown","runtime alternates; inspect per URL","yes","indexable if 200+self-canonical","no","public","keep_and_upgrade","/en/ai-news/agentic-ai-2","public content family","sitemap.xml fetched 2026-08-10","P2"
"https://www.enhe-tech.com.cn/ai-news/enhe-ai-codex","runtime sitemap","zh","news_detail","public","unknown","unknown","unknown","unknown","runtime alternates; inspect per URL","yes","indexable if 200+self-canonical","no","public","keep_and_upgrade","/ai-news/enhe-ai-codex","public content family","sitemap.xml fetched 2026-08-10","P2"
"https://www.enhe-tech.com.cn/en/ai-news/enhe-ai-codex","runtime sitemap","en","news_detail","public","unknown","unknown","unknown","unknown","runtime alternates; inspect per URL","yes","indexable if 200+self-canonical","no","public","keep_and_upgrade","/en/ai-news/enhe-ai-codex","public content family","sitemap.xml fetched 2026-08-10","P2"
"https://www.enhe-tech.com.cn/ai-news/ai-6-2","runtime sitemap","zh","news_detail","public","unknown","unknown","unknown","unknown","runtime alternates; inspect per URL","yes","indexable if 200+self-canonical","no","public","keep_and_upgrade","/ai-news/ai-6-2","public content family","sitemap.xml fetched 2026-08-10","P2"
"https://www.enhe-tech.com.cn/en/ai-news/ai-6-2","runtime sitemap","en","news_detail","public","unknown","unknown","unknown","unknown","runtime alternates; inspect per URL","yes","indexable if 200+self-canonical","no","public","keep_and_upgrade","/en/ai-news/ai-6-2","public content family","sitemap.xml fetched 2026-08-10","P2"
"https://www.enhe-tech.com.cn/ai-news/codex-ai","runtime sitemap","zh","news_detail","public","unknown","unknown","unknown","unknown","runtime alternates; inspect per URL","yes","indexable if 200+self-canonical","no","public","keep_and_upgrade","/ai-news/codex-ai","public content family","sitemap.xml fetched 2026-08-10","P2"
"https://www.enhe-tech.com.cn/en/ai-news/codex-ai","runtime sitemap","en","news_detail","public","unknown","unknown","unknown","unknown","runtime alternates; inspect per URL","yes","indexable if 200+self-canonical","no","public","keep_and_upgrade","/en/ai-news/codex-ai","public content family","sitemap.xml fetched 2026-08-10","P2"
"https://www.enhe-tech.com.cn/ai-news/how-to-choose-an-ai-coding-agent","runtime sitemap","zh","news_detail","public","unknown","unknown","unknown","unknown","runtime alternates; inspect per URL","yes","indexable if 200+self-canonical","no","public","keep_and_upgrade","/ai-news/how-to-choose-an-ai-coding-agent","public content family","sitemap.xml fetched 2026-08-10","P2"
"https://www.enhe-tech.com.cn/en/ai-news/how-to-choose-an-ai-coding-agent","runtime sitemap","en","news_detail","public","unknown","unknown","unknown","unknown","runtime alternates; inspect per URL","yes","indexable if 200+self-canonical","no","public","keep_and_upgrade","/en/ai-news/how-to-choose-an-ai-coding-agent","public content family","sitemap.xml fetched 2026-08-10","P2"
"https://www.enhe-tech.com.cn/ai-news/anthropic-claude-ai","runtime sitemap","zh","news_detail","public","unknown","unknown","unknown","unknown","runtime alternates; inspect per URL","yes","indexable if 200+self-canonical","no","public","keep_and_upgrade","/ai-news/anthropic-claude-ai","public content family","sitemap.xml fetched 2026-08-10","P2"
"https://www.enhe-tech.com.cn/en/ai-news/anthropic-claude-ai","runtime sitemap","en","news_detail","public","unknown","unknown","unknown","unknown","runtime alternates; inspect per URL","yes","indexable if 200+self-canonical","no","public","keep_and_upgrade","/en/ai-news/anthropic-claude-ai","public content family","sitemap.xml fetched 2026-08-10","P2"
"https://www.enhe-tech.com.cn/ai-news/openai-codex-ai-2","runtime sitemap","zh","news_detail","public","unknown","unknown","unknown","unknown","runtime alternates; inspect per URL","yes","indexable if 200+self-canonical","no","public","keep_and_upgrade","/ai-news/openai-codex-ai-2","public content family","sitemap.xml fetched 2026-08-10","P2"
"https://www.enhe-tech.com.cn/en/ai-news/openai-codex-ai-2","runtime sitemap","en","news_detail","public","unknown","unknown","unknown","unknown","runtime alternates; inspect per URL","yes","indexable if 200+self-canonical","no","public","keep_and_upgrade","/en/ai-news/openai-codex-ai-2","public content family","sitemap.xml fetched 2026-08-10","P2"
"https://www.enhe-tech.com.cn/ai-news/claude-ai-6","runtime sitemap","zh","news_detail","public","unknown","unknown","unknown","unknown","runtime alternates; inspect per URL","yes","indexable if 200+self-canonical","no","public","keep_and_upgrade","/ai-news/claude-ai-6","public content family","sitemap.xml fetched 2026-08-10","P2"
"https://www.enhe-tech.com.cn/en/ai-news/claude-ai-6","runtime sitemap","en","news_detail","public","unknown","unknown","unknown","unknown","runtime alternates; inspect per URL","yes","indexable if 200+self-canonical","no","public","keep_and_upgrade","/en/ai-news/claude-ai-6","public content family","sitemap.xml fetched 2026-08-10","P2"
"https://www.enhe-tech.com.cn/ai-news/github-vs-code-7-copilot-agents-window-claude-codex-copilot","runtime sitemap","zh","news_detail","public","unknown","unknown","unknown","unknown","runtime alternates; inspect per URL","yes","indexable if 200+self-canonical","no","public","keep_and_upgrade","/ai-news/github-vs-code-7-copilot-agents-window-claude-codex-copilot","public content family","sitemap.xml fetched 2026-08-10","P2"
"https://www.enhe-tech.com.cn/en/ai-news/github-vs-code-7-copilot-agents-window-claude-codex-copilot","runtime sitemap","en","news_detail","public","unknown","unknown","unknown","unknown","runtime alternates; inspect per URL","yes","indexable if 200+self-canonical","no","public","keep_and_upgrade","/en/ai-news/github-vs-code-7-copilot-agents-window-claude-codex-copilot","public content family","sitemap.xml fetched 2026-08-10","P2"
"https://www.enhe-tech.com.cn/ai-news/enhe-ai-claude-ai","runtime sitemap","zh","news_detail","public","unknown","unknown","unknown","unknown","runtime alternates; inspect per URL","yes","indexable if 200+self-canonical","no","public","keep_and_upgrade","/ai-news/enhe-ai-claude-ai","public content family","sitemap.xml fetched 2026-08-10","P2"
"https://www.enhe-tech.com.cn/en/ai-news/enhe-ai-claude-ai","runtime sitemap","en","news_detail","public","unknown","unknown","unknown","unknown","runtime alternates; inspect per URL","yes","indexable if 200+self-canonical","no","public","keep_and_upgrade","/en/ai-news/enhe-ai-claude-ai","public content family","sitemap.xml fetched 2026-08-10","P2"
"https://www.enhe-tech.com.cn/ai-news/ai-credit-ai","runtime sitemap","zh","news_detail","public","unknown","unknown","unknown","unknown","runtime alternates; inspect per URL","yes","indexable if 200+self-canonical","no","public","keep_and_upgrade","/ai-news/ai-credit-ai","public content family","sitemap.xml fetched 2026-08-10","P2"
"https://www.enhe-tech.com.cn/en/ai-news/ai-credit-ai","runtime sitemap","en","news_detail","public","unknown","unknown","unknown","unknown","runtime alternates; inspect per URL","yes","indexable if 200+self-canonical","no","public","keep_and_upgrade","/en/ai-news/ai-credit-ai","public content family","sitemap.xml fetched 2026-08-10","P2"
"https://www.enhe-tech.com.cn/ai-news/copilot-cli-github-token-ai-credit","runtime sitemap","zh","news_detail","public","unknown","unknown","unknown","unknown","runtime alternates; inspect per URL","yes","indexable if 200+self-canonical","no","public","keep_and_upgrade","/ai-news/copilot-cli-github-token-ai-credit","public content family","sitemap.xml fetched 2026-08-10","P2"
"https://www.enhe-tech.com.cn/en/ai-news/copilot-cli-github-token-ai-credit","runtime sitemap","en","news_detail","public","unknown","unknown","unknown","unknown","runtime alternates; inspect per URL","yes","indexable if 200+self-canonical","no","public","keep_and_upgrade","/en/ai-news/copilot-cli-github-token-ai-credit","public content family","sitemap.xml fetched 2026-08-10","P2"
"https://www.enhe-tech.com.cn/ai-news/what-is-ai-workflow-governance","runtime sitemap","zh","news_detail","public","unknown","unknown","unknown","unknown","runtime alternates; inspect per URL","yes","indexable if 200+self-canonical","no","public","keep_and_upgrade","/ai-news/what-is-ai-workflow-governance","public content family","sitemap.xml fetched 2026-08-10","P2"
"https://www.enhe-tech.com.cn/en/ai-news/what-is-ai-workflow-governance","runtime sitemap","en","news_detail","public","unknown","unknown","unknown","unknown","runtime alternates; inspect per URL","yes","indexable if 200+self-canonical","no","public","keep_and_upgrade","/en/ai-news/what-is-ai-workflow-governance","public content family","sitemap.xml fetched 2026-08-10","P2"
"https://www.enhe-tech.com.cn/ai-news/github-ai","runtime sitemap","zh","news_detail","public","unknown","unknown","unknown","unknown","runtime alternates; inspect per URL","yes","indexable if 200+self-canonical","no","public","keep_and_upgrade","/ai-news/github-ai","public content family","sitemap.xml fetched 2026-08-10","P2"
"https://www.enhe-tech.com.cn/en/ai-news/github-ai","runtime sitemap","en","news_detail","public","unknown","unknown","unknown","unknown","runtime alternates; inspect per URL","yes","indexable if 200+self-canonical","no","public","keep_and_upgrade","/en/ai-news/github-ai","public content family","sitemap.xml fetched 2026-08-10","P2"
"https://www.enhe-tech.com.cn/ai-news/claude-economic-index-ai-6","runtime sitemap","zh","news_detail","public","unknown","unknown","unknown","unknown","runtime alternates; inspect per URL","yes","indexable if 200+self-canonical","no","public","keep_and_upgrade","/ai-news/claude-economic-index-ai-6","public content family","sitemap.xml fetched 2026-08-10","P2"
"https://www.enhe-tech.com.cn/en/ai-news/claude-economic-index-ai-6","runtime sitemap","en","news_detail","public","unknown","unknown","unknown","unknown","runtime alternates; inspect per URL","yes","indexable if 200+self-canonical","no","public","keep_and_upgrade","/en/ai-news/claude-economic-index-ai-6","public content family","sitemap.xml fetched 2026-08-10","P2"
"https://www.enhe-tech.com.cn/ai-news/enhe-ai-copilot-byok-ai-credit","runtime sitemap","zh","news_detail","public","unknown","unknown","unknown","unknown","runtime alternates; inspect per URL","yes","indexable if 200+self-canonical","no","public","keep_and_upgrade","/ai-news/enhe-ai-copilot-byok-ai-credit","public content family","sitemap.xml fetched 2026-08-10","P2"
"https://www.enhe-tech.com.cn/en/ai-news/enhe-ai-copilot-byok-ai-credit","runtime sitemap","en","news_detail","public","unknown","unknown","unknown","unknown","runtime alternates; inspect per URL","yes","indexable if 200+self-canonical","no","public","keep_and_upgrade","/en/ai-news/enhe-ai-copilot-byok-ai-credit","public content family","sitemap.xml fetched 2026-08-10","P2"
"https://www.enhe-tech.com.cn/ai-news/hpe-nvidia-ai","runtime sitemap","zh","news_detail","public","unknown","unknown","unknown","unknown","runtime alternates; inspect per URL","yes","indexable if 200+self-canonical","no","public","keep_and_upgrade","/ai-news/hpe-nvidia-ai","public content family","sitemap.xml fetched 2026-08-10","P2"
"https://www.enhe-tech.com.cn/en/ai-news/hpe-nvidia-ai","runtime sitemap","en","news_detail","public","unknown","unknown","unknown","unknown","runtime alternates; inspect per URL","yes","indexable if 200+self-canonical","no","public","keep_and_upgrade","/en/ai-news/hpe-nvidia-ai","public content family","sitemap.xml fetched 2026-08-10","P2"
"https://www.enhe-tech.com.cn/ai-news/aws-agentic-overlay-ai","runtime sitemap","zh","news_detail","public","unknown","unknown","unknown","unknown","runtime alternates; inspect per URL","yes","indexable if 200+self-canonical","no","public","keep_and_upgrade","/ai-news/aws-agentic-overlay-ai","public content family","sitemap.xml fetched 2026-08-10","P2"
"https://www.enhe-tech.com.cn/en/ai-news/aws-agentic-overlay-ai","runtime sitemap","en","news_detail","public","unknown","unknown","unknown","unknown","runtime alternates; inspect per URL","yes","indexable if 200+self-canonical","no","public","keep_and_upgrade","/en/ai-news/aws-agentic-overlay-ai","public content family","sitemap.xml fetched 2026-08-10","P2"
"https://www.enhe-tech.com.cn/ai-news/github-copilot-lite-balanced","runtime sitemap","zh","news_detail","public","unknown","unknown","unknown","unknown","runtime alternates; inspect per URL","yes","indexable if 200+self-canonical","no","public","keep_and_upgrade","/ai-news/github-copilot-lite-balanced","public content family","sitemap.xml fetched 2026-08-10","P2"
"https://www.enhe-tech.com.cn/en/ai-news/github-copilot-lite-balanced","runtime sitemap","en","news_detail","public","unknown","unknown","unknown","unknown","runtime alternates; inspect per URL","yes","indexable if 200+self-canonical","no","public","keep_and_upgrade","/en/ai-news/github-copilot-lite-balanced","public content family","sitemap.xml fetched 2026-08-10","P2"
"https://www.enhe-tech.com.cn/ai-news/github-copilot-roi-pr","runtime sitemap","zh","news_detail","public","unknown","unknown","unknown","unknown","runtime alternates; inspect per URL","yes","indexable if 200+self-canonical","no","public","keep_and_upgrade","/ai-news/github-copilot-roi-pr","public content family","sitemap.xml fetched 2026-08-10","P2"
"https://www.enhe-tech.com.cn/en/ai-news/github-copilot-roi-pr","runtime sitemap","en","news_detail","public","unknown","unknown","unknown","unknown","runtime alternates; inspect per URL","yes","indexable if 200+self-canonical","no","public","keep_and_upgrade","/en/ai-news/github-copilot-roi-pr","public content family","sitemap.xml fetched 2026-08-10","P2"
"https://www.enhe-tech.com.cn/ai-news/anthropic-claude-opus-5-ai","runtime sitemap","zh","news_detail","public","unknown","unknown","unknown","unknown","runtime alternates; inspect per URL","yes","indexable if 200+self-canonical","no","public","keep_and_upgrade","/ai-news/anthropic-claude-opus-5-ai","public content family","sitemap.xml fetched 2026-08-10","P2"
"https://www.enhe-tech.com.cn/en/ai-news/anthropic-claude-opus-5-ai","runtime sitemap","en","news_detail","public","unknown","unknown","unknown","unknown","runtime alternates; inspect per URL","yes","indexable if 200+self-canonical","no","public","keep_and_upgrade","/en/ai-news/anthropic-claude-opus-5-ai","public content family","sitemap.xml fetched 2026-08-10","P2"
"https://www.enhe-tech.com.cn/ai-news/ai-6-3","runtime sitemap","zh","news_detail","public","unknown","unknown","unknown","unknown","runtime alternates; inspect per URL","yes","indexable if 200+self-canonical","no","public","keep_and_upgrade","/ai-news/ai-6-3","public content family","sitemap.xml fetched 2026-08-10","P2"
"https://www.enhe-tech.com.cn/en/ai-news/ai-6-3","runtime sitemap","en","news_detail","public","unknown","unknown","unknown","unknown","runtime alternates; inspect per URL","yes","indexable if 200+self-canonical","no","public","keep_and_upgrade","/en/ai-news/ai-6-3","public content family","sitemap.xml fetched 2026-08-10","P2"
"https://www.enhe-tech.com.cn/ai-news/ai-review-2","runtime sitemap","zh","news_detail","public","unknown","unknown","unknown","unknown","runtime alternates; inspect per URL","yes","indexable if 200+self-canonical","no","public","keep_and_upgrade","/ai-news/ai-review-2","public content family","sitemap.xml fetched 2026-08-10","P2"
"https://www.enhe-tech.com.cn/en/ai-news/ai-review-2","runtime sitemap","en","news_detail","public","unknown","unknown","unknown","unknown","runtime alternates; inspect per URL","yes","indexable if 200+self-canonical","no","public","keep_and_upgrade","/en/ai-news/ai-review-2","public content family","sitemap.xml fetched 2026-08-10","P2"
"https://www.enhe-tech.com.cn/ai-news/ai-ai-3","runtime sitemap","zh","news_detail","public","unknown","unknown","unknown","unknown","runtime alternates; inspect per URL","yes","indexable if 200+self-canonical","no","public","keep_and_upgrade","/ai-news/ai-ai-3","public content family","sitemap.xml fetched 2026-08-10","P2"
"https://www.enhe-tech.com.cn/en/ai-news/ai-ai-3","runtime sitemap","en","news_detail","public","unknown","unknown","unknown","unknown","runtime alternates; inspect per URL","yes","indexable if 200+self-canonical","no","public","keep_and_upgrade","/en/ai-news/ai-ai-3","public content family","sitemap.xml fetched 2026-08-10","P2"
"https://www.enhe-tech.com.cn/ai-news/anthropic-ai","runtime sitemap","zh","news_detail","public","unknown","unknown","unknown","unknown","runtime alternates; inspect per URL","yes","indexable if 200+self-canonical","no","public","keep_and_upgrade","/ai-news/anthropic-ai","public content family","sitemap.xml fetched 2026-08-10","P2"
"https://www.enhe-tech.com.cn/en/ai-news/anthropic-ai","runtime sitemap","en","news_detail","public","unknown","unknown","unknown","unknown","runtime alternates; inspect per URL","yes","indexable if 200+self-canonical","no","public","keep_and_upgrade","/en/ai-news/anthropic-ai","public content family","sitemap.xml fetched 2026-08-10","P2"
"https://www.enhe-tech.com.cn/ai-news/github-api-claude-codex-agent","runtime sitemap","zh","news_detail","public","unknown","unknown","unknown","unknown","runtime alternates; inspect per URL","yes","indexable if 200+self-canonical","no","public","keep_and_upgrade","/ai-news/github-api-claude-codex-agent","public content family","sitemap.xml fetched 2026-08-10","P2"
"https://www.enhe-tech.com.cn/en/ai-news/github-api-claude-codex-agent","runtime sitemap","en","news_detail","public","unknown","unknown","unknown","unknown","runtime alternates; inspect per URL","yes","indexable if 200+self-canonical","no","public","keep_and_upgrade","/en/ai-news/github-api-claude-codex-agent","public content family","sitemap.xml fetched 2026-08-10","P2"
"https://www.enhe-tech.com.cn/ai-news/ai-ai-4","runtime sitemap","zh","news_detail","public","unknown","unknown","unknown","unknown","runtime alternates; inspect per URL","yes","indexable if 200+self-canonical","no","public","keep_and_upgrade","/ai-news/ai-ai-4","public content family","sitemap.xml fetched 2026-08-10","P2"
"https://www.enhe-tech.com.cn/en/ai-news/ai-ai-4","runtime sitemap","en","news_detail","public","unknown","unknown","unknown","unknown","runtime alternates; inspect per URL","yes","indexable if 200+self-canonical","no","public","keep_and_upgrade","/en/ai-news/ai-ai-4","public content family","sitemap.xml fetched 2026-08-10","P2"
"https://www.enhe-tech.com.cn/ai-news/enhe-ai-fable-5-ai","runtime sitemap","zh","news_detail","public","unknown","unknown","unknown","unknown","runtime alternates; inspect per URL","yes","indexable if 200+self-canonical","no","public","keep_and_upgrade","/ai-news/enhe-ai-fable-5-ai","public content family","sitemap.xml fetched 2026-08-10","P2"
"https://www.enhe-tech.com.cn/en/ai-news/enhe-ai-fable-5-ai","runtime sitemap","en","news_detail","public","unknown","unknown","unknown","unknown","runtime alternates; inspect per URL","yes","indexable if 200+self-canonical","no","public","keep_and_upgrade","/en/ai-news/enhe-ai-fable-5-ai","public content family","sitemap.xml fetched 2026-08-10","P2"
"https://www.enhe-tech.com.cn/ai-news/enhe-ai-claude-science-ai","runtime sitemap","zh","news_detail","public","unknown","unknown","unknown","unknown","runtime alternates; inspect per URL","yes","indexable if 200+self-canonical","no","public","keep_and_upgrade","/ai-news/enhe-ai-claude-science-ai","public content family","sitemap.xml fetched 2026-08-10","P2"
"https://www.enhe-tech.com.cn/en/ai-news/enhe-ai-claude-science-ai","runtime sitemap","en","news_detail","public","unknown","unknown","unknown","unknown","runtime alternates; inspect per URL","yes","indexable if 200+self-canonical","no","public","keep_and_upgrade","/en/ai-news/enhe-ai-claude-science-ai","public content family","sitemap.xml fetched 2026-08-10","P2"
"https://www.enhe-tech.com.cn/ai-news/choose-ai-workbench-tools","runtime sitemap","zh","news_detail","public","unknown","unknown","unknown","unknown","runtime alternates; inspect per URL","yes","indexable if 200+self-canonical","no","public","keep_and_upgrade","/ai-news/choose-ai-workbench-tools","public content family","sitemap.xml fetched 2026-08-10","P2"
"https://www.enhe-tech.com.cn/en/ai-news/choose-ai-workbench-tools","runtime sitemap","en","news_detail","public","unknown","unknown","unknown","unknown","runtime alternates; inspect per URL","yes","indexable if 200+self-canonical","no","public","keep_and_upgrade","/en/ai-news/choose-ai-workbench-tools","public content family","sitemap.xml fetched 2026-08-10","P2"
"https://www.enhe-tech.com.cn/ai-news/ai-tools-move-to-domain-workbenches","runtime sitemap","zh","news_detail","public","unknown","unknown","unknown","unknown","runtime alternates; inspect per URL","yes","indexable if 200+self-canonical","no","public","keep_and_upgrade","/ai-news/ai-tools-move-to-domain-workbenches","public content family","sitemap.xml fetched 2026-08-10","P2"
"https://www.enhe-tech.com.cn/en/ai-news/ai-tools-move-to-domain-workbenches","runtime sitemap","en","news_detail","public","unknown","unknown","unknown","unknown","runtime alternates; inspect per URL","yes","indexable if 200+self-canonical","no","public","keep_and_upgrade","/en/ai-news/ai-tools-move-to-domain-workbenches","public content family","sitemap.xml fetched 2026-08-10","P2"
"https://www.enhe-tech.com.cn/ai-news/fable-5-ai","runtime sitemap","zh","news_detail","public","unknown","unknown","unknown","unknown","runtime alternates; inspect per URL","yes","indexable if 200+self-canonical","no","public","keep_and_upgrade","/ai-news/fable-5-ai","public content family","sitemap.xml fetched 2026-08-10","P2"
"https://www.enhe-tech.com.cn/en/ai-news/fable-5-ai","runtime sitemap","en","news_detail","public","unknown","unknown","unknown","unknown","runtime alternates; inspect per URL","yes","indexable if 200+self-canonical","no","public","keep_and_upgrade","/en/ai-news/fable-5-ai","public content family","sitemap.xml fetched 2026-08-10","P2"
"https://www.enhe-tech.com.cn/ai-news/copilot-otel-ai","runtime sitemap","zh","news_detail","public","unknown","unknown","unknown","unknown","runtime alternates; inspect per URL","yes","indexable if 200+self-canonical","no","public","keep_and_upgrade","/ai-news/copilot-otel-ai","public content family","sitemap.xml fetched 2026-08-10","P2"
"https://www.enhe-tech.com.cn/en/ai-news/copilot-otel-ai","runtime sitemap","en","news_detail","public","unknown","unknown","unknown","unknown","runtime alternates; inspect per URL","yes","indexable if 200+self-canonical","no","public","keep_and_upgrade","/en/ai-news/copilot-otel-ai","public content family","sitemap.xml fetched 2026-08-10","P2"
"https://www.enhe-tech.com.cn/ai-news/anthropic-claude-science-ai","runtime sitemap","zh","news_detail","public","unknown","unknown","unknown","unknown","runtime alternates; inspect per URL","yes","indexable if 200+self-canonical","no","public","keep_and_upgrade","/ai-news/anthropic-claude-science-ai","public content family","sitemap.xml fetched 2026-08-10","P2"
"https://www.enhe-tech.com.cn/en/ai-news/anthropic-claude-science-ai","runtime sitemap","en","news_detail","public","unknown","unknown","unknown","unknown","runtime alternates; inspect per URL","yes","indexable if 200+self-canonical","no","public","keep_and_upgrade","/en/ai-news/anthropic-claude-science-ai","public content family","sitemap.xml fetched 2026-08-10","P2"
"https://www.enhe-tech.com.cn/ai-news/aws-agentcore-runtime-ai-14","runtime sitemap","zh","news_detail","public","unknown","unknown","unknown","unknown","runtime alternates; inspect per URL","yes","indexable if 200+self-canonical","no","public","keep_and_upgrade","/ai-news/aws-agentcore-runtime-ai-14","public content family","sitemap.xml fetched 2026-08-10","P2"
"https://www.enhe-tech.com.cn/en/ai-news/aws-agentcore-runtime-ai-14","runtime sitemap","en","news_detail","public","unknown","unknown","unknown","unknown","runtime alternates; inspect per URL","yes","indexable if 200+self-canonical","no","public","keep_and_upgrade","/en/ai-news/aws-agentcore-runtime-ai-14","public content family","sitemap.xml fetched 2026-08-10","P2"
"https://www.enhe-tech.com.cn/ai-news/ai-kimi-k2-7-code-copilot","runtime sitemap","zh","news_detail","public","unknown","unknown","unknown","unknown","runtime alternates; inspect per URL","yes","indexable if 200+self-canonical","no","public","keep_and_upgrade","/ai-news/ai-kimi-k2-7-code-copilot","public content family","sitemap.xml fetched 2026-08-10","P2"
"https://www.enhe-tech.com.cn/en/ai-news/ai-kimi-k2-7-code-copilot","runtime sitemap","en","news_detail","public","unknown","unknown","unknown","unknown","runtime alternates; inspect per URL","yes","indexable if 200+self-canonical","no","public","keep_and_upgrade","/en/ai-news/ai-kimi-k2-7-code-copilot","public content family","sitemap.xml fetched 2026-08-10","P2"
"https://www.enhe-tech.com.cn/ai-news/enhe-ai-kimi-copilot-ai","runtime sitemap","zh","news_detail","public","unknown","unknown","unknown","unknown","runtime alternates; inspect per URL","yes","indexable if 200+self-canonical","no","public","keep_and_upgrade","/ai-news/enhe-ai-kimi-copilot-ai","public content family","sitemap.xml fetched 2026-08-10","P2"
"https://www.enhe-tech.com.cn/en/ai-news/enhe-ai-kimi-copilot-ai","runtime sitemap","en","news_detail","public","unknown","unknown","unknown","unknown","runtime alternates; inspect per URL","yes","indexable if 200+self-canonical","no","public","keep_and_upgrade","/en/ai-news/enhe-ai-kimi-copilot-ai","public content family","sitemap.xml fetched 2026-08-10","P2"
"https://www.enhe-tech.com.cn/ai-news/kimi-k2-7-code-gpt-5-claude-ai","runtime sitemap","zh","news_detail","public","unknown","unknown","unknown","unknown","runtime alternates; inspect per URL","yes","indexable if 200+self-canonical","no","public","keep_and_upgrade","/ai-news/kimi-k2-7-code-gpt-5-claude-ai","public content family","sitemap.xml fetched 2026-08-10","P2"
"https://www.enhe-tech.com.cn/en/ai-news/kimi-k2-7-code-gpt-5-claude-ai","runtime sitemap","en","news_detail","public","unknown","unknown","unknown","unknown","runtime alternates; inspect per URL","yes","indexable if 200+self-canonical","no","public","keep_and_upgrade","/en/ai-news/kimi-k2-7-code-gpt-5-claude-ai","public content family","sitemap.xml fetched 2026-08-10","P2"
"https://www.enhe-tech.com.cn/ai-news/copilot-kimi-k2-7-code-ai-credits","runtime sitemap","zh","news_detail","public","unknown","unknown","unknown","unknown","runtime alternates; inspect per URL","yes","indexable if 200+self-canonical","no","public","keep_and_upgrade","/ai-news/copilot-kimi-k2-7-code-ai-credits","public content family","sitemap.xml fetched 2026-08-10","P2"
"https://www.enhe-tech.com.cn/en/ai-news/copilot-kimi-k2-7-code-ai-credits","runtime sitemap","en","news_detail","public","unknown","unknown","unknown","unknown","runtime alternates; inspect per URL","yes","indexable if 200+self-canonical","no","public","keep_and_upgrade","/en/ai-news/copilot-kimi-k2-7-code-ai-credits","public content family","sitemap.xml fetched 2026-08-10","P2"
"https://www.enhe-tech.com.cn/ai-news/cloudflare-radar-researcher","runtime sitemap","zh","news_detail","public","unknown","unknown","unknown","unknown","runtime alternates; inspect per URL","yes","indexable if 200+self-canonical","no","public","keep_and_upgrade","/ai-news/cloudflare-radar-researcher","public content family","sitemap.xml fetched 2026-08-10","P2"
"https://www.enhe-tech.com.cn/en/ai-news/cloudflare-radar-researcher","runtime sitemap","en","news_detail","public","unknown","unknown","unknown","unknown","runtime alternates; inspect per URL","yes","indexable if 200+self-canonical","no","public","keep_and_upgrade","/en/ai-news/cloudflare-radar-researcher","public content family","sitemap.xml fetched 2026-08-10","P2"
"https://www.enhe-tech.com.cn/ai-news/ai-claude-code","runtime sitemap","zh","news_detail","public","unknown","unknown","unknown","unknown","runtime alternates; inspect per URL","yes","indexable if 200+self-canonical","no","public","keep_and_upgrade","/ai-news/ai-claude-code","public content family","sitemap.xml fetched 2026-08-10","P2"
"https://www.enhe-tech.com.cn/en/ai-news/ai-claude-code","runtime sitemap","en","news_detail","public","unknown","unknown","unknown","unknown","runtime alternates; inspect per URL","yes","indexable if 200+self-canonical","no","public","keep_and_upgrade","/en/ai-news/ai-claude-code","public content family","sitemap.xml fetched 2026-08-10","P2"
"https://www.enhe-tech.com.cn/ai-news/ai-review-6","runtime sitemap","zh","news_detail","public","unknown","unknown","unknown","unknown","runtime alternates; inspect per URL","yes","indexable if 200+self-canonical","no","public","keep_and_upgrade","/ai-news/ai-review-6","public content family","sitemap.xml fetched 2026-08-10","P2"
"https://www.enhe-tech.com.cn/en/ai-news/ai-review-6","runtime sitemap","en","news_detail","public","unknown","unknown","unknown","unknown","runtime alternates; inspect per URL","yes","indexable if 200+self-canonical","no","public","keep_and_upgrade","/en/ai-news/ai-review-6","public content family","sitemap.xml fetched 2026-08-10","P2"
"https://www.enhe-tech.com.cn/ai-news/claude-code-sast-review-ai","runtime sitemap","zh","news_detail","public","unknown","unknown","unknown","unknown","runtime alternates; inspect per URL","yes","indexable if 200+self-canonical","no","public","keep_and_upgrade","/ai-news/claude-code-sast-review-ai","public content family","sitemap.xml fetched 2026-08-10","P2"
"https://www.enhe-tech.com.cn/en/ai-news/claude-code-sast-review-ai","runtime sitemap","en","news_detail","public","unknown","unknown","unknown","unknown","runtime alternates; inspect per URL","yes","indexable if 200+self-canonical","no","public","keep_and_upgrade","/en/ai-news/claude-code-sast-review-ai","public content family","sitemap.xml fetched 2026-08-10","P2"
"https://www.enhe-tech.com.cn/ai-news/git-worktree-ai","runtime sitemap","zh","news_detail","public","unknown","unknown","unknown","unknown","runtime alternates; inspect per URL","yes","indexable if 200+self-canonical","no","public","keep_and_upgrade","/ai-news/git-worktree-ai","public content family","sitemap.xml fetched 2026-08-10","P2"
"https://www.enhe-tech.com.cn/en/ai-news/git-worktree-ai","runtime sitemap","en","news_detail","public","unknown","unknown","unknown","unknown","runtime alternates; inspect per URL","yes","indexable if 200+self-canonical","no","public","keep_and_upgrade","/en/ai-news/git-worktree-ai","public content family","sitemap.xml fetched 2026-08-10","P2"
"https://www.enhe-tech.com.cn/ai-news/alberta-ai","runtime sitemap","zh","news_detail","public","unknown","unknown","unknown","unknown","runtime alternates; inspect per URL","yes","indexable if 200+self-canonical","no","public","keep_and_upgrade","/ai-news/alberta-ai","public content family","sitemap.xml fetched 2026-08-10","P2"
"https://www.enhe-tech.com.cn/en/ai-news/alberta-ai","runtime sitemap","en","news_detail","public","unknown","unknown","unknown","unknown","runtime alternates; inspect per URL","yes","indexable if 200+self-canonical","no","public","keep_and_upgrade","/en/ai-news/alberta-ai","public content family","sitemap.xml fetched 2026-08-10","P2"
"https://www.enhe-tech.com.cn/ai-news/enhe-ai-claude-code-ai","runtime sitemap","zh","news_detail","public","unknown","unknown","unknown","unknown","runtime alternates; inspect per URL","yes","indexable if 200+self-canonical","no","public","keep_and_upgrade","/ai-news/enhe-ai-claude-code-ai","public content family","sitemap.xml fetched 2026-08-10","P2"
"https://www.enhe-tech.com.cn/en/ai-news/enhe-ai-claude-code-ai","runtime sitemap","en","news_detail","public","unknown","unknown","unknown","unknown","runtime alternates; inspect per URL","yes","indexable if 200+self-canonical","no","public","keep_and_upgrade","/en/ai-news/enhe-ai-claude-code-ai","public content family","sitemap.xml fetched 2026-08-10","P2"
"https://www.enhe-tech.com.cn/ai-news/ai-github-copilot-app","runtime sitemap","zh","news_detail","public","unknown","unknown","unknown","unknown","runtime alternates; inspect per URL","yes","indexable if 200+self-canonical","no","public","keep_and_upgrade","/ai-news/ai-github-copilot-app","public content family","sitemap.xml fetched 2026-08-10","P2"
"https://www.enhe-tech.com.cn/en/ai-news/ai-github-copilot-app","runtime sitemap","en","news_detail","public","unknown","unknown","unknown","unknown","runtime alternates; inspect per URL","yes","indexable if 200+self-canonical","no","public","keep_and_upgrade","/en/ai-news/ai-github-copilot-app","public content family","sitemap.xml fetched 2026-08-10","P2"
"https://www.enhe-tech.com.cn/ai-news/agent-365-ai","runtime sitemap","zh","news_detail","public","unknown","unknown","unknown","unknown","runtime alternates; inspect per URL","yes","indexable if 200+self-canonical","no","public","keep_and_upgrade","/ai-news/agent-365-ai","public content family","sitemap.xml fetched 2026-08-10","P2"
"https://www.enhe-tech.com.cn/en/ai-news/agent-365-ai","runtime sitemap","en","news_detail","public","unknown","unknown","unknown","unknown","runtime alternates; inspect per URL","yes","indexable if 200+self-canonical","no","public","keep_and_upgrade","/en/ai-news/agent-365-ai","public content family","sitemap.xml fetched 2026-08-10","P2"
"https://www.enhe-tech.com.cn/ai-news/enhe-ai-copilot-app-ai","runtime sitemap","zh","news_detail","public","unknown","unknown","unknown","unknown","runtime alternates; inspect per URL","yes","indexable if 200+self-canonical","no","public","keep_and_upgrade","/ai-news/enhe-ai-copilot-app-ai","public content family","sitemap.xml fetched 2026-08-10","P2"
"https://www.enhe-tech.com.cn/en/ai-news/enhe-ai-copilot-app-ai","runtime sitemap","en","news_detail","public","unknown","unknown","unknown","unknown","runtime alternates; inspect per URL","yes","indexable if 200+self-canonical","no","public","keep_and_upgrade","/en/ai-news/enhe-ai-copilot-app-ai","public content family","sitemap.xml fetched 2026-08-10","P2"
"https://www.enhe-tech.com.cn/ai-news/copilot-app-ai","runtime sitemap","zh","news_detail","public","unknown","unknown","unknown","unknown","runtime alternates; inspect per URL","yes","indexable if 200+self-canonical","no","public","keep_and_upgrade","/ai-news/copilot-app-ai","public content family","sitemap.xml fetched 2026-08-10","P2"
"https://www.enhe-tech.com.cn/en/ai-news/copilot-app-ai","runtime sitemap","en","news_detail","public","unknown","unknown","unknown","unknown","runtime alternates; inspect per URL","yes","indexable if 200+self-canonical","no","public","keep_and_upgrade","/en/ai-news/copilot-app-ai","public content family","sitemap.xml fetched 2026-08-10","P2"
"https://www.enhe-tech.com.cn/ai-news/github-copilot-app-byok-6","runtime sitemap","zh","news_detail","public","unknown","unknown","unknown","unknown","runtime alternates; inspect per URL","yes","indexable if 200+self-canonical","no","public","keep_and_upgrade","/ai-news/github-copilot-app-byok-6","public content family","sitemap.xml fetched 2026-08-10","P2"
"https://www.enhe-tech.com.cn/en/ai-news/github-copilot-app-byok-6","runtime sitemap","en","news_detail","public","unknown","unknown","unknown","unknown","runtime alternates; inspect per URL","yes","indexable if 200+self-canonical","no","public","keep_and_upgrade","/en/ai-news/github-copilot-app-byok-6","public content family","sitemap.xml fetched 2026-08-10","P2"
"https://www.enhe-tech.com.cn/ai-news/cloudflare-workers-ai-ai-gateway-ai","runtime sitemap","zh","news_detail","public","unknown","unknown","unknown","unknown","runtime alternates; inspect per URL","yes","indexable if 200+self-canonical","no","public","keep_and_upgrade","/ai-news/cloudflare-workers-ai-ai-gateway-ai","public content family","sitemap.xml fetched 2026-08-10","P2"
"https://www.enhe-tech.com.cn/en/ai-news/cloudflare-workers-ai-ai-gateway-ai","runtime sitemap","en","news_detail","public","unknown","unknown","unknown","unknown","runtime alternates; inspect per URL","yes","indexable if 200+self-canonical","no","public","keep_and_upgrade","/en/ai-news/cloudflare-workers-ai-ai-gateway-ai","public content family","sitemap.xml fetched 2026-08-10","P2"
"https://www.enhe-tech.com.cn/ai-news/github-copilot-app-ide-cli-ai","runtime sitemap","zh","news_detail","public","unknown","unknown","unknown","unknown","runtime alternates; inspect per URL","yes","indexable if 200+self-canonical","no","public","keep_and_upgrade","/ai-news/github-copilot-app-ide-cli-ai","public content family","sitemap.xml fetched 2026-08-10","P2"
"https://www.enhe-tech.com.cn/en/ai-news/github-copilot-app-ide-cli-ai","runtime sitemap","en","news_detail","public","unknown","unknown","unknown","unknown","runtime alternates; inspect per URL","yes","indexable if 200+self-canonical","no","public","keep_and_upgrade","/en/ai-news/github-copilot-app-ide-cli-ai","public content family","sitemap.xml fetched 2026-08-10","P2"
"https://www.enhe-tech.com.cn/ai-news/ai-6-4","runtime sitemap","zh","news_detail","public","unknown","unknown","unknown","unknown","runtime alternates; inspect per URL","yes","indexable if 200+self-canonical","no","public","keep_and_upgrade","/ai-news/ai-6-4","public content family","sitemap.xml fetched 2026-08-10","P2"
"https://www.enhe-tech.com.cn/en/ai-news/ai-6-4","runtime sitemap","en","news_detail","public","unknown","unknown","unknown","unknown","runtime alternates; inspect per URL","yes","indexable if 200+self-canonical","no","public","keep_and_upgrade","/en/ai-news/ai-6-4","public content family","sitemap.xml fetched 2026-08-10","P2"
"https://www.enhe-tech.com.cn/ai-news/github-copilot-app-ai","runtime sitemap","zh","news_detail","public","unknown","unknown","unknown","unknown","runtime alternates; inspect per URL","yes","indexable if 200+self-canonical","no","public","keep_and_upgrade","/ai-news/github-copilot-app-ai","public content family","sitemap.xml fetched 2026-08-10","P2"
"https://www.enhe-tech.com.cn/en/ai-news/github-copilot-app-ai","runtime sitemap","en","news_detail","public","unknown","unknown","unknown","unknown","runtime alternates; inspect per URL","yes","indexable if 200+self-canonical","no","public","keep_and_upgrade","/en/ai-news/github-copilot-app-ai","public content family","sitemap.xml fetched 2026-08-10","P2"
"https://www.enhe-tech.com.cn/ai-news/anthropic-alberta-claude-code-ai","runtime sitemap","zh","news_detail","public","unknown","unknown","unknown","unknown","runtime alternates; inspect per URL","yes","indexable if 200+self-canonical","no","public","keep_and_upgrade","/ai-news/anthropic-alberta-claude-code-ai","public content family","sitemap.xml fetched 2026-08-10","P2"
"https://www.enhe-tech.com.cn/en/ai-news/anthropic-alberta-claude-code-ai","runtime sitemap","en","news_detail","public","unknown","unknown","unknown","unknown","runtime alternates; inspect per URL","yes","indexable if 200+self-canonical","no","public","keep_and_upgrade","/en/ai-news/anthropic-alberta-claude-code-ai","public content family","sitemap.xml fetched 2026-08-10","P2"
"https://www.enhe-tech.com.cn/ai-news/chatgpt-gemini-claude","runtime sitemap","zh","news_detail","public","unknown","unknown","unknown","unknown","runtime alternates; inspect per URL","yes","indexable if 200+self-canonical","no","public","keep_and_upgrade","/ai-news/chatgpt-gemini-claude","public content family","sitemap.xml fetched 2026-08-10","P2"
"https://www.enhe-tech.com.cn/en/ai-news/chatgpt-gemini-claude","runtime sitemap","en","news_detail","public","unknown","unknown","unknown","unknown","runtime alternates; inspect per URL","yes","indexable if 200+self-canonical","no","public","keep_and_upgrade","/en/ai-news/chatgpt-gemini-claude","public content family","sitemap.xml fetched 2026-08-10","P2"
"https://www.enhe-tech.com.cn/ai-news/copilot-cli-byok","runtime sitemap","zh","news_detail","public","unknown","unknown","unknown","unknown","runtime alternates; inspect per URL","yes","indexable if 200+self-canonical","no","public","keep_and_upgrade","/ai-news/copilot-cli-byok","public content family","sitemap.xml fetched 2026-08-10","P2"
"https://www.enhe-tech.com.cn/en/ai-news/copilot-cli-byok","runtime sitemap","en","news_detail","public","unknown","unknown","unknown","unknown","runtime alternates; inspect per URL","yes","indexable if 200+self-canonical","no","public","keep_and_upgrade","/en/ai-news/copilot-cli-byok","public content family","sitemap.xml fetched 2026-08-10","P2"
"https://www.enhe-tech.com.cn/ai-news/chatgpt-work-gpt-5-6-6","runtime sitemap","zh","news_detail","public","unknown","unknown","unknown","unknown","runtime alternates; inspect per URL","yes","indexable if 200+self-canonical","no","public","keep_and_upgrade","/ai-news/chatgpt-work-gpt-5-6-6","public content family","sitemap.xml fetched 2026-08-10","P2"
"https://www.enhe-tech.com.cn/en/ai-news/chatgpt-work-gpt-5-6-6","runtime sitemap","en","news_detail","public","unknown","unknown","unknown","unknown","runtime alternates; inspect per URL","yes","indexable if 200+self-canonical","no","public","keep_and_upgrade","/en/ai-news/chatgpt-work-gpt-5-6-6","public content family","sitemap.xml fetched 2026-08-10","P2"
"https://www.enhe-tech.com.cn/ai-news/gpt-5-6-microsoft-365-copilot-ai","runtime sitemap","zh","news_detail","public","unknown","unknown","unknown","unknown","runtime alternates; inspect per URL","yes","indexable if 200+self-canonical","no","public","keep_and_upgrade","/ai-news/gpt-5-6-microsoft-365-copilot-ai","public content family","sitemap.xml fetched 2026-08-10","P2"
"https://www.enhe-tech.com.cn/en/ai-news/gpt-5-6-microsoft-365-copilot-ai","runtime sitemap","en","news_detail","public","unknown","unknown","unknown","unknown","runtime alternates; inspect per URL","yes","indexable if 200+self-canonical","no","public","keep_and_upgrade","/en/ai-news/gpt-5-6-microsoft-365-copilot-ai","public content family","sitemap.xml fetched 2026-08-10","P2"
"https://www.enhe-tech.com.cn/ai-news/github-copilot-kimi-k3","runtime sitemap","zh","news_detail","public","unknown","unknown","unknown","unknown","runtime alternates; inspect per URL","yes","indexable if 200+self-canonical","no","public","keep_and_upgrade","/ai-news/github-copilot-kimi-k3","public content family","sitemap.xml fetched 2026-08-10","P2"
"https://www.enhe-tech.com.cn/en/ai-news/github-copilot-kimi-k3","runtime sitemap","en","news_detail","public","unknown","unknown","unknown","unknown","runtime alternates; inspect per URL","yes","indexable if 200+self-canonical","no","public","keep_and_upgrade","/en/ai-news/github-copilot-kimi-k3","public content family","sitemap.xml fetched 2026-08-10","P2"
"https://www.enhe-tech.com.cn/ai-news/enhe-ai-gpt-5-6-chatgpt-work","runtime sitemap","zh","news_detail","public","unknown","unknown","unknown","unknown","runtime alternates; inspect per URL","yes","indexable if 200+self-canonical","no","public","keep_and_upgrade","/ai-news/enhe-ai-gpt-5-6-chatgpt-work","public content family","sitemap.xml fetched 2026-08-10","P2"
"https://www.enhe-tech.com.cn/en/ai-news/enhe-ai-gpt-5-6-chatgpt-work","runtime sitemap","en","news_detail","public","unknown","unknown","unknown","unknown","runtime alternates; inspect per URL","yes","indexable if 200+self-canonical","no","public","keep_and_upgrade","/en/ai-news/enhe-ai-gpt-5-6-chatgpt-work","public content family","sitemap.xml fetched 2026-08-10","P2"
"https://www.enhe-tech.com.cn/ai-news/anthropic-claude-reflect-ai-ai","runtime sitemap","zh","news_detail","public","unknown","unknown","unknown","unknown","runtime alternates; inspect per URL","yes","indexable if 200+self-canonical","no","public","keep_and_upgrade","/ai-news/anthropic-claude-reflect-ai-ai","public content family","sitemap.xml fetched 2026-08-10","P2"
"https://www.enhe-tech.com.cn/en/ai-news/anthropic-claude-reflect-ai-ai","runtime sitemap","en","news_detail","public","unknown","unknown","unknown","unknown","runtime alternates; inspect per URL","yes","indexable if 200+self-canonical","no","public","keep_and_upgrade","/en/ai-news/anthropic-claude-reflect-ai-ai","public content family","sitemap.xml fetched 2026-08-10","P2"
"https://www.enhe-tech.com.cn/ai-news/chatgpt-work","runtime sitemap","zh","news_detail","public","unknown","unknown","unknown","unknown","runtime alternates; inspect per URL","yes","indexable if 200+self-canonical","no","public","keep_and_upgrade","/ai-news/chatgpt-work","public content family","sitemap.xml fetched 2026-08-10","P2"
"https://www.enhe-tech.com.cn/en/ai-news/chatgpt-work","runtime sitemap","en","news_detail","public","unknown","unknown","unknown","unknown","runtime alternates; inspect per URL","yes","indexable if 200+self-canonical","no","public","keep_and_upgrade","/en/ai-news/chatgpt-work","public content family","sitemap.xml fetched 2026-08-10","P2"
"https://www.enhe-tech.com.cn/ai-news/github-kimi-k2-7-code-copilot-ai","runtime sitemap","zh","news_detail","public","unknown","unknown","unknown","unknown","runtime alternates; inspect per URL","yes","indexable if 200+self-canonical","no","public","keep_and_upgrade","/ai-news/github-kimi-k2-7-code-copilot-ai","public content family","sitemap.xml fetched 2026-08-10","P2"
"https://www.enhe-tech.com.cn/en/ai-news/github-kimi-k2-7-code-copilot-ai","runtime sitemap","en","news_detail","public","unknown","unknown","unknown","unknown","runtime alternates; inspect per URL","yes","indexable if 200+self-canonical","no","public","keep_and_upgrade","/en/ai-news/github-kimi-k2-7-code-copilot-ai","public content family","sitemap.xml fetched 2026-08-10","P2"
"https://www.enhe-tech.com.cn/ai-news/anthropic-fable-5-ai","runtime sitemap","zh","news_detail","public","unknown","unknown","unknown","unknown","runtime alternates; inspect per URL","yes","indexable if 200+self-canonical","no","public","keep_and_upgrade","/ai-news/anthropic-fable-5-ai","public content family","sitemap.xml fetched 2026-08-10","P2"
"https://www.enhe-tech.com.cn/en/ai-news/anthropic-fable-5-ai","runtime sitemap","en","news_detail","public","unknown","unknown","unknown","unknown","runtime alternates; inspect per URL","yes","indexable if 200+self-canonical","no","public","keep_and_upgrade","/en/ai-news/anthropic-fable-5-ai","public content family","sitemap.xml fetched 2026-08-10","P2"
"https://www.enhe-tech.com.cn/ai-news/claude-reflect-ai-ai","runtime sitemap","zh","news_detail","public","unknown","unknown","unknown","unknown","runtime alternates; inspect per URL","yes","indexable if 200+self-canonical","no","public","keep_and_upgrade","/ai-news/claude-reflect-ai-ai","public content family","sitemap.xml fetched 2026-08-10","P2"
"https://www.enhe-tech.com.cn/en/ai-news/claude-reflect-ai-ai","runtime sitemap","en","news_detail","public","unknown","unknown","unknown","unknown","runtime alternates; inspect per URL","yes","indexable if 200+self-canonical","no","public","keep_and_upgrade","/en/ai-news/claude-reflect-ai-ai","public content family","sitemap.xml fetched 2026-08-10","P2"
"https://www.enhe-tech.com.cn/ai-news/claude-reflect-tool-selection-ai","runtime sitemap","zh","news_detail","public","unknown","unknown","unknown","unknown","runtime alternates; inspect per URL","yes","indexable if 200+self-canonical","no","public","keep_and_upgrade","/ai-news/claude-reflect-tool-selection-ai","public content family","sitemap.xml fetched 2026-08-10","P2"
"https://www.enhe-tech.com.cn/en/ai-news/claude-reflect-tool-selection-ai","runtime sitemap","en","news_detail","public","unknown","unknown","unknown","unknown","runtime alternates; inspect per URL","yes","indexable if 200+self-canonical","no","public","keep_and_upgrade","/en/ai-news/claude-reflect-tool-selection-ai","public content family","sitemap.xml fetched 2026-08-10","P2"
"https://www.enhe-tech.com.cn/ai-news/codex-provider-switcher-ai-provider","runtime sitemap","zh","news_detail","public","unknown","unknown","unknown","unknown","runtime alternates; inspect per URL","yes","indexable if 200+self-canonical","no","public","keep_and_upgrade","/ai-news/codex-provider-switcher-ai-provider","public content family","sitemap.xml fetched 2026-08-10","P2"
"https://www.enhe-tech.com.cn/en/ai-news/codex-provider-switcher-ai-provider","runtime sitemap","en","news_detail","public","unknown","unknown","unknown","unknown","runtime alternates; inspect per URL","yes","indexable if 200+self-canonical","no","public","keep_and_upgrade","/en/ai-news/codex-provider-switcher-ai-provider","public content family","sitemap.xml fetched 2026-08-10","P2"
"https://www.enhe-tech.com.cn/ai-news/nvidia-open-secure-ai-alliance-ai","runtime sitemap","zh","news_detail","public","unknown","unknown","unknown","unknown","runtime alternates; inspect per URL","yes","indexable if 200+self-canonical","no","public","keep_and_upgrade","/ai-news/nvidia-open-secure-ai-alliance-ai","public content family","sitemap.xml fetched 2026-08-10","P2"
"https://www.enhe-tech.com.cn/en/ai-news/nvidia-open-secure-ai-alliance-ai","runtime sitemap","en","news_detail","public","unknown","unknown","unknown","unknown","runtime alternates; inspect per URL","yes","indexable if 200+self-canonical","no","public","keep_and_upgrade","/en/ai-news/nvidia-open-secure-ai-alliance-ai","public content family","sitemap.xml fetched 2026-08-10","P2"
"https://www.enhe-tech.com.cn/ai-news/gpt-5-6-sol-terra-luna-ai","runtime sitemap","zh","news_detail","public","unknown","unknown","unknown","unknown","runtime alternates; inspect per URL","yes","indexable if 200+self-canonical","no","public","keep_and_upgrade","/ai-news/gpt-5-6-sol-terra-luna-ai","public content family","sitemap.xml fetched 2026-08-10","P2"
"https://www.enhe-tech.com.cn/en/ai-news/gpt-5-6-sol-terra-luna-ai","runtime sitemap","en","news_detail","public","unknown","unknown","unknown","unknown","runtime alternates; inspect per URL","yes","indexable if 200+self-canonical","no","public","keep_and_upgrade","/en/ai-news/gpt-5-6-sol-terra-luna-ai","public content family","sitemap.xml fetched 2026-08-10","P2"
"https://www.enhe-tech.com.cn/ai-news/kimi-copilot-ai","runtime sitemap","zh","news_detail","public","unknown","unknown","unknown","unknown","runtime alternates; inspect per URL","yes","indexable if 200+self-canonical","no","public","keep_and_upgrade","/ai-news/kimi-copilot-ai","public content family","sitemap.xml fetched 2026-08-10","P2"
"https://www.enhe-tech.com.cn/en/ai-news/kimi-copilot-ai","runtime sitemap","en","news_detail","public","unknown","unknown","unknown","unknown","runtime alternates; inspect per URL","yes","indexable if 200+self-canonical","no","public","keep_and_upgrade","/en/ai-news/kimi-copilot-ai","public content family","sitemap.xml fetched 2026-08-10","P2"
"https://www.enhe-tech.com.cn/ai-news/physical-ai-ai","runtime sitemap","zh","news_detail","public","unknown","unknown","unknown","unknown","runtime alternates; inspect per URL","yes","indexable if 200+self-canonical","no","public","keep_and_upgrade","/ai-news/physical-ai-ai","public content family","sitemap.xml fetched 2026-08-10","P2"
"https://www.enhe-tech.com.cn/en/ai-news/physical-ai-ai","runtime sitemap","en","news_detail","public","unknown","unknown","unknown","unknown","runtime alternates; inspect per URL","yes","indexable if 200+self-canonical","no","public","keep_and_upgrade","/en/ai-news/physical-ai-ai","public content family","sitemap.xml fetched 2026-08-10","P2"
"https://www.enhe-tech.com.cn/ai-news/physical-ai-review","runtime sitemap","zh","news_detail","public","unknown","unknown","unknown","unknown","runtime alternates; inspect per URL","yes","indexable if 200+self-canonical","no","public","keep_and_upgrade","/ai-news/physical-ai-review","public content family","sitemap.xml fetched 2026-08-10","P2"
"https://www.enhe-tech.com.cn/en/ai-news/physical-ai-review","runtime sitemap","en","news_detail","public","unknown","unknown","unknown","unknown","runtime alternates; inspect per URL","yes","indexable if 200+self-canonical","no","public","keep_and_upgrade","/en/ai-news/physical-ai-review","public content family","sitemap.xml fetched 2026-08-10","P2"
"https://www.enhe-tech.com.cn/ai-news/anthropic-ust-claude-physical-ai-ai","runtime sitemap","zh","news_detail","public","unknown","unknown","unknown","unknown","runtime alternates; inspect per URL","yes","indexable if 200+self-canonical","no","public","keep_and_upgrade","/ai-news/anthropic-ust-claude-physical-ai-ai","public content family","sitemap.xml fetched 2026-08-10","P2"
"https://www.enhe-tech.com.cn/en/ai-news/anthropic-ust-claude-physical-ai-ai","runtime sitemap","en","news_detail","public","unknown","unknown","unknown","unknown","runtime alternates; inspect per URL","yes","indexable if 200+self-canonical","no","public","keep_and_upgrade","/en/ai-news/anthropic-ust-claude-physical-ai-ai","public content family","sitemap.xml fetched 2026-08-10","P2"
"https://www.enhe-tech.com.cn/ai-news/github-mcp-server-ai","runtime sitemap","zh","news_detail","public","unknown","unknown","unknown","unknown","runtime alternates; inspect per URL","yes","indexable if 200+self-canonical","no","public","keep_and_upgrade","/ai-news/github-mcp-server-ai","public content family","sitemap.xml fetched 2026-08-10","P2"
"https://www.enhe-tech.com.cn/en/ai-news/github-mcp-server-ai","runtime sitemap","en","news_detail","public","unknown","unknown","unknown","unknown","runtime alternates; inspect per URL","yes","indexable if 200+self-canonical","no","public","keep_and_upgrade","/en/ai-news/github-mcp-server-ai","public content family","sitemap.xml fetched 2026-08-10","P2"
"https://www.enhe-tech.com.cn/ai-news/enhe-ai-claude-physical-ai","runtime sitemap","zh","news_detail","public","unknown","unknown","unknown","unknown","runtime alternates; inspect per URL","yes","indexable if 200+self-canonical","no","public","keep_and_upgrade","/ai-news/enhe-ai-claude-physical-ai","public content family","sitemap.xml fetched 2026-08-10","P2"
"https://www.enhe-tech.com.cn/en/ai-news/enhe-ai-claude-physical-ai","runtime sitemap","en","news_detail","public","unknown","unknown","unknown","unknown","runtime alternates; inspect per URL","yes","indexable if 200+self-canonical","no","public","keep_and_upgrade","/en/ai-news/enhe-ai-claude-physical-ai","public content family","sitemap.xml fetched 2026-08-10","P2"
"https://www.enhe-tech.com.cn/ai-news/copilot-otel-grafana-ai","runtime sitemap","zh","news_detail","public","unknown","unknown","unknown","unknown","runtime alternates; inspect per URL","yes","indexable if 200+self-canonical","no","public","keep_and_upgrade","/ai-news/copilot-otel-grafana-ai","public content family","sitemap.xml fetched 2026-08-10","P2"
"https://www.enhe-tech.com.cn/en/ai-news/copilot-otel-grafana-ai","runtime sitemap","en","news_detail","public","unknown","unknown","unknown","unknown","runtime alternates; inspect per URL","yes","indexable if 200+self-canonical","no","public","keep_and_upgrade","/en/ai-news/copilot-otel-grafana-ai","public content family","sitemap.xml fetched 2026-08-10","P2"
"https://www.enhe-tech.com.cn/ai-news/enhe-ai-claude-reflect-ai","runtime sitemap","zh","news_detail","public","unknown","unknown","unknown","unknown","runtime alternates; inspect per URL","yes","indexable if 200+self-canonical","no","public","keep_and_upgrade","/ai-news/enhe-ai-claude-reflect-ai","public content family","sitemap.xml fetched 2026-08-10","P2"
"https://www.enhe-tech.com.cn/en/ai-news/enhe-ai-claude-reflect-ai","runtime sitemap","en","news_detail","public","unknown","unknown","unknown","unknown","runtime alternates; inspect per URL","yes","indexable if 200+self-canonical","no","public","keep_and_upgrade","/en/ai-news/enhe-ai-claude-reflect-ai","public content family","sitemap.xml fetched 2026-08-10","P2"
"https://www.enhe-tech.com.cn/ai-news/github-copilot-cli-ai-credit-ai","runtime sitemap","zh","news_detail","public","unknown","unknown","unknown","unknown","runtime alternates; inspect per URL","yes","indexable if 200+self-canonical","no","public","keep_and_upgrade","/ai-news/github-copilot-cli-ai-credit-ai","public content family","sitemap.xml fetched 2026-08-10","P2"
"https://www.enhe-tech.com.cn/en/ai-news/github-copilot-cli-ai-credit-ai","runtime sitemap","en","news_detail","public","unknown","unknown","unknown","unknown","runtime alternates; inspect per URL","yes","indexable if 200+self-canonical","no","public","keep_and_upgrade","/en/ai-news/github-copilot-cli-ai-credit-ai","public content family","sitemap.xml fetched 2026-08-10","P2"
"https://www.enhe-tech.com.cn/ai-news/openai-gpt-5-6-chatgpt-work-ai","runtime sitemap","zh","news_detail","public","unknown","unknown","unknown","unknown","runtime alternates; inspect per URL","yes","indexable if 200+self-canonical","no","public","keep_and_upgrade","/ai-news/openai-gpt-5-6-chatgpt-work-ai","public content family","sitemap.xml fetched 2026-08-10","P2"
"https://www.enhe-tech.com.cn/en/ai-news/openai-gpt-5-6-chatgpt-work-ai","runtime sitemap","en","news_detail","public","unknown","unknown","unknown","unknown","runtime alternates; inspect per URL","yes","indexable if 200+self-canonical","no","public","keep_and_upgrade","/en/ai-news/openai-gpt-5-6-chatgpt-work-ai","public content family","sitemap.xml fetched 2026-08-10","P2"
"https://www.enhe-tech.com.cn/ai-news/github-copilot-otel-ai","runtime sitemap","zh","news_detail","public","unknown","unknown","unknown","unknown","runtime alternates; inspect per URL","yes","indexable if 200+self-canonical","no","public","keep_and_upgrade","/ai-news/github-copilot-otel-ai","public content family","sitemap.xml fetched 2026-08-10","P2"
"https://www.enhe-tech.com.cn/en/ai-news/github-copilot-otel-ai","runtime sitemap","en","news_detail","public","unknown","unknown","unknown","unknown","runtime alternates; inspect per URL","yes","indexable if 200+self-canonical","no","public","keep_and_upgrade","/en/ai-news/github-copilot-otel-ai","public content family","sitemap.xml fetched 2026-08-10","P2"
"https://www.enhe-tech.com.cn/ai-news/enhe-ai-copilot-otel","runtime sitemap","zh","news_detail","public","unknown","unknown","unknown","unknown","runtime alternates; inspect per URL","yes","indexable if 200+self-canonical","no","public","keep_and_upgrade","/ai-news/enhe-ai-copilot-otel","public content family","sitemap.xml fetched 2026-08-10","P2"
"https://www.enhe-tech.com.cn/en/ai-news/enhe-ai-copilot-otel","runtime sitemap","en","news_detail","public","unknown","unknown","unknown","unknown","runtime alternates; inspect per URL","yes","indexable if 200+self-canonical","no","public","keep_and_upgrade","/en/ai-news/enhe-ai-copilot-otel","public content family","sitemap.xml fetched 2026-08-10","P2"
"https://www.enhe-tech.com.cn/ai-news/physical-ai-6","runtime sitemap","zh","news_detail","public","unknown","unknown","unknown","unknown","runtime alternates; inspect per URL","yes","indexable if 200+self-canonical","no","public","keep_and_upgrade","/ai-news/physical-ai-6","public content family","sitemap.xml fetched 2026-08-10","P2"
"https://www.enhe-tech.com.cn/en/ai-news/physical-ai-6","runtime sitemap","en","news_detail","public","unknown","unknown","unknown","unknown","runtime alternates; inspect per URL","yes","indexable if 200+self-canonical","no","public","keep_and_upgrade","/en/ai-news/physical-ai-6","public content family","sitemap.xml fetched 2026-08-10","P2"
"https://www.enhe-tech.com.cn/ai-news/claude-physical-ai-ai","runtime sitemap","zh","news_detail","public","unknown","unknown","unknown","unknown","runtime alternates; inspect per URL","yes","indexable if 200+self-canonical","no","public","keep_and_upgrade","/ai-news/claude-physical-ai-ai","public content family","sitemap.xml fetched 2026-08-10","P2"
"https://www.enhe-tech.com.cn/en/ai-news/claude-physical-ai-ai","runtime sitemap","en","news_detail","public","unknown","unknown","unknown","unknown","runtime alternates; inspect per URL","yes","indexable if 200+self-canonical","no","public","keep_and_upgrade","/en/ai-news/claude-physical-ai-ai","public content family","sitemap.xml fetched 2026-08-10","P2"
"https://www.enhe-tech.com.cn/ai-news/copilot-otel-6","runtime sitemap","zh","news_detail","public","unknown","unknown","unknown","unknown","runtime alternates; inspect per URL","yes","indexable if 200+self-canonical","no","public","keep_and_upgrade","/ai-news/copilot-otel-6","public content family","sitemap.xml fetched 2026-08-10","P2"
"https://www.enhe-tech.com.cn/en/ai-news/copilot-otel-6","runtime sitemap","en","news_detail","public","unknown","unknown","unknown","unknown","runtime alternates; inspect per URL","yes","indexable if 200+self-canonical","no","public","keep_and_upgrade","/en/ai-news/copilot-otel-6","public content family","sitemap.xml fetched 2026-08-10","P2"
"https://www.enhe-tech.com.cn/ai-news/ai-copilot-app-security-review","runtime sitemap","zh","news_detail","public","unknown","unknown","unknown","unknown","runtime alternates; inspect per URL","yes","indexable if 200+self-canonical","no","public","keep_and_upgrade","/ai-news/ai-copilot-app-security-review","public content family","sitemap.xml fetched 2026-08-10","P2"
"https://www.enhe-tech.com.cn/en/ai-news/ai-copilot-app-security-review","runtime sitemap","en","news_detail","public","unknown","unknown","unknown","unknown","runtime alternates; inspect per URL","yes","indexable if 200+self-canonical","no","public","keep_and_upgrade","/en/ai-news/ai-copilot-app-security-review","public content family","sitemap.xml fetched 2026-08-10","P2"
"https://www.enhe-tech.com.cn/ai-news/copilot-ai","runtime sitemap","zh","news_detail","public","unknown","unknown","unknown","unknown","runtime alternates; inspect per URL","yes","indexable if 200+self-canonical","no","public","keep_and_upgrade","/ai-news/copilot-ai","public content family","sitemap.xml fetched 2026-08-10","P2"
"https://www.enhe-tech.com.cn/en/ai-news/copilot-ai","runtime sitemap","en","news_detail","public","unknown","unknown","unknown","unknown","runtime alternates; inspect per URL","yes","indexable if 200+self-canonical","no","public","keep_and_upgrade","/en/ai-news/copilot-ai","public content family","sitemap.xml fetched 2026-08-10","P2"
"https://www.enhe-tech.com.cn/ai-news/ai-mcp-ai","runtime sitemap","zh","news_detail","public","unknown","unknown","unknown","unknown","runtime alternates; inspect per URL","yes","indexable if 200+self-canonical","no","public","keep_and_upgrade","/ai-news/ai-mcp-ai","public content family","sitemap.xml fetched 2026-08-10","P2"
"https://www.enhe-tech.com.cn/en/ai-news/ai-mcp-ai","runtime sitemap","en","news_detail","public","unknown","unknown","unknown","unknown","runtime alternates; inspect per URL","yes","indexable if 200+self-canonical","no","public","keep_and_upgrade","/en/ai-news/ai-mcp-ai","public content family","sitemap.xml fetched 2026-08-10","P2"
"https://www.enhe-tech.com.cn/ai-news/github-copilot-app-ai-2","runtime sitemap","zh","news_detail","public","unknown","unknown","unknown","unknown","runtime alternates; inspect per URL","yes","indexable if 200+self-canonical","no","public","keep_and_upgrade","/ai-news/github-copilot-app-ai-2","public content family","sitemap.xml fetched 2026-08-10","P2"
"https://www.enhe-tech.com.cn/en/ai-news/github-copilot-app-ai-2","runtime sitemap","en","news_detail","public","unknown","unknown","unknown","unknown","runtime alternates; inspect per URL","yes","indexable if 200+self-canonical","no","public","keep_and_upgrade","/en/ai-news/github-copilot-app-ai-2","public content family","sitemap.xml fetched 2026-08-10","P2"
"https://www.enhe-tech.com.cn/ai-news/enhe-ai-copilot-security-review","runtime sitemap","zh","news_detail","public","unknown","unknown","unknown","unknown","runtime alternates; inspect per URL","yes","indexable if 200+self-canonical","no","public","keep_and_upgrade","/ai-news/enhe-ai-copilot-security-review","public content family","sitemap.xml fetched 2026-08-10","P2"
"https://www.enhe-tech.com.cn/en/ai-news/enhe-ai-copilot-security-review","runtime sitemap","en","news_detail","public","unknown","unknown","unknown","unknown","runtime alternates; inspect per URL","yes","indexable if 200+self-canonical","no","public","keep_and_upgrade","/en/ai-news/enhe-ai-copilot-security-review","public content family","sitemap.xml fetched 2026-08-10","P2"
"https://www.enhe-tech.com.cn/ai-news/copilot-codeql-dependabot","runtime sitemap","zh","news_detail","public","unknown","unknown","unknown","unknown","runtime alternates; inspect per URL","yes","indexable if 200+self-canonical","no","public","keep_and_upgrade","/ai-news/copilot-codeql-dependabot","public content family","sitemap.xml fetched 2026-08-10","P2"
"https://www.enhe-tech.com.cn/en/ai-news/copilot-codeql-dependabot","runtime sitemap","en","news_detail","public","unknown","unknown","unknown","unknown","runtime alternates; inspect per URL","yes","indexable if 200+self-canonical","no","public","keep_and_upgrade","/en/ai-news/copilot-codeql-dependabot","public content family","sitemap.xml fetched 2026-08-10","P2"
"https://www.enhe-tech.com.cn/ai-news/claude-reflect-usage-dashboard-ai","runtime sitemap","zh","news_detail","public","unknown","unknown","unknown","unknown","runtime alternates; inspect per URL","yes","indexable if 200+self-canonical","no","public","keep_and_upgrade","/ai-news/claude-reflect-usage-dashboard-ai","public content family","sitemap.xml fetched 2026-08-10","P2"
"https://www.enhe-tech.com.cn/en/ai-news/claude-reflect-usage-dashboard-ai","runtime sitemap","en","news_detail","public","unknown","unknown","unknown","unknown","runtime alternates; inspect per URL","yes","indexable if 200+self-canonical","no","public","keep_and_upgrade","/en/ai-news/claude-reflect-usage-dashboard-ai","public content family","sitemap.xml fetched 2026-08-10","P2"
"https://www.enhe-tech.com.cn/ai-news/it-ibm-power-autonomous-operations","runtime sitemap","zh","news_detail","public","unknown","unknown","unknown","unknown","runtime alternates; inspect per URL","yes","indexable if 200+self-canonical","no","public","keep_and_upgrade","/ai-news/it-ibm-power-autonomous-operations","public content family","sitemap.xml fetched 2026-08-10","P2"
"https://www.enhe-tech.com.cn/en/ai-news/it-ibm-power-autonomous-operations","runtime sitemap","en","news_detail","public","unknown","unknown","unknown","unknown","runtime alternates; inspect per URL","yes","indexable if 200+self-canonical","no","public","keep_and_upgrade","/en/ai-news/it-ibm-power-autonomous-operations","public content family","sitemap.xml fetched 2026-08-10","P2"
"https://www.enhe-tech.com.cn/ai-news/power-autonomous-operations","runtime sitemap","zh","news_detail","public","unknown","unknown","unknown","unknown","runtime alternates; inspect per URL","yes","indexable if 200+self-canonical","no","public","keep_and_upgrade","/ai-news/power-autonomous-operations","public content family","sitemap.xml fetched 2026-08-10","P2"
"https://www.enhe-tech.com.cn/en/ai-news/power-autonomous-operations","runtime sitemap","en","news_detail","public","unknown","unknown","unknown","unknown","runtime alternates; inspect per URL","yes","indexable if 200+self-canonical","no","public","keep_and_upgrade","/en/ai-news/power-autonomous-operations","public content family","sitemap.xml fetched 2026-08-10","P2"
"https://www.enhe-tech.com.cn/ai-news/a2a-mcp-agent-name-service-selection","runtime sitemap","zh","news_detail","public","unknown","unknown","unknown","unknown","runtime alternates; inspect per URL","yes","indexable if 200+self-canonical","no","public","keep_and_upgrade","/ai-news/a2a-mcp-agent-name-service-selection","public content family","sitemap.xml fetched 2026-08-10","P2"
"https://www.enhe-tech.com.cn/en/ai-news/a2a-mcp-agent-name-service-selection","runtime sitemap","en","news_detail","public","unknown","unknown","unknown","unknown","runtime alternates; inspect per URL","yes","indexable if 200+self-canonical","no","public","keep_and_upgrade","/en/ai-news/a2a-mcp-agent-name-service-selection","public content family","sitemap.xml fetched 2026-08-10","P2"
"https://www.enhe-tech.com.cn/ai-news/openai-ai","runtime sitemap","zh","news_detail","public","unknown","unknown","unknown","unknown","runtime alternates; inspect per URL","yes","indexable if 200+self-canonical","no","public","keep_and_upgrade","/ai-news/openai-ai","public content family","sitemap.xml fetched 2026-08-10","P2"
"https://www.enhe-tech.com.cn/en/ai-news/openai-ai","runtime sitemap","en","news_detail","public","unknown","unknown","unknown","unknown","runtime alternates; inspect per URL","yes","indexable if 200+self-canonical","no","public","keep_and_upgrade","/en/ai-news/openai-ai","public content family","sitemap.xml fetched 2026-08-10","P2"
"https://www.enhe-tech.com.cn/ai-news/enhe-ai-powerops-entity-guide-ai","runtime sitemap","zh","news_detail","public","unknown","unknown","unknown","unknown","runtime alternates; inspect per URL","yes","indexable if 200+self-canonical","no","public","keep_and_upgrade","/ai-news/enhe-ai-powerops-entity-guide-ai","public content family","sitemap.xml fetched 2026-08-10","P2"
"https://www.enhe-tech.com.cn/en/ai-news/enhe-ai-powerops-entity-guide-ai","runtime sitemap","en","news_detail","public","unknown","unknown","unknown","unknown","runtime alternates; inspect per URL","yes","indexable if 200+self-canonical","no","public","keep_and_upgrade","/en/ai-news/enhe-ai-powerops-entity-guide-ai","public content family","sitemap.xml fetched 2026-08-10","P2"
"https://www.enhe-tech.com.cn/ai-news/agent-trust-2026-global-analysis","runtime sitemap","zh","news_detail","public","unknown","unknown","unknown","unknown","runtime alternates; inspect per URL","yes","indexable if 200+self-canonical","no","public","keep_and_upgrade","/ai-news/agent-trust-2026-global-analysis","public content family","sitemap.xml fetched 2026-08-10","P2"
"https://www.enhe-tech.com.cn/en/ai-news/agent-trust-2026-global-analysis","runtime sitemap","en","news_detail","public","unknown","unknown","unknown","unknown","runtime alternates; inspect per URL","yes","indexable if 200+self-canonical","no","public","keep_and_upgrade","/en/ai-news/agent-trust-2026-global-analysis","public content family","sitemap.xml fetched 2026-08-10","P2"
"https://www.enhe-tech.com.cn/ai-news/safe-multi-agent-interoperability-test-6-steps","runtime sitemap","zh","news_detail","public","unknown","unknown","unknown","unknown","runtime alternates; inspect per URL","yes","indexable if 200+self-canonical","no","public","keep_and_upgrade","/ai-news/safe-multi-agent-interoperability-test-6-steps","public content family","sitemap.xml fetched 2026-08-10","P2"
"https://www.enhe-tech.com.cn/en/ai-news/safe-multi-agent-interoperability-test-6-steps","runtime sitemap","en","news_detail","public","unknown","unknown","unknown","unknown","runtime alternates; inspect per URL","yes","indexable if 200+self-canonical","no","public","keep_and_upgrade","/en/ai-news/safe-multi-agent-interoperability-test-6-steps","public content family","sitemap.xml fetched 2026-08-10","P2"
"https://www.enhe-tech.com.cn/ai-news/enhe-ai-agenttrust-entity-guide","runtime sitemap","zh","news_detail","public","unknown","unknown","unknown","unknown","runtime alternates; inspect per URL","yes","indexable if 200+self-canonical","no","public","keep_and_upgrade","/ai-news/enhe-ai-agenttrust-entity-guide","public content family","sitemap.xml fetched 2026-08-10","P2"
"https://www.enhe-tech.com.cn/en/ai-news/enhe-ai-agenttrust-entity-guide","runtime sitemap","en","news_detail","public","unknown","unknown","unknown","unknown","runtime alternates; inspect per URL","yes","indexable if 200+self-canonical","no","public","keep_and_upgrade","/en/ai-news/enhe-ai-agenttrust-entity-guide","public content family","sitemap.xml fetched 2026-08-10","P2"
"https://www.enhe-tech.com.cn/ai-news/github-copilot-sessions-worktree-rewind-ai","runtime sitemap","zh","news_detail","public","unknown","unknown","unknown","unknown","runtime alternates; inspect per URL","yes","indexable if 200+self-canonical","no","public","keep_and_upgrade","/ai-news/github-copilot-sessions-worktree-rewind-ai","public content family","sitemap.xml fetched 2026-08-10","P2"
"https://www.enhe-tech.com.cn/en/ai-news/github-copilot-sessions-worktree-rewind-ai","runtime sitemap","en","news_detail","public","unknown","unknown","unknown","unknown","runtime alternates; inspect per URL","yes","indexable if 200+self-canonical","no","public","keep_and_upgrade","/en/ai-news/github-copilot-sessions-worktree-rewind-ai","public content family","sitemap.xml fetched 2026-08-10","P2"
"https://www.enhe-tech.com.cn/ai-news/ai-agent-interop-2026-terms-guide","runtime sitemap","zh","news_detail","public","unknown","unknown","unknown","unknown","runtime alternates; inspect per URL","yes","indexable if 200+self-canonical","no","public","keep_and_upgrade","/ai-news/ai-agent-interop-2026-terms-guide","public content family","sitemap.xml fetched 2026-08-10","P2"
"https://www.enhe-tech.com.cn/en/ai-news/ai-agent-interop-2026-terms-guide","runtime sitemap","en","news_detail","public","unknown","unknown","unknown","unknown","runtime alternates; inspect per URL","yes","indexable if 200+self-canonical","no","public","keep_and_upgrade","/en/ai-news/ai-agent-interop-2026-terms-guide","public content family","sitemap.xml fetched 2026-08-10","P2"
"https://www.enhe-tech.com.cn/ai-news/openai-astra","runtime sitemap","zh","news_detail","public","unknown","unknown","unknown","unknown","runtime alternates; inspect per URL","yes","indexable if 200+self-canonical","no","public","keep_and_upgrade","/ai-news/openai-astra","public content family","sitemap.xml fetched 2026-08-10","P2"
"https://www.enhe-tech.com.cn/en/ai-news/openai-astra","runtime sitemap","en","news_detail","public","unknown","unknown","unknown","unknown","runtime alternates; inspect per URL","yes","indexable if 200+self-canonical","no","public","keep_and_upgrade","/en/ai-news/openai-astra","public content family","sitemap.xml fetched 2026-08-10","P2"
"https://www.enhe-tech.com.cn/ai-news/ai-github-copilot-otel","runtime sitemap","zh","news_detail","public","unknown","unknown","unknown","unknown","runtime alternates; inspect per URL","yes","indexable if 200+self-canonical","no","public","keep_and_upgrade","/ai-news/ai-github-copilot-otel","public content family","sitemap.xml fetched 2026-08-10","P2"
"https://www.enhe-tech.com.cn/en/ai-news/ai-github-copilot-otel","runtime sitemap","en","news_detail","public","unknown","unknown","unknown","unknown","runtime alternates; inspect per URL","yes","indexable if 200+self-canonical","no","public","keep_and_upgrade","/en/ai-news/ai-github-copilot-otel","public content family","sitemap.xml fetched 2026-08-10","P2"
"https://www.enhe-tech.com.cn/ai-news/global-ai-agent-trust-interoperability-initiative","runtime sitemap","zh","news_detail","public","unknown","unknown","unknown","unknown","runtime alternates; inspect per URL","yes","indexable if 200+self-canonical","no","public","keep_and_upgrade","/ai-news/global-ai-agent-trust-interoperability-initiative","public content family","sitemap.xml fetched 2026-08-10","P2"
"https://www.enhe-tech.com.cn/en/ai-news/global-ai-agent-trust-interoperability-initiative","runtime sitemap","en","news_detail","public","unknown","unknown","unknown","unknown","runtime alternates; inspect per URL","yes","indexable if 200+self-canonical","no","public","keep_and_upgrade","/en/ai-news/global-ai-agent-trust-interoperability-initiative","public content family","sitemap.xml fetched 2026-08-10","P2"
"/","src/app/(zh-public)/page.tsx","zh","home","public","unknown","unknown","unknown","unknown","unknown","no","unknown","unknown","code route","needs_decision","unknown","code route not in runtime sitemap or not sampled","source src/app/(zh-public)/page.tsx","P2"
"/about","src/app/(zh-public)/about/page.tsx","zh","about","public","unknown","unknown","unknown","unknown","unknown","no","unknown","unknown","code route","needs_decision","unknown","code route not in runtime sitemap or not sampled","source src/app/(zh-public)/about/page.tsx","P2"
"/account-services","src/app/(zh-public)/account-services/page.tsx","zh","account_service_listing","public","unknown","unknown","unknown","unknown","unknown","no","unknown","unknown","code route","needs_decision","unknown","code route not in runtime sitemap or not sampled","source src/app/(zh-public)/account-services/page.tsx","P2"
"/account-services/[slug]","src/app/(zh-public)/account-services/[slug]/page.tsx","zh","account_service_detail","public","unknown","unknown","unknown","unknown","unknown","no","unknown","unknown","code route","needs_decision","unknown","code route not in runtime sitemap or not sampled","source src/app/(zh-public)/account-services/[slug]/page.tsx","P2"
"/admin","src/app/admin/page.tsx","zh","public_page","private","unknown","unknown","unknown","unknown","unknown","no","private/noindex","yes","code route","private_archive","unknown","code route not in runtime sitemap or not sampled","source src/app/admin/page.tsx","P1"
"/admin/ai-news","src/app/admin/ai-news/page.tsx","zh","public_page","private","unknown","unknown","unknown","unknown","unknown","no","private/noindex","yes","code route","private_archive","unknown","code route not in runtime sitemap or not sampled","source src/app/admin/ai-news/page.tsx","P1"
"/admin/ai-news/[id]","src/app/admin/ai-news/[id]/page.tsx","zh","news_detail","private","unknown","unknown","unknown","unknown","unknown","no","private/noindex","yes","code route","private_archive","unknown","code route not in runtime sitemap or not sampled","source src/app/admin/ai-news/[id]/page.tsx","P1"
"/admin/ai-news/import","src/app/admin/ai-news/import/page.tsx","zh","news_detail","private","unknown","unknown","unknown","unknown","unknown","no","private/noindex","yes","code route","private_archive","unknown","code route not in runtime sitemap or not sampled","source src/app/admin/ai-news/import/page.tsx","P1"
"/admin/ai-news/keywords","src/app/admin/ai-news/keywords/page.tsx","zh","news_detail","private","unknown","unknown","unknown","unknown","unknown","no","private/noindex","yes","code route","private_archive","unknown","code route not in runtime sitemap or not sampled","source src/app/admin/ai-news/keywords/page.tsx","P1"
"/admin/audit","src/app/admin/audit/page.tsx","zh","public_page","private","unknown","unknown","unknown","unknown","unknown","no","private/noindex","yes","code route","private_archive","unknown","code route not in runtime sitemap or not sampled","source src/app/admin/audit/page.tsx","P1"
"/admin/categories","src/app/admin/categories/page.tsx","zh","public_page","private","unknown","unknown","unknown","unknown","unknown","no","private/noindex","yes","code route","private_archive","unknown","code route not in runtime sitemap or not sampled","source src/app/admin/categories/page.tsx","P1"
"/admin/changelogs","src/app/admin/changelogs/page.tsx","zh","public_page","private","unknown","unknown","unknown","unknown","unknown","no","private/noindex","yes","code route","private_archive","unknown","code route not in runtime sitemap or not sampled","source src/app/admin/changelogs/page.tsx","P1"
"/admin/changelogs/[id]","src/app/admin/changelogs/[id]/page.tsx","zh","public_page","private","unknown","unknown","unknown","unknown","unknown","no","private/noindex","yes","code route","private_archive","unknown","code route not in runtime sitemap or not sampled","source src/app/admin/changelogs/[id]/page.tsx","P1"
"/admin/comments","src/app/admin/comments/page.tsx","zh","public_page","private","unknown","unknown","unknown","unknown","unknown","no","private/noindex","yes","code route","private_archive","unknown","code route not in runtime sitemap or not sampled","source src/app/admin/comments/page.tsx","P1"
"/admin/development","src/app/admin/development/page.tsx","zh","public_page","private","unknown","unknown","unknown","unknown","unknown","no","private/noindex","yes","code route","private_archive","unknown","code route not in runtime sitemap or not sampled","source src/app/admin/development/page.tsx","P1"
"/admin/faqs","src/app/admin/faqs/page.tsx","zh","public_page","private","unknown","unknown","unknown","unknown","unknown","no","private/noindex","yes","code route","private_archive","unknown","code route not in runtime sitemap or not sampled","source src/app/admin/faqs/page.tsx","P1"
"/admin/faqs/[id]","src/app/admin/faqs/[id]/page.tsx","zh","public_page","private","unknown","unknown","unknown","unknown","unknown","no","private/noindex","yes","code route","private_archive","unknown","code route not in runtime sitemap or not sampled","source src/app/admin/faqs/[id]/page.tsx","P1"
"/admin/files","src/app/admin/files/page.tsx","zh","public_page","private","unknown","unknown","unknown","unknown","unknown","no","private/noindex","yes","code route","private_archive","unknown","code route not in runtime sitemap or not sampled","source src/app/admin/files/page.tsx","P1"
"/admin/geo-monitoring","src/app/admin/geo-monitoring/page.tsx","zh","public_page","private","unknown","unknown","unknown","unknown","unknown","no","private/noindex","yes","code route","private_archive","unknown","code route not in runtime sitemap or not sampled","source src/app/admin/geo-monitoring/page.tsx","P1"
"/admin/license-generator","src/app/admin/license-generator/page.tsx","zh","public_page","private","unknown","unknown","unknown","unknown","unknown","no","private/noindex","yes","code route","private_archive","unknown","code route not in runtime sitemap or not sampled","source src/app/admin/license-generator/page.tsx","P1"
"/admin/manuals","src/app/admin/manuals/page.tsx","zh","public_page","private","unknown","unknown","unknown","unknown","unknown","no","private/noindex","yes","code route","private_archive","unknown","code route not in runtime sitemap or not sampled","source src/app/admin/manuals/page.tsx","P1"
"/admin/messages","src/app/admin/messages/page.tsx","zh","public_page","private","unknown","unknown","unknown","unknown","unknown","no","private/noindex","yes","code route","private_archive","unknown","code route not in runtime sitemap or not sampled","source src/app/admin/messages/page.tsx","P1"
"/admin/online-tools","src/app/admin/online-tools/page.tsx","zh","legacy_online_tools","private","unknown","unknown","unknown","unknown","unknown","no","private/noindex","yes","code route","private_archive","unknown","code route not in runtime sitemap or not sampled","source src/app/admin/online-tools/page.tsx","P1"
"/admin/online-tools/[id]","src/app/admin/online-tools/[id]/page.tsx","zh","legacy_online_tools","private","unknown","unknown","unknown","unknown","unknown","no","private/noindex","yes","code route","private_archive","unknown","code route not in runtime sitemap or not sampled","source src/app/admin/online-tools/[id]/page.tsx","P1"
"/admin/orders","src/app/admin/orders/page.tsx","zh","public_page","private","unknown","unknown","unknown","unknown","unknown","no","private/noindex","yes","code route","private_archive","unknown","code route not in runtime sitemap or not sampled","source src/app/admin/orders/page.tsx","P1"
"/admin/orders/[id]","src/app/admin/orders/[id]/page.tsx","zh","public_page","private","unknown","unknown","unknown","unknown","unknown","no","private/noindex","yes","code route","private_archive","unknown","code route not in runtime sitemap or not sampled","source src/app/admin/orders/[id]/page.tsx","P1"
"/admin/payment-codes","src/app/admin/payment-codes/page.tsx","zh","public_page","private","unknown","unknown","unknown","unknown","unknown","no","private/noindex","yes","code route","private_archive","unknown","code route not in runtime sitemap or not sampled","source src/app/admin/payment-codes/page.tsx","P1"
"/admin/payments","src/app/admin/payments/page.tsx","zh","public_page","private","unknown","unknown","unknown","unknown","unknown","no","private/noindex","yes","code route","private_archive","unknown","code route not in runtime sitemap or not sampled","source src/app/admin/payments/page.tsx","P1"
"/admin/payments/[id]","src/app/admin/payments/[id]/page.tsx","zh","public_page","private","unknown","unknown","unknown","unknown","unknown","no","private/noindex","yes","code route","private_archive","unknown","code route not in runtime sitemap or not sampled","source src/app/admin/payments/[id]/page.tsx","P1"
"/admin/plans","src/app/admin/plans/page.tsx","zh","public_page","private","unknown","unknown","unknown","unknown","unknown","no","private/noindex","yes","code route","private_archive","unknown","code route not in runtime sitemap or not sampled","source src/app/admin/plans/page.tsx","P1"
"/admin/refunds","src/app/admin/refunds/page.tsx","zh","public_page","private","unknown","unknown","unknown","unknown","unknown","no","private/noindex","yes","code route","private_archive","unknown","code route not in runtime sitemap or not sampled","source src/app/admin/refunds/page.tsx","P1"
"/admin/refunds/[id]","src/app/admin/refunds/[id]/page.tsx","zh","public_page","private","unknown","unknown","unknown","unknown","unknown","no","private/noindex","yes","code route","private_archive","unknown","code route not in runtime sitemap or not sampled","source src/app/admin/refunds/[id]/page.tsx","P1"
"/admin/releases","src/app/admin/releases/page.tsx","zh","public_page","private","unknown","unknown","unknown","unknown","unknown","no","private/noindex","yes","code route","private_archive","unknown","code route not in runtime sitemap or not sampled","source src/app/admin/releases/page.tsx","P1"
"/admin/seo-insights","src/app/admin/seo-insights/page.tsx","zh","public_page","private","unknown","unknown","unknown","unknown","unknown","no","private/noindex","yes","code route","private_archive","unknown","code route not in runtime sitemap or not sampled","source src/app/admin/seo-insights/page.tsx","P1"
"/admin/settings","src/app/admin/settings/page.tsx","zh","public_page","private","unknown","unknown","unknown","unknown","unknown","no","private/noindex","yes","code route","private_archive","unknown","code route not in runtime sitemap or not sampled","source src/app/admin/settings/page.tsx","P1"
"/admin/skill-learning","src/app/admin/skill-learning/page.tsx","zh","skill_listing","private","unknown","unknown","unknown","unknown","unknown","no","private/noindex","yes","code route","private_archive","unknown","code route not in runtime sitemap or not sampled","source src/app/admin/skill-learning/page.tsx","P1"
"/admin/skill-learning/[id]","src/app/admin/skill-learning/[id]/page.tsx","zh","skill_detail","private","unknown","unknown","unknown","unknown","unknown","no","private/noindex","yes","code route","private_archive","unknown","code route not in runtime sitemap or not sampled","source src/app/admin/skill-learning/[id]/page.tsx","P1"
"/admin/software","src/app/admin/software/page.tsx","zh","software_listing","private","unknown","unknown","unknown","unknown","unknown","no","private/noindex","yes","code route","private_archive","unknown","code route not in runtime sitemap or not sampled","source src/app/admin/software/page.tsx","P1"
"/admin/software/[id]","src/app/admin/software/[id]/page.tsx","zh","software_detail","private","unknown","unknown","unknown","unknown","unknown","no","private/noindex","yes","code route","private_archive","unknown","code route not in runtime sitemap or not sampled","source src/app/admin/software/[id]/page.tsx","P1"
"/admin/tags","src/app/admin/tags/page.tsx","zh","public_page","private","unknown","unknown","unknown","unknown","unknown","no","private/noindex","yes","code route","private_archive","unknown","code route not in runtime sitemap or not sampled","source src/app/admin/tags/page.tsx","P1"
"/admin/tutorials","src/app/admin/tutorials/page.tsx","zh","tutorials","private","unknown","unknown","unknown","unknown","unknown","no","private/noindex","yes","code route","private_archive","unknown","code route not in runtime sitemap or not sampled","source src/app/admin/tutorials/page.tsx","P1"
"/admin/tutorials/[id]","src/app/admin/tutorials/[id]/page.tsx","zh","tutorials","private","unknown","unknown","unknown","unknown","unknown","no","private/noindex","yes","code route","private_archive","unknown","code route not in runtime sitemap or not sampled","source src/app/admin/tutorials/[id]/page.tsx","P1"
"/admin/users","src/app/admin/users/page.tsx","zh","public_page","private","unknown","unknown","unknown","unknown","unknown","no","private/noindex","yes","code route","private_archive","unknown","code route not in runtime sitemap or not sampled","source src/app/admin/users/page.tsx","P1"
"/admin/users/[id]","src/app/admin/users/[id]/page.tsx","zh","public_page","private","unknown","unknown","unknown","unknown","unknown","no","private/noindex","yes","code route","private_archive","unknown","code route not in runtime sitemap or not sampled","source src/app/admin/users/[id]/page.tsx","P1"
"/ai-api","src/app/ai-api/page.tsx","zh","public_page","public","unknown","unknown","unknown","unknown","unknown","no","unknown","unknown","code route","needs_decision","unknown","code route not in runtime sitemap or not sampled","source src/app/ai-api/page.tsx","P2"
"/ai-api/pricing","src/app/ai-api/pricing/page.tsx","zh","pricing","public","unknown","unknown","unknown","unknown","unknown","no","unknown","unknown","code route","needs_decision","unknown","code route not in runtime sitemap or not sampled","source src/app/ai-api/pricing/page.tsx","P2"
"/ai-news","src/app/(zh-public)/ai-news/page.tsx","zh","news_listing","public","unknown","unknown","unknown","unknown","unknown","no","unknown","unknown","code route","needs_decision","unknown","code route not in runtime sitemap or not sampled","source src/app/(zh-public)/ai-news/page.tsx","P2"
"/ai-news/[slug]","src/app/(zh-public)/ai-news/[slug]/page.tsx","zh","news_detail","public","unknown","unknown","unknown","unknown","unknown","no","unknown","unknown","code route","needs_decision","unknown","code route not in runtime sitemap or not sampled","source src/app/(zh-public)/ai-news/[slug]/page.tsx","P2"
"/ai-news/page/[page]","src/app/(zh-public)/ai-news/page/[page]/page.tsx","zh","news_detail","public","unknown","unknown","unknown","unknown","unknown","no","unknown","unknown","code route","needs_decision","unknown","code route not in runtime sitemap or not sampled","source src/app/(zh-public)/ai-news/page/[page]/page.tsx","P2"
"/ai-news/topics/[slug]","src/app/(zh-public)/ai-news/topics/[slug]/page.tsx","zh","news_topic","public","unknown","unknown","unknown","unknown","unknown","no","unknown","unknown","code route","needs_decision","unknown","code route not in runtime sitemap or not sampled","source src/app/(zh-public)/ai-news/topics/[slug]/page.tsx","P2"
"/ai-trends","src/app/(zh-public)/ai-trends/page.tsx","zh","trend_listing","public","unknown","unknown","unknown","unknown","unknown","no","unknown","unknown","code route","needs_decision","unknown","code route not in runtime sitemap or not sampled","source src/app/(zh-public)/ai-trends/page.tsx","P2"
"/ai-trends/daily","src/app/(zh-public)/ai-trends/daily/page.tsx","zh","trend_detail","public","unknown","unknown","unknown","unknown","unknown","no","unknown","unknown","code route","needs_decision","unknown","code route not in runtime sitemap or not sampled","source src/app/(zh-public)/ai-trends/daily/page.tsx","P2"
"/ai-trends/daily/[date]","src/app/(zh-public)/ai-trends/daily/[date]/page.tsx","zh","trend_detail","public","unknown","unknown","unknown","unknown","unknown","no","unknown","unknown","code route","needs_decision","unknown","code route not in runtime sitemap or not sampled","source src/app/(zh-public)/ai-trends/daily/[date]/page.tsx","P2"
"/en","src/app/en/page.tsx","en","home","public","unknown","unknown","unknown","unknown","unknown","no","unknown","unknown","code route","needs_decision","unknown","code route not in runtime sitemap or not sampled","source src/app/en/page.tsx","P2"
"/en/about","src/app/en/about/page.tsx","en","about","public","unknown","unknown","unknown","unknown","unknown","no","unknown","unknown","code route","needs_decision","unknown","code route not in runtime sitemap or not sampled","source src/app/en/about/page.tsx","P2"
"/en/account-services","src/app/en/account-services/page.tsx","en","account_service_listing","public","unknown","unknown","unknown","unknown","unknown","no","unknown","unknown","code route","needs_decision","unknown","code route not in runtime sitemap or not sampled","source src/app/en/account-services/page.tsx","P2"
"/en/account-services/[slug]","src/app/en/account-services/[slug]/page.tsx","en","account_service_detail","public","unknown","unknown","unknown","unknown","unknown","no","unknown","unknown","code route","needs_decision","unknown","code route not in runtime sitemap or not sampled","source src/app/en/account-services/[slug]/page.tsx","P2"
"/en/ai-news","src/app/en/ai-news/page.tsx","en","news_listing","public","unknown","unknown","unknown","unknown","unknown","no","unknown","unknown","code route","needs_decision","unknown","code route not in runtime sitemap or not sampled","source src/app/en/ai-news/page.tsx","P2"
"/en/ai-news/[slug]","src/app/en/ai-news/[slug]/page.tsx","en","news_detail","public","unknown","unknown","unknown","unknown","unknown","no","unknown","unknown","code route","needs_decision","unknown","code route not in runtime sitemap or not sampled","source src/app/en/ai-news/[slug]/page.tsx","P2"
"/en/ai-news/page/[page]","src/app/en/ai-news/page/[page]/page.tsx","en","news_detail","public","unknown","unknown","unknown","unknown","unknown","no","unknown","unknown","code route","needs_decision","unknown","code route not in runtime sitemap or not sampled","source src/app/en/ai-news/page/[page]/page.tsx","P2"
"/en/ai-news/topics/[slug]","src/app/en/ai-news/topics/[slug]/page.tsx","en","news_topic","public","unknown","unknown","unknown","unknown","unknown","no","unknown","unknown","code route","needs_decision","unknown","code route not in runtime sitemap or not sampled","source src/app/en/ai-news/topics/[slug]/page.tsx","P2"
"/en/ai-trends","src/app/en/ai-trends/page.tsx","en","trend_listing","public","unknown","unknown","unknown","unknown","unknown","no","unknown","unknown","code route","needs_decision","unknown","code route not in runtime sitemap or not sampled","source src/app/en/ai-trends/page.tsx","P2"
"/en/ai-trends/daily","src/app/en/ai-trends/daily/page.tsx","en","trend_detail","public","unknown","unknown","unknown","unknown","unknown","no","unknown","unknown","code route","needs_decision","unknown","code route not in runtime sitemap or not sampled","source src/app/en/ai-trends/daily/page.tsx","P2"
"/en/ai-trends/daily/[date]","src/app/en/ai-trends/daily/[date]/page.tsx","en","trend_detail","public","unknown","unknown","unknown","unknown","unknown","no","unknown","unknown","code route","needs_decision","unknown","code route not in runtime sitemap or not sampled","source src/app/en/ai-trends/daily/[date]/page.tsx","P2"
"/en/legal/[slug]","src/app/en/legal/[slug]/page.tsx","en","legal","public","unknown","unknown","unknown","unknown","unknown","no","unknown","unknown","code route","needs_decision","unknown","code route not in runtime sitemap or not sampled","source src/app/en/legal/[slug]/page.tsx","P2"
"/en/login","src/app/en/(auth)/login/page.tsx","en","public_page","private","unknown","unknown","unknown","unknown","unknown","no","private/noindex","yes","code route","private_archive","unknown","code route not in runtime sitemap or not sampled","source src/app/en/(auth)/login/page.tsx","P1"
"/en/online-tools","src/app/en/online-tools/page.tsx","en","legacy_online_tools","public","unknown","unknown","unknown","unknown","unknown","no","unknown","unknown","code route","needs_decision","unknown","code route not in runtime sitemap or not sampled","source src/app/en/online-tools/page.tsx","P2"
"/en/online-tools/[slug]","src/app/en/online-tools/[slug]/page.tsx","en","legacy_online_tools","public","unknown","unknown","unknown","unknown","unknown","no","unknown","unknown","code route","needs_decision","unknown","code route not in runtime sitemap or not sampled","source src/app/en/online-tools/[slug]/page.tsx","P2"
"/en/pricing","src/app/en/pricing/page.tsx","en","pricing","public","unknown","unknown","unknown","unknown","unknown","no","unknown","unknown","code route","needs_decision","unknown","code route not in runtime sitemap or not sampled","source src/app/en/pricing/page.tsx","P2"
"/en/register","src/app/en/(auth)/register/page.tsx","en","public_page","private","unknown","unknown","unknown","unknown","unknown","no","private/noindex","yes","code route","private_archive","unknown","code route not in runtime sitemap or not sampled","source src/app/en/(auth)/register/page.tsx","P1"
"/en/search","src/app/en/search/page.tsx","en","public_page","public","unknown","unknown","unknown","unknown","unknown","no","unknown","unknown","code route","needs_decision","unknown","code route not in runtime sitemap or not sampled","source src/app/en/search/page.tsx","P2"
"/en/skill-learning","src/app/en/skill-learning/page.tsx","en","skill_listing","public","unknown","unknown","unknown","unknown","unknown","no","unknown","unknown","code route","needs_decision","unknown","code route not in runtime sitemap or not sampled","source src/app/en/skill-learning/page.tsx","P2"
"/en/skill-learning/[slug]","src/app/en/skill-learning/[slug]/page.tsx","en","skill_detail","public","unknown","unknown","unknown","unknown","unknown","no","unknown","unknown","code route","needs_decision","unknown","code route not in runtime sitemap or not sampled","source src/app/en/skill-learning/[slug]/page.tsx","P2"
"/en/skill-learning/ai-prompt-management","src/app/en/skill-learning/ai-prompt-management/page.tsx","en","skill_detail","public","unknown","unknown","unknown","unknown","unknown","no","unknown","unknown","code route","needs_decision","unknown","code route not in runtime sitemap or not sampled","source src/app/en/skill-learning/ai-prompt-management/page.tsx","P2"
"/en/software","src/app/en/software/page.tsx","en","software_listing","public","unknown","unknown","unknown","unknown","unknown","no","unknown","unknown","code route","needs_decision","unknown","code route not in runtime sitemap or not sampled","source src/app/en/software/page.tsx","P2"
"/en/software/[slug]","src/app/en/software/[slug]/page.tsx","en","software_detail","public","unknown","unknown","unknown","unknown","unknown","no","unknown","unknown","code route","needs_decision","unknown","code route not in runtime sitemap or not sampled","source src/app/en/software/[slug]/page.tsx","P2"
"/en/tutorials","src/app/en/tutorials/page.tsx","en","tutorials","public","unknown","unknown","unknown","unknown","unknown","no","unknown","unknown","code route","needs_decision","unknown","code route not in runtime sitemap or not sampled","source src/app/en/tutorials/page.tsx","P2"
"/en/user","src/app/en/user/page.tsx","en","public_page","public","unknown","unknown","unknown","unknown","unknown","no","unknown","unknown","code route","needs_decision","unknown","code route not in runtime sitemap or not sampled","source src/app/en/user/page.tsx","P2"
"/en/validation/ai-prompt-kit","src/app/en/validation/ai-prompt-kit/page.tsx","en","public_page","public","unknown","unknown","unknown","unknown","unknown","no","unknown","unknown","code route","needs_decision","unknown","code route not in runtime sitemap or not sampled","source src/app/en/validation/ai-prompt-kit/page.tsx","P2"
"/legal/[slug]","src/app/(zh-public)/legal/[slug]/page.tsx","zh","legal","public","unknown","unknown","unknown","unknown","unknown","no","unknown","unknown","code route","needs_decision","unknown","code route not in runtime sitemap or not sampled","source src/app/(zh-public)/legal/[slug]/page.tsx","P2"
"/login","src/app/(auth)/login/page.tsx","zh","public_page","private","unknown","unknown","unknown","unknown","unknown","no","private/noindex","yes","code route","private_archive","unknown","code route not in runtime sitemap or not sampled","source src/app/(auth)/login/page.tsx","P1"
"/online-tools","src/app/(zh-public)/online-tools/page.tsx","zh","legacy_online_tools","public","unknown","unknown","unknown","unknown","unknown","no","unknown","unknown","code route","needs_decision","unknown","code route not in runtime sitemap or not sampled","source src/app/(zh-public)/online-tools/page.tsx","P2"
"/online-tools/[slug]","src/app/(zh-public)/online-tools/[slug]/page.tsx","zh","legacy_online_tools","public","unknown","unknown","unknown","unknown","unknown","no","unknown","unknown","code route","needs_decision","unknown","code route not in runtime sitemap or not sampled","source src/app/(zh-public)/online-tools/[slug]/page.tsx","P2"
"/orders/[id]","src/app/orders/[id]/page.tsx","zh","public_page","private","unknown","unknown","unknown","unknown","unknown","no","private/noindex","yes","code route","private_archive","unknown","code route not in runtime sitemap or not sampled","source src/app/orders/[id]/page.tsx","P1"
"/orders/[id]/pay","src/app/orders/[id]/pay/page.tsx","zh","public_page","private","unknown","unknown","unknown","unknown","unknown","no","private/noindex","yes","code route","private_archive","unknown","code route not in runtime sitemap or not sampled","source src/app/orders/[id]/pay/page.tsx","P1"
"/pricing","src/app/(zh-public)/pricing/page.tsx","zh","pricing","public","unknown","unknown","unknown","unknown","unknown","no","unknown","unknown","code route","needs_decision","unknown","code route not in runtime sitemap or not sampled","source src/app/(zh-public)/pricing/page.tsx","P2"
"/register","src/app/(auth)/register/page.tsx","zh","public_page","private","unknown","unknown","unknown","unknown","unknown","no","private/noindex","yes","code route","private_archive","unknown","code route not in runtime sitemap or not sampled","source src/app/(auth)/register/page.tsx","P1"
"/search","src/app/(zh-public)/search/page.tsx","zh","public_page","public","unknown","unknown","unknown","unknown","unknown","no","unknown","unknown","code route","needs_decision","unknown","code route not in runtime sitemap or not sampled","source src/app/(zh-public)/search/page.tsx","P2"
"/skill-learning","src/app/(zh-public)/skill-learning/page.tsx","zh","skill_listing","public","unknown","unknown","unknown","unknown","unknown","no","unknown","unknown","code route","needs_decision","unknown","code route not in runtime sitemap or not sampled","source src/app/(zh-public)/skill-learning/page.tsx","P2"
"/skill-learning/[slug]","src/app/(zh-public)/skill-learning/[slug]/page.tsx","zh","skill_detail","public","unknown","unknown","unknown","unknown","unknown","no","unknown","unknown","code route","needs_decision","unknown","code route not in runtime sitemap or not sampled","source src/app/(zh-public)/skill-learning/[slug]/page.tsx","P2"
"/skill-learning/ai-prompt-management","src/app/(zh-public)/skill-learning/ai-prompt-management/page.tsx","zh","skill_detail","public","unknown","unknown","unknown","unknown","unknown","no","unknown","unknown","code route","needs_decision","unknown","code route not in runtime sitemap or not sampled","source src/app/(zh-public)/skill-learning/ai-prompt-management/page.tsx","P2"
"/software","src/app/(zh-public)/software/page.tsx","zh","software_listing","public","unknown","unknown","unknown","unknown","unknown","no","unknown","unknown","code route","needs_decision","unknown","code route not in runtime sitemap or not sampled","source src/app/(zh-public)/software/page.tsx","P2"
"/software/[slug]","src/app/(zh-public)/software/[slug]/page.tsx","zh","software_detail","public","unknown","unknown","unknown","unknown","unknown","no","unknown","unknown","code route","needs_decision","unknown","code route not in runtime sitemap or not sampled","source src/app/(zh-public)/software/[slug]/page.tsx","P2"
"/tutorials","src/app/(zh-public)/tutorials/page.tsx","zh","tutorials","public","unknown","unknown","unknown","unknown","unknown","no","unknown","unknown","code route","needs_decision","unknown","code route not in runtime sitemap or not sampled","source src/app/(zh-public)/tutorials/page.tsx","P2"
"/user","src/app/user/page.tsx","zh","public_page","private","unknown","unknown","unknown","unknown","unknown","no","private/noindex","yes","code route","private_archive","unknown","code route not in runtime sitemap or not sampled","source src/app/user/page.tsx","P1"
"/user/api","src/app/user/api/page.tsx","zh","public_page","private","unknown","unknown","unknown","unknown","unknown","no","private/noindex","yes","code route","private_archive","unknown","code route not in runtime sitemap or not sampled","source src/app/user/api/page.tsx","P1"
"/user/api/billing","src/app/user/api/billing/page.tsx","zh","public_page","private","unknown","unknown","unknown","unknown","unknown","no","private/noindex","yes","code route","private_archive","unknown","code route not in runtime sitemap or not sampled","source src/app/user/api/billing/page.tsx","P1"
"/user/api/docs","src/app/user/api/docs/page.tsx","zh","public_page","private","unknown","unknown","unknown","unknown","unknown","no","private/noindex","yes","code route","private_archive","unknown","code route not in runtime sitemap or not sampled","source src/app/user/api/docs/page.tsx","P1"
"/user/api/keys","src/app/user/api/keys/page.tsx","zh","public_page","private","unknown","unknown","unknown","unknown","unknown","no","private/noindex","yes","code route","private_archive","unknown","code route not in runtime sitemap or not sampled","source src/app/user/api/keys/page.tsx","P1"
"/user/api/logs","src/app/user/api/logs/page.tsx","zh","public_page","private","unknown","unknown","unknown","unknown","unknown","no","private/noindex","yes","code route","private_archive","unknown","code route not in runtime sitemap or not sampled","source src/app/user/api/logs/page.tsx","P1"
"/user/api/profile","src/app/user/api/profile/page.tsx","zh","public_page","private","unknown","unknown","unknown","unknown","unknown","no","private/noindex","yes","code route","private_archive","unknown","code route not in runtime sitemap or not sampled","source src/app/user/api/profile/page.tsx","P1"
"/user/api/referrals","src/app/user/api/referrals/page.tsx","zh","public_page","private","unknown","unknown","unknown","unknown","unknown","no","private/noindex","yes","code route","private_archive","unknown","code route not in runtime sitemap or not sampled","source src/app/user/api/referrals/page.tsx","P1"
"/user/api/usage","src/app/user/api/usage/page.tsx","zh","public_page","private","unknown","unknown","unknown","unknown","unknown","no","private/noindex","yes","code route","private_archive","unknown","code route not in runtime sitemap or not sampled","source src/app/user/api/usage/page.tsx","P1"
"/validation/ai-prompt-kit","src/app/(zh-public)/validation/ai-prompt-kit/page.tsx","zh","public_page","public","unknown","unknown","unknown","unknown","unknown","no","unknown","unknown","code route","needs_decision","unknown","code route not in runtime sitemap or not sampled","source src/app/(zh-public)/validation/ai-prompt-kit/page.tsx","P2"
"https://www.enhe-tech.com.cn/help","MASTER-SPEC expected route + public probe","zh","expected_public_route","public","404","unknown","unknown","unknown","unknown","no","unknown","no","public","needs_decision","unknown","expected in MASTER-SPEC but no current route/404","MASTER-SPEC.md:238-274; HTTP probe 2026-08-10","P1"
"https://www.enhe-tech.com.cn/updates","MASTER-SPEC expected route + public probe","zh","expected_public_route","public","404","unknown","unknown","unknown","unknown","no","unknown","no","public","needs_decision","unknown","expected in MASTER-SPEC but no current route/404","MASTER-SPEC.md:238-274; HTTP probe 2026-08-10","P1"
"https://www.enhe-tech.com.cn/product-paths","MASTER-SPEC expected route + public probe","zh","expected_public_route","public","404","unknown","unknown","unknown","unknown","no","unknown","no","public","needs_decision","unknown","expected in MASTER-SPEC but no current route/404","MASTER-SPEC.md:238-274; HTTP probe 2026-08-10","P1"
"https://www.enhe-tech.com.cn/skill-learning/build-your-own-x","src/components/site-header.tsx:29-37 + public probe","zh","legacy_orphan","public","404","unknown","unknown","unknown","unknown","no","keep_404","no","public","keep_404","unknown","header link points to missing page; no confirmed replacement","site-header.tsx:29-37; HTTP probe 2026-08-10","P1"
"https://www.enhe-tech.com.cn/en/skill-learning/build-your-own-x","src/components/site-header.tsx:29-37 + public probe","en","legacy_orphan","public","404","unknown","unknown","unknown","unknown","no","keep_404","no","public","keep_404","unknown","header link points to missing page; no confirmed replacement","site-header.tsx:29-37; HTTP probe 2026-08-10","P1"
