locale,path,page,viewport,cardIndex,pageCardCount,expectedPageCount,columns,isRightColumn,dataScope,exclusionReserve,marginInlineEnd,exclusionMissing,unexpectedExclusion,supportRect,actionRect,cardWidth,baselineCardWidth,baselineCardWidthMatch,gridWidth,baselineGridWidth,baselineGridWidthMatch,baselineSource,peerCardWidthMatch,gap,intersection,verticalIntersection,actionHeight,textClipped,href,rootOverflow,pass
zh,/software,1,320,1,12,12,1,true,all-products,52,52,false,false,"{""left"":260,""right"":304,""top"":784,""bottom"":828,""width"":44,""height"":44}","{""left"":41,""right"":227,""top"":799.734375,""bottom"":843.734375,""width"":186,""height"":44}",280,280,true,280,280,true,pre-implementation-capture,true,33,0,28.265625,44,false,/software/r4-safe-tool-01,0,true
zh,/software,1,320,2,12,12,1,true,all-products,52,52,false,false,"{""left"":260,""right"":304,""top"":784,""bottom"":828,""width"":44,""height"":44}","{""left"":41,""right"":227,""top"":800.21875,""bottom"":844.21875,""width"":186,""height"":44}",280,280,true,280,280,true,pre-implementation-capture,true,33,0,27.78125,44,false,/software/r4-safe-tool-02,0,true
zh,/software,1,320,3,12,12,1,true,all-products,52,52,false,false,"{""left"":260,""right"":304,""top"":784,""bottom"":828,""width"":44,""height"":44}","{""left"":41,""right"":227,""top"":799.703125,""bottom"":843.703125,""width"":186,""height"":44}",280,280,true,280,280,true,pre-implementation-capture,true,33,0,28.296875,44,false,/software/r4-safe-tool-03,0,true
zh,/software,1,320,4,12,12,1,true,all-products,52,52,false,false,"{""left"":260,""right"":304,""top"":784,""bottom"":828,""width"":44,""height"":44}","{""left"":41,""right"":227,""top"":800.1875,""bottom"":844.1875,""width"":186,""height"":44}",280,280,true,280,280,true,pre-implementation-capture,true,33,0,27.8125,44,false,/software/r4-safe-tool-04,0,true
zh,/software,1,320,5,12,12,1,true,all-products,52,52,false,false,"{""left"":260,""right"":304,""top"":784,""bottom"":828,""width"":44,""height"":44}","{""left"":41,""right"":227,""top"":799.671875,""bottom"":843.671875,""width"":186,""height"":44}",280,280,true,280,280,true,pre-implementation-capture,true,33,0,28.328125,44,false,/software/r4-safe-tool-05,0,true
zh,/software,1,320,6,12,12,1,true,all-products,52,52,false,false,"{""left"":260,""right"":304,""top"":784,""bottom"":828,""width"":44,""height"":44}","{""left"":41,""right"":227,""top"":800.15625,""bottom"":844.15625,""width"":186,""height"":44}",280,280,true,280,280,true,pre-implementation-capture,true,33,0,27.84375,44,false,/software/r4-safe-tool-06,0,true
zh,/software,1,320,7,12,12,1,true,all-products,52,52,false,false,"{""left"":260,""right"":304,""top"":784,""bottom"":828,""width"":44,""height"":44}","{""left"":41,""right"":227,""top"":799.640625,""bottom"":843.640625,""width"":186,""height"":44}",280,280,true,280,280,true,pre-implementation-capture,true,33,0,28.359375,44,false,/software/r4-safe-tool-07,0,true
zh,/software,1,320,8,12,12,1,true,all-products,52,52,false,false,"{""left"":260,""right"":304,""top"":784,""bottom"":828,""width"":44,""height"":44}","{""left"":41,""right"":227,""top"":800.125,""bottom"":844.125,""width"":186,""height"":44}",280,280,true,280,280,true,pre-implementation-capture,true,33,0,27.875,44,false,/software/r4-safe-tool-08,0,true
zh,/software,1,320,9,12,12,1,true,all-products,52,52,false,false,"{""left"":260,""right"":304,""top"":784,""bottom"":828,""width"":44,""height"":44}","{""left"":41,""right"":227,""top"":799.609375,""bottom"":843.609375,""width"":186,""height"":44}",280,280,true,280,280,true,pre-implementation-capture,true,33,0,28.390625,44,false,/software/r4-safe-tool-09,0,true
zh,/software,1,320,10,12,12,1,true,all-products,52,52,false,false,"{""left"":260,""right"":304,""top"":784,""bottom"":828,""width"":44,""height"":44}","{""left"":41,""right"":227,""top"":800.09375,""bottom"":844.09375,""width"":186,""height"":44}",280,280,true,280,280,true,pre-implementation-capture,true,33,0,27.90625,44,false,/software/r4-safe-tool-10,0,true
zh,/software,1,320,11,12,12,1,true,all-products,52,52,false,false,"{""left"":260,""right"":304,""top"":784,""bottom"":828,""width"":44,""height"":44}","{""left"":41,""right"":227,""top"":799.578125,""bottom"":843.578125,""width"":186,""height"":44}",280,280,true,280,280,true,pre-implementation-capture,true,33,0,28.421875,44,false,/software/r4-safe-tool-11,0,true
zh,/software,1,320,12,12,12,1,true,all-products,52,52,false,false,"{""left"":260,""right"":304,""top"":784,""bottom"":828,""width"":44,""height"":44}","{""left"":41,""right"":227,""top"":800.0625,""bottom"":844.0625,""width"":186,""height"":44}",280,280,true,280,280,true,pre-implementation-capture,true,33,0,27.9375,44,false,/software/r4-safe-tool-12,0,true
zh,/software?page=2,2,320,1,12,12,1,true,all-products,52,52,false,false,"{""left"":260,""right"":304,""top"":784,""bottom"":828,""width"":44,""height"":44}","{""left"":41,""right"":227,""top"":799.734375,""bottom"":843.734375,""width"":186,""height"":44}",280,280,true,280,280,true,pre-implementation-capture,true,33,0,28.265625,44,false,/software/r4-safe-tool-13,0,true
zh,/software?page=2,2,320,2,12,12,1,true,all-products,52,52,false,false,"{""left"":260,""right"":304,""top"":784,""bottom"":828,""width"":44,""height"":44}","{""left"":41,""right"":227,""top"":800.21875,""bottom"":844.21875,""width"":186,""height"":44}",280,280,true,280,280,true,pre-implementation-capture,true,33,0,27.78125,44,false,/software/r4-safe-tool-14,0,true
zh,/software?page=2,2,320,3,12,12,1,true,all-products,52,52,false,false,"{""left"":260,""right"":304,""top"":784,""bottom"":828,""width"":44,""height"":44}","{""left"":41,""right"":227,""top"":799.703125,""bottom"":843.703125,""width"":186,""height"":44}",280,280,true,280,280,true,pre-implementation-capture,true,33,0,28.296875,44,false,/software/r4-safe-tool-15,0,true
zh,/software?page=2,2,320,4,12,12,1,true,all-products,52,52,false,false,"{""left"":260,""right"":304,""top"":784,""bottom"":828,""width"":44,""height"":44}","{""left"":41,""right"":227,""top"":800.1875,""bottom"":844.1875,""width"":186,""height"":44}",280,280,true,280,280,true,pre-implementation-capture,true,33,0,27.8125,44,false,/software/r4-safe-tool-16,0,true
zh,/software?page=2,2,320,5,12,12,1,true,all-products,52,52,false,false,"{""left"":260,""right"":304,""top"":784,""bottom"":828,""width"":44,""height"":44}","{""left"":41,""right"":227,""top"":799.671875,""bottom"":843.671875,""width"":186,""height"":44}",280,280,true,280,280,true,pre-implementation-capture,true,33,0,28.328125,44,false,/software/r4-safe-tool-17,0,true
zh,/software?page=2,2,320,6,12,12,1,true,all-products,52,52,false,false,"{""left"":260,""right"":304,""top"":784,""bottom"":828,""width"":44,""height"":44}","{""left"":41,""right"":227,""top"":800.15625,""bottom"":844.15625,""width"":186,""height"":44}",280,280,true,280,280,true,pre-implementation-capture,true,33,0,27.84375,44,false,/software/r4-safe-tool-18,0,true
zh,/software?page=2,2,320,7,12,12,1,true,all-products,52,52,false,false,"{""left"":260,""right"":304,""top"":784,""bottom"":828,""width"":44,""height"":44}","{""left"":41,""right"":227,""top"":799.640625,""bottom"":843.640625,""width"":186,""height"":44}",280,280,true,280,280,true,pre-implementation-capture,true,33,0,28.359375,44,false,/software/r4-safe-tool-19,0,true
zh,/software?page=2,2,320,8,12,12,1,true,all-products,52,52,false,false,"{""left"":260,""right"":304,""top"":784,""bottom"":828,""width"":44,""height"":44}","{""left"":41,""right"":227,""top"":800.125,""bottom"":844.125,""width"":186,""height"":44}",280,280,true,280,280,true,pre-implementation-capture,true,33,0,27.875,44,false,/software/r4-safe-tool-20,0,true
zh,/software?page=2,2,320,9,12,12,1,true,all-products,52,52,false,false,"{""left"":260,""right"":304,""top"":784,""bottom"":828,""width"":44,""height"":44}","{""left"":41,""right"":227,""top"":799.609375,""bottom"":843.609375,""width"":186,""height"":44}",280,280,true,280,280,true,pre-implementation-capture,true,33,0,28.390625,44,false,/software/r4-safe-tool-21,0,true
zh,/software?page=2,2,320,10,12,12,1,true,all-products,52,52,false,false,"{""left"":260,""right"":304,""top"":784,""bottom"":828,""width"":44,""height"":44}","{""left"":41,""right"":227,""top"":800.09375,""bottom"":844.09375,""width"":186,""height"":44}",280,280,true,280,280,true,pre-implementation-capture,true,33,0,27.90625,44,false,/software/r4-safe-tool-22,0,true
zh,/software?page=2,2,320,11,12,12,1,true,all-products,52,52,false,false,"{""left"":260,""right"":304,""top"":784,""bottom"":828,""width"":44,""height"":44}","{""left"":41,""right"":227,""top"":799.578125,""bottom"":843.578125,""width"":186,""height"":44}",280,280,true,280,280,true,pre-implementation-capture,true,33,0,28.421875,44,false,/software/r4-safe-tool-23,0,true
zh,/software?page=2,2,320,12,12,12,1,true,all-products,52,52,false,false,"{""left"":260,""right"":304,""top"":784,""bottom"":828,""width"":44,""height"":44}","{""left"":41,""right"":227,""top"":800.0625,""bottom"":844.0625,""width"":186,""height"":44}",280,280,true,280,280,true,pre-implementation-capture,true,33,0,27.9375,44,false,/software/r4-safe-tool-24,0,true
zh,/software?page=3,3,320,1,1,1,1,true,all-products,52,52,false,false,"{""left"":260,""right"":304,""top"":784,""bottom"":828,""width"":44,""height"":44}","{""left"":41,""right"":227,""top"":799.734375,""bottom"":843.734375,""width"":186,""height"":44}",280,280,true,280,280,true,pre-implementation-capture,true,33,0,28.265625,44,false,/software/r4-safe-tool-25,0,true
zh,/software,1,360,1,12,12,1,true,all-products,52,52,false,false,"{""left"":300,""right"":344,""top"":784,""bottom"":828,""width"":44,""height"":44}","{""left"":41,""right"":267,""top"":799.765625,""bottom"":843.765625,""width"":226,""height"":44}",320,320,true,320,320,true,pre-implementation-capture,true,33,0,28.234375,44,false,/software/r4-safe-tool-01,0,true
zh,/software,1,360,2,12,12,1,true,all-products,52,52,false,false,"{""left"":300,""right"":344,""top"":784,""bottom"":828,""width"":44,""height"":44}","{""left"":41,""right"":267,""top"":799.75,""bottom"":843.75,""width"":226,""height"":44}",320,320,true,320,320,true,pre-implementation-capture,true,33,0,28.25,44,false,/software/r4-safe-tool-02,0,true
zh,/software,1,360,3,12,12,1,true,all-products,52,52,false,false,"{""left"":300,""right"":344,""top"":784,""bottom"":828,""width"":44,""height"":44}","{""left"":41,""right"":267,""top"":799.734375,""bottom"":843.734375,""width"":226,""height"":44}",320,320,true,320,320,true,pre-implementation-capture,true,33,0,28.265625,44,false,/software/r4-safe-tool-03,0,true
zh,/software,1,360,4,12,12,1,true,all-products,52,52,false,false,"{""left"":300,""right"":344,""top"":784,""bottom"":828,""width"":44,""height"":44}","{""left"":41,""right"":267,""top"":799.71875,""bottom"":843.71875,""width"":226,""height"":44}",320,320,true,320,320,true,pre-implementation-capture,true,33,0,28.28125,44,false,/software/r4-safe-tool-04,0,true
zh,/software,1,360,5,12,12,1,true,all-products,52,52,false,false,"{""left"":300,""right"":344,""top"":784,""bottom"":828,""width"":44,""height"":44}","{""left"":41,""right"":267,""top"":799.703125,""bottom"":843.703125,""width"":226,""height"":44}",320,320,true,320,320,true,pre-implementation-capture,true,33,0,28.296875,44,false,/software/r4-safe-tool-05,0,true
zh,/software,1,360,6,12,12,1,true,all-products,52,52,false,false,"{""left"":300,""right"":344,""top"":784,""bottom"":828,""width"":44,""height"":44}","{""left"":41,""right"":267,""top"":799.6875,""bottom"":843.6875,""width"":226,""height"":44}",320,320,true,320,320,true,pre-implementation-capture,true,33,0,28.3125,44,false,/software/r4-safe-tool-06,0,true
zh,/software,1,360,7,12,12,1,true,all-products,52,52,false,false,"{""left"":300,""right"":344,""top"":784,""bottom"":828,""width"":44,""height"":44}","{""left"":41,""right"":267,""top"":799.671875,""bottom"":843.671875,""width"":226,""height"":44}",320,320,true,320,320,true,pre-implementation-capture,true,33,0,28.328125,44,false,/software/r4-safe-tool-07,0,true
zh,/software,1,360,8,12,12,1,true,all-products,52,52,false,false,"{""left"":300,""right"":344,""top"":784,""bottom"":828,""width"":44,""height"":44}","{""left"":41,""right"":267,""top"":799.65625,""bottom"":843.65625,""width"":226,""height"":44}",320,320,true,320,320,true,pre-implementation-capture,true,33,0,28.34375,44,false,/software/r4-safe-tool-08,0,true
zh,/software,1,360,9,12,12,1,true,all-products,52,52,false,false,"{""left"":300,""right"":344,""top"":784,""bottom"":828,""width"":44,""height"":44}","{""left"":41,""right"":267,""top"":799.640625,""bottom"":843.640625,""width"":226,""height"":44}",320,320,true,320,320,true,pre-implementation-capture,true,33,0,28.359375,44,false,/software/r4-safe-tool-09,0,true
zh,/software,1,360,10,12,12,1,true,all-products,52,52,false,false,"{""left"":300,""right"":344,""top"":784,""bottom"":828,""width"":44,""height"":44}","{""left"":41,""right"":267,""top"":799.625,""bottom"":843.625,""width"":226,""height"":44}",320,320,true,320,320,true,pre-implementation-capture,true,33,0,28.375,44,false,/software/r4-safe-tool-10,0,true
zh,/software,1,360,11,12,12,1,true,all-products,52,52,false,false,"{""left"":300,""right"":344,""top"":784,""bottom"":828,""width"":44,""height"":44}","{""left"":41,""right"":267,""top"":799.609375,""bottom"":843.609375,""width"":226,""height"":44}",320,320,true,320,320,true,pre-implementation-capture,true,33,0,28.390625,44,false,/software/r4-safe-tool-11,0,true
zh,/software,1,360,12,12,12,1,true,all-products,52,52,false,false,"{""left"":300,""right"":344,""top"":784,""bottom"":828,""width"":44,""height"":44}","{""left"":41,""right"":267,""top"":799.59375,""bottom"":843.59375,""width"":226,""height"":44}",320,320,true,320,320,true,pre-implementation-capture,true,33,0,28.40625,44,false,/software/r4-safe-tool-12,0,true
zh,/software?page=2,2,360,1,12,12,1,true,all-products,52,52,false,false,"{""left"":300,""right"":344,""top"":784,""bottom"":828,""width"":44,""height"":44}","{""left"":41,""right"":267,""top"":799.765625,""bottom"":843.765625,""width"":226,""height"":44}",320,320,true,320,320,true,pre-implementation-capture,true,33,0,28.234375,44,false,/software/r4-safe-tool-13,0,true
zh,/software?page=2,2,360,2,12,12,1,true,all-products,52,52,false,false,"{""left"":300,""right"":344,""top"":784,""bottom"":828,""width"":44,""height"":44}","{""left"":41,""right"":267,""top"":799.75,""bottom"":843.75,""width"":226,""height"":44}",320,320,true,320,320,true,pre-implementation-capture,true,33,0,28.25,44,false,/software/r4-safe-tool-14,0,true
zh,/software?page=2,2,360,3,12,12,1,true,all-products,52,52,false,false,"{""left"":300,""right"":344,""top"":784,""bottom"":828,""width"":44,""height"":44}","{""left"":41,""right"":267,""top"":799.734375,""bottom"":843.734375,""width"":226,""height"":44}",320,320,true,320,320,true,pre-implementation-capture,true,33,0,28.265625,44,false,/software/r4-safe-tool-15,0,true
zh,/software?page=2,2,360,4,12,12,1,true,all-products,52,52,false,false,"{""left"":300,""right"":344,""top"":784,""bottom"":828,""width"":44,""height"":44}","{""left"":41,""right"":267,""top"":799.71875,""bottom"":843.71875,""width"":226,""height"":44}",320,320,true,320,320,true,pre-implementation-capture,true,33,0,28.28125,44,false,/software/r4-safe-tool-16,0,true
zh,/software?page=2,2,360,5,12,12,1,true,all-products,52,52,false,false,"{""left"":300,""right"":344,""top"":784,""bottom"":828,""width"":44,""height"":44}","{""left"":41,""right"":267,""top"":799.703125,""bottom"":843.703125,""width"":226,""height"":44}",320,320,true,320,320,true,pre-implementation-capture,true,33,0,28.296875,44,false,/software/r4-safe-tool-17,0,true
zh,/software?page=2,2,360,6,12,12,1,true,all-products,52,52,false,false,"{""left"":300,""right"":344,""top"":784,""bottom"":828,""width"":44,""height"":44}","{""left"":41,""right"":267,""top"":799.6875,""bottom"":843.6875,""width"":226,""height"":44}",320,320,true,320,320,true,pre-implementation-capture,true,33,0,28.3125,44,false,/software/r4-safe-tool-18,0,true
zh,/software?page=2,2,360,7,12,12,1,true,all-products,52,52,false,false,"{""left"":300,""right"":344,""top"":784,""bottom"":828,""width"":44,""height"":44}","{""left"":41,""right"":267,""top"":799.671875,""bottom"":843.671875,""width"":226,""height"":44}",320,320,true,320,320,true,pre-implementation-capture,true,33,0,28.328125,44,false,/software/r4-safe-tool-19,0,true
zh,/software?page=2,2,360,8,12,12,1,true,all-products,52,52,false,false,"{""left"":300,""right"":344,""top"":784,""bottom"":828,""width"":44,""height"":44}","{""left"":41,""right"":267,""top"":799.65625,""bottom"":843.65625,""width"":226,""height"":44}",320,320,true,320,320,true,pre-implementation-capture,true,33,0,28.34375,44,false,/software/r4-safe-tool-20,0,true
zh,/software?page=2,2,360,9,12,12,1,true,all-products,52,52,false,false,"{""left"":300,""right"":344,""top"":784,""bottom"":828,""width"":44,""height"":44}","{""left"":41,""right"":267,""top"":799.640625,""bottom"":843.640625,""width"":226,""height"":44}",320,320,true,320,320,true,pre-implementation-capture,true,33,0,28.359375,44,false,/software/r4-safe-tool-21,0,true
zh,/software?page=2,2,360,10,12,12,1,true,all-products,52,52,false,false,"{""left"":300,""right"":344,""top"":784,""bottom"":828,""width"":44,""height"":44}","{""left"":41,""right"":267,""top"":799.625,""bottom"":843.625,""width"":226,""height"":44}",320,320,true,320,320,true,pre-implementation-capture,true,33,0,28.375,44,false,/software/r4-safe-tool-22,0,true
zh,/software?page=2,2,360,11,12,12,1,true,all-products,52,52,false,false,"{""left"":300,""right"":344,""top"":784,""bottom"":828,""width"":44,""height"":44}","{""left"":41,""right"":267,""top"":799.609375,""bottom"":843.609375,""width"":226,""height"":44}",320,320,true,320,320,true,pre-implementation-capture,true,33,0,28.390625,44,false,/software/r4-safe-tool-23,0,true
zh,/software?page=2,2,360,12,12,12,1,true,all-products,52,52,false,false,"{""left"":300,""right"":344,""top"":784,""bottom"":828,""width"":44,""height"":44}","{""left"":41,""right"":267,""top"":799.59375,""bottom"":843.59375,""width"":226,""height"":44}",320,320,true,320,320,true,pre-implementation-capture,true,33,0,28.40625,44,false,/software/r4-safe-tool-24,0,true
zh,/software?page=3,3,360,1,1,1,1,true,all-products,52,52,false,false,"{""left"":300,""right"":344,""top"":784,""bottom"":828,""width"":44,""height"":44}","{""left"":41,""right"":267,""top"":799.765625,""bottom"":843.765625,""width"":226,""height"":44}",320,320,true,320,320,true,pre-implementation-capture,true,33,0,28.234375,44,false,/software/r4-safe-tool-25,0,true
zh,/software,1,390,1,12,12,1,true,all-products,52,52,false,false,"{""left"":330,""right"":374,""top"":784,""bottom"":828,""width"":44,""height"":44}","{""left"":41,""right"":297,""top"":800.3125,""bottom"":844.3125,""width"":256,""height"":44}",350,350,true,350,350,true,pre-implementation-capture,true,33,0,27.6875,44,false,/software/r4-safe-tool-01,0,true
zh,/software,1,390,2,12,12,1,true,all-products,52,52,false,false,"{""left"":330,""right"":374,""top"":784,""bottom"":828,""width"":44,""height"":44}","{""left"":41,""right"":297,""top"":800.171875,""bottom"":844.171875,""width"":256,""height"":44}",350,350,true,350,350,true,pre-implementation-capture,true,33,0,27.828125,44,false,/software/r4-safe-tool-02,0,true
zh,/software,1,390,3,12,12,1,true,all-products,52,52,false,false,"{""left"":330,""right"":374,""top"":784,""bottom"":828,""width"":44,""height"":44}","{""left"":41,""right"":297,""top"":800.03125,""bottom"":844.03125,""width"":256,""height"":44}",350,350,true,350,350,true,pre-implementation-capture,true,33,0,27.96875,44,false,/software/r4-safe-tool-03,0,true
zh,/software,1,390,4,12,12,1,true,all-products,52,52,false,false,"{""left"":330,""right"":374,""top"":784,""bottom"":828,""width"":44,""height"":44}","{""left"":41,""right"":297,""top"":799.890625,""bottom"":843.890625,""width"":256,""height"":44}",350,350,true,350,350,true,pre-implementation-capture,true,33,0,28.109375,44,false,/software/r4-safe-tool-04,0,true
zh,/software,1,390,5,12,12,1,true,all-products,52,52,false,false,"{""left"":330,""right"":374,""top"":784,""bottom"":828,""width"":44,""height"":44}","{""left"":41,""right"":297,""top"":799.75,""bottom"":843.75,""width"":256,""height"":44}",350,350,true,350,350,true,pre-implementation-capture,true,33,0,28.25,44,false,/software/r4-safe-tool-05,0,true
zh,/software,1,390,6,12,12,1,true,all-products,52,52,false,false,"{""left"":330,""right"":374,""top"":784,""bottom"":828,""width"":44,""height"":44}","{""left"":41,""right"":297,""top"":799.609375,""bottom"":843.609375,""width"":256,""height"":44}",350,350,true,350,350,true,pre-implementation-capture,true,33,0,28.390625,44,false,/software/r4-safe-tool-06,0,true
zh,/software,1,390,7,12,12,1,true,all-products,52,52,false,false,"{""left"":330,""right"":374,""top"":784,""bottom"":828,""width"":44,""height"":44}","{""left"":41,""right"":297,""top"":800.46875,""bottom"":844.46875,""width"":256,""height"":44}",350,350,true,350,350,true,pre-implementation-capture,true,33,0,27.53125,44,false,/software/r4-safe-tool-07,0,true
zh,/software,1,390,8,12,12,1,true,all-products,52,52,false,false,"{""left"":330,""right"":374,""top"":784,""bottom"":828,""width"":44,""height"":44}","{""left"":41,""right"":297,""top"":800.328125,""bottom"":844.328125,""width"":256,""height"":44}",350,350,true,350,350,true,pre-implementation-capture,true,33,0,27.671875,44,false,/software/r4-safe-tool-08,0,true
zh,/software,1,390,9,12,12,1,true,all-products,52,52,false,false,"{""left"":330,""right"":374,""top"":784,""bottom"":828,""width"":44,""height"":44}","{""left"":41,""right"":297,""top"":800.1875,""bottom"":844.1875,""width"":256,""height"":44}",350,350,true,350,350,true,pre-implementation-capture,true,33,0,27.8125,44,false,/software/r4-safe-tool-09,0,true
zh,/software,1,390,10,12,12,1,true,all-products,52,52,false,false,"{""left"":330,""right"":374,""top"":784,""bottom"":828,""width"":44,""height"":44}","{""left"":41,""right"":297,""top"":800.046875,""bottom"":844.046875,""width"":256,""height"":44}",350,350,true,350,350,true,pre-implementation-capture,true,33,0,27.953125,44,false,/software/r4-safe-tool-10,0,true
zh,/software,1,390,11,12,12,1,true,all-products,52,52,false,false,"{""left"":330,""right"":374,""top"":784,""bottom"":828,""width"":44,""height"":44}","{""left"":41,""right"":297,""top"":799.90625,""bottom"":843.90625,""width"":256,""height"":44}",350,350,true,350,350,true,pre-implementation-capture,true,33,0,28.09375,44,false,/software/r4-safe-tool-11,0,true
zh,/software,1,390,12,12,12,1,true,all-products,52,52,false,false,"{""left"":330,""right"":374,""top"":784,""bottom"":828,""width"":44,""height"":44}","{""left"":41,""right"":297,""top"":799.765625,""bottom"":843.765625,""width"":256,""height"":44}",350,350,true,350,350,true,pre-implementation-capture,true,33,0,28.234375,44,false,/software/r4-safe-tool-12,0,true
zh,/software?page=2,2,390,1,12,12,1,true,all-products,52,52,false,false,"{""left"":330,""right"":374,""top"":784,""bottom"":828,""width"":44,""height"":44}","{""left"":41,""right"":297,""top"":800.3125,""bottom"":844.3125,""width"":256,""height"":44}",350,350,true,350,350,true,pre-implementation-capture,true,33,0,27.6875,44,false,/software/r4-safe-tool-13,0,true
zh,/software?page=2,2,390,2,12,12,1,true,all-products,52,52,false,false,"{""left"":330,""right"":374,""top"":784,""bottom"":828,""width"":44,""height"":44}","{""left"":41,""right"":297,""top"":800.171875,""bottom"":844.171875,""width"":256,""height"":44}",350,350,true,350,350,true,pre-implementation-capture,true,33,0,27.828125,44,false,/software/r4-safe-tool-14,0,true
zh,/software?page=2,2,390,3,12,12,1,true,all-products,52,52,false,false,"{""left"":330,""right"":374,""top"":784,""bottom"":828,""width"":44,""height"":44}","{""left"":41,""right"":297,""top"":800.03125,""bottom"":844.03125,""width"":256,""height"":44}",350,350,true,350,350,true,pre-implementation-capture,true,33,0,27.96875,44,false,/software/r4-safe-tool-15,0,true
zh,/software?page=2,2,390,4,12,12,1,true,all-products,52,52,false,false,"{""left"":330,""right"":374,""top"":784,""bottom"":828,""width"":44,""height"":44}","{""left"":41,""right"":297,""top"":799.890625,""bottom"":843.890625,""width"":256,""height"":44}",350,350,true,350,350,true,pre-implementation-capture,true,33,0,28.109375,44,false,/software/r4-safe-tool-16,0,true
zh,/software?page=2,2,390,5,12,12,1,true,all-products,52,52,false,false,"{""left"":330,""right"":374,""top"":784,""bottom"":828,""width"":44,""height"":44}","{""left"":41,""right"":297,""top"":799.75,""bottom"":843.75,""width"":256,""height"":44}",350,350,true,350,350,true,pre-implementation-capture,true,33,0,28.25,44,false,/software/r4-safe-tool-17,0,true
zh,/software?page=2,2,390,6,12,12,1,true,all-products,52,52,false,false,"{""left"":330,""right"":374,""top"":784,""bottom"":828,""width"":44,""height"":44}","{""left"":41,""right"":297,""top"":799.609375,""bottom"":843.609375,""width"":256,""height"":44}",350,350,true,350,350,true,pre-implementation-capture,true,33,0,28.390625,44,false,/software/r4-safe-tool-18,0,true
zh,/software?page=2,2,390,7,12,12,1,true,all-products,52,52,false,false,"{""left"":330,""right"":374,""top"":784,""bottom"":828,""width"":44,""height"":44}","{""left"":41,""right"":297,""top"":800.46875,""bottom"":844.46875,""width"":256,""height"":44}",350,350,true,350,350,true,pre-implementation-capture,true,33,0,27.53125,44,false,/software/r4-safe-tool-19,0,true
zh,/software?page=2,2,390,8,12,12,1,true,all-products,52,52,false,false,"{""left"":330,""right"":374,""top"":784,""bottom"":828,""width"":44,""height"":44}","{""left"":41,""right"":297,""top"":800.328125,""bottom"":844.328125,""width"":256,""height"":44}",350,350,true,350,350,true,pre-implementation-capture,true,33,0,27.671875,44,false,/software/r4-safe-tool-20,0,true
zh,/software?page=2,2,390,9,12,12,1,true,all-products,52,52,false,false,"{""left"":330,""right"":374,""top"":784,""bottom"":828,""width"":44,""height"":44}","{""left"":41,""right"":297,""top"":800.1875,""bottom"":844.1875,""width"":256,""height"":44}",350,350,true,350,350,true,pre-implementation-capture,true,33,0,27.8125,44,false,/software/r4-safe-tool-21,0,true
zh,/software?page=2,2,390,10,12,12,1,true,all-products,52,52,false,false,"{""left"":330,""right"":374,""top"":784,""bottom"":828,""width"":44,""height"":44}","{""left"":41,""right"":297,""top"":800.046875,""bottom"":844.046875,""width"":256,""height"":44}",350,350,true,350,350,true,pre-implementation-capture,true,33,0,27.953125,44,false,/software/r4-safe-tool-22,0,true
zh,/software?page=2,2,390,11,12,12,1,true,all-products,52,52,false,false,"{""left"":330,""right"":374,""top"":784,""bottom"":828,""width"":44,""height"":44}","{""left"":41,""right"":297,""top"":799.90625,""bottom"":843.90625,""width"":256,""height"":44}",350,350,true,350,350,true,pre-implementation-capture,true,33,0,28.09375,44,false,/software/r4-safe-tool-23,0,true
zh,/software?page=2,2,390,12,12,12,1,true,all-products,52,52,false,false,"{""left"":330,""right"":374,""top"":784,""bottom"":828,""width"":44,""height"":44}","{""left"":41,""right"":297,""top"":799.765625,""bottom"":843.765625,""width"":256,""height"":44}",350,350,true,350,350,true,pre-implementation-capture,true,33,0,28.234375,44,false,/software/r4-safe-tool-24,0,true
zh,/software?page=3,3,390,1,1,1,1,true,all-products,52,52,false,false,"{""left"":330,""right"":374,""top"":784,""bottom"":828,""width"":44,""height"":44}","{""left"":41,""right"":297,""top"":800.3125,""bottom"":844.3125,""width"":256,""height"":44}",350,350,true,350,350,true,pre-implementation-capture,true,33,0,27.6875,44,false,/software/r4-safe-tool-25,0,true
zh,/software,1,480,1,12,12,1,true,all-products,52,52,false,false,"{""left"":420,""right"":464,""top"":784,""bottom"":828,""width"":44,""height"":44}","{""left"":41,""right"":387,""top"":799.5625,""bottom"":843.5625,""width"":346,""height"":44}",440,440,true,440,440,true,pre-implementation-capture,true,33,0,28.4375,44,false,/software/r4-safe-tool-01,0,true
zh,/software,1,480,2,12,12,1,true,all-products,52,52,false,false,"{""left"":420,""right"":464,""top"":784,""bottom"":828,""width"":44,""height"":44}","{""left"":41,""right"":387,""top"":800.046875,""bottom"":844.046875,""width"":346,""height"":44}",440,440,true,440,440,true,pre-implementation-capture,true,33,0,27.953125,44,false,/software/r4-safe-tool-02,0,true
zh,/software,1,480,3,12,12,1,true,all-products,52,52,false,false,"{""left"":420,""right"":464,""top"":784,""bottom"":828,""width"":44,""height"":44}","{""left"":41,""right"":387,""top"":799.53125,""bottom"":843.53125,""width"":346,""height"":44}",440,440,true,440,440,true,pre-implementation-capture,true,33,0,28.46875,44,false,/software/r4-safe-tool-03,0,true
zh,/software,1,480,4,12,12,1,true,all-products,52,52,false,false,"{""left"":420,""right"":464,""top"":784,""bottom"":828,""width"":44,""height"":44}","{""left"":41,""right"":387,""top"":800.015625,""bottom"":844.015625,""width"":346,""height"":44}",440,440,true,440,440,true,pre-implementation-capture,true,33,0,27.984375,44,false,/software/r4-safe-tool-04,0,true
zh,/software,1,480,5,12,12,1,true,all-products,52,52,false,false,"{""left"":420,""right"":464,""top"":784,""bottom"":828,""width"":44,""height"":44}","{""left"":41,""right"":387,""top"":799.5,""bottom"":843.5,""width"":346,""height"":44}",440,440,true,440,440,true,pre-implementation-capture,true,33,0,28.5,44,false,/software/r4-safe-tool-05,0,true
zh,/software,1,480,6,12,12,1,true,all-products,52,52,false,false,"{""left"":420,""right"":464,""top"":784,""bottom"":828,""width"":44,""height"":44}","{""left"":41,""right"":387,""top"":799.984375,""bottom"":843.984375,""width"":346,""height"":44}",440,440,true,440,440,true,pre-implementation-capture,true,33,0,28.015625,44,false,/software/r4-safe-tool-06,0,true
zh,/software,1,480,7,12,12,1,true,all-products,52,52,false,false,"{""left"":420,""right"":464,""top"":784,""bottom"":828,""width"":44,""height"":44}","{""left"":41,""right"":387,""top"":800.46875,""bottom"":844.46875,""width"":346,""height"":44}",440,440,true,440,440,true,pre-implementation-capture,true,33,0,27.53125,44,false,/software/r4-safe-tool-07,0,true
zh,/software,1,480,8,12,12,1,true,all-products,52,52,false,false,"{""left"":420,""right"":464,""top"":784,""bottom"":828,""width"":44,""height"":44}","{""left"":41,""right"":387,""top"":799.953125,""bottom"":843.953125,""width"":346,""height"":44}",440,440,true,440,440,true,pre-implementation-capture,true,33,0,28.046875,44,false,/software/r4-safe-tool-08,0,true
zh,/software,1,480,9,12,12,1,true,all-products,52,52,false,false,"{""left"":420,""right"":464,""top"":784,""bottom"":828,""width"":44,""height"":44}","{""left"":41,""right"":387,""top"":800.4375,""bottom"":844.4375,""width"":346,""height"":44}",440,440,true,440,440,true,pre-implementation-capture,true,33,0,27.5625,44,false,/software/r4-safe-tool-09,0,true
zh,/software,1,480,10,12,12,1,true,all-products,52,52,false,false,"{""left"":420,""right"":464,""top"":784,""bottom"":828,""width"":44,""height"":44}","{""left"":41,""right"":387,""top"":799.921875,""bottom"":843.921875,""width"":346,""height"":44}",440,440,true,440,440,true,pre-implementation-capture,true,33,0,28.078125,44,false,/software/r4-safe-tool-10,0,true
zh,/software,1,480,11,12,12,1,true,all-products,52,52,false,false,"{""left"":420,""right"":464,""top"":784,""bottom"":828,""width"":44,""height"":44}","{""left"":41,""right"":387,""top"":800.40625,""bottom"":844.40625,""width"":346,""height"":44}",440,440,true,440,440,true,pre-implementation-capture,true,33,0,27.59375,44,false,/software/r4-safe-tool-11,0,true
zh,/software,1,480,12,12,12,1,true,all-products,52,52,false,false,"{""left"":420,""right"":464,""top"":784,""bottom"":828,""width"":44,""height"":44}","{""left"":41,""right"":387,""top"":799.890625,""bottom"":843.890625,""width"":346,""height"":44}",440,440,true,440,440,true,pre-implementation-capture,true,33,0,28.109375,44,false,/software/r4-safe-tool-12,0,true
zh,/software?page=2,2,480,1,12,12,1,true,all-products,52,52,false,false,"{""left"":420,""right"":464,""top"":784,""bottom"":828,""width"":44,""height"":44}","{""left"":41,""right"":387,""top"":799.5625,""bottom"":843.5625,""width"":346,""height"":44}",440,440,true,440,440,true,pre-implementation-capture,true,33,0,28.4375,44,false,/software/r4-safe-tool-13,0,true
zh,/software?page=2,2,480,2,12,12,1,true,all-products,52,52,false,false,"{""left"":420,""right"":464,""top"":784,""bottom"":828,""width"":44,""height"":44}","{""left"":41,""right"":387,""top"":800.046875,""bottom"":844.046875,""width"":346,""height"":44}",440,440,true,440,440,true,pre-implementation-capture,true,33,0,27.953125,44,false,/software/r4-safe-tool-14,0,true
zh,/software?page=2,2,480,3,12,12,1,true,all-products,52,52,false,false,"{""left"":420,""right"":464,""top"":784,""bottom"":828,""width"":44,""height"":44}","{""left"":41,""right"":387,""top"":799.53125,""bottom"":843.53125,""width"":346,""height"":44}",440,440,true,440,440,true,pre-implementation-capture,true,33,0,28.46875,44,false,/software/r4-safe-tool-15,0,true
zh,/software?page=2,2,480,4,12,12,1,true,all-products,52,52,false,false,"{""left"":420,""right"":464,""top"":784,""bottom"":828,""width"":44,""height"":44}","{""left"":41,""right"":387,""top"":800.015625,""bottom"":844.015625,""width"":346,""height"":44}",440,440,true,440,440,true,pre-implementation-capture,true,33,0,27.984375,44,false,/software/r4-safe-tool-16,0,true
zh,/software?page=2,2,480,5,12,12,1,true,all-products,52,52,false,false,"{""left"":420,""right"":464,""top"":784,""bottom"":828,""width"":44,""height"":44}","{""left"":41,""right"":387,""top"":799.5,""bottom"":843.5,""width"":346,""height"":44}",440,440,true,440,440,true,pre-implementation-capture,true,33,0,28.5,44,false,/software/r4-safe-tool-17,0,true
zh,/software?page=2,2,480,6,12,12,1,true,all-products,52,52,false,false,"{""left"":420,""right"":464,""top"":784,""bottom"":828,""width"":44,""height"":44}","{""left"":41,""right"":387,""top"":799.984375,""bottom"":843.984375,""width"":346,""height"":44}",440,440,true,440,440,true,pre-implementation-capture,true,33,0,28.015625,44,false,/software/r4-safe-tool-18,0,true
zh,/software?page=2,2,480,7,12,12,1,true,all-products,52,52,false,false,"{""left"":420,""right"":464,""top"":784,""bottom"":828,""width"":44,""height"":44}","{""left"":41,""right"":387,""top"":800.46875,""bottom"":844.46875,""width"":346,""height"":44}",440,440,true,440,440,true,pre-implementation-capture,true,33,0,27.53125,44,false,/software/r4-safe-tool-19,0,true
zh,/software?page=2,2,480,8,12,12,1,true,all-products,52,52,false,false,"{""left"":420,""right"":464,""top"":784,""bottom"":828,""width"":44,""height"":44}","{""left"":41,""right"":387,""top"":799.953125,""bottom"":843.953125,""width"":346,""height"":44}",440,440,true,440,440,true,pre-implementation-capture,true,33,0,28.046875,44,false,/software/r4-safe-tool-20,0,true
zh,/software?page=2,2,480,9,12,12,1,true,all-products,52,52,false,false,"{""left"":420,""right"":464,""top"":784,""bottom"":828,""width"":44,""height"":44}","{""left"":41,""right"":387,""top"":800.4375,""bottom"":844.4375,""width"":346,""height"":44}",440,440,true,440,440,true,pre-implementation-capture,true,33,0,27.5625,44,false,/software/r4-safe-tool-21,0,true
zh,/software?page=2,2,480,10,12,12,1,true,all-products,52,52,false,false,"{""left"":420,""right"":464,""top"":784,""bottom"":828,""width"":44,""height"":44}","{""left"":41,""right"":387,""top"":799.921875,""bottom"":843.921875,""width"":346,""height"":44}",440,440,true,440,440,true,pre-implementation-capture,true,33,0,28.078125,44,false,/software/r4-safe-tool-22,0,true
zh,/software?page=2,2,480,11,12,12,1,true,all-products,52,52,false,false,"{""left"":420,""right"":464,""top"":784,""bottom"":828,""width"":44,""height"":44}","{""left"":41,""right"":387,""top"":800.40625,""bottom"":844.40625,""width"":346,""height"":44}",440,440,true,440,440,true,pre-implementation-capture,true,33,0,27.59375,44,false,/software/r4-safe-tool-23,0,true
zh,/software?page=2,2,480,12,12,12,1,true,all-products,52,52,false,false,"{""left"":420,""right"":464,""top"":784,""bottom"":828,""width"":44,""height"":44}","{""left"":41,""right"":387,""top"":799.890625,""bottom"":843.890625,""width"":346,""height"":44}",440,440,true,440,440,true,pre-implementation-capture,true,33,0,28.109375,44,false,/software/r4-safe-tool-24,0,true
zh,/software?page=3,3,480,1,1,1,1,true,all-products,52,52,false,false,"{""left"":420,""right"":464,""top"":784,""bottom"":828,""width"":44,""height"":44}","{""left"":41,""right"":387,""top"":799.5625,""bottom"":843.5625,""width"":346,""height"":44}",440,440,true,440,440,true,pre-implementation-capture,true,33,0,28.4375,44,false,/software/r4-safe-tool-25,0,true
zh,/software,1,483,1,12,12,1,true,all-products,52,52,false,false,"{""left"":423,""right"":467,""top"":840,""bottom"":884,""width"":44,""height"":44}","{""left"":41,""right"":390,""top"":856.015625,""bottom"":900.015625,""width"":349,""height"":44}",443,443,true,443,443,true,test-only-exclusion-disabled,true,33,0,27.984375,44,false,/software/r4-safe-tool-01,0,true
zh,/software,1,483,2,12,12,1,true,all-products,52,52,false,false,"{""left"":423,""right"":467,""top"":840,""bottom"":884,""width"":44,""height"":44}","{""left"":41,""right"":390,""top"":856.1875,""bottom"":900.1875,""width"":349,""height"":44}",443,443,true,443,443,true,test-only-exclusion-disabled,true,33,0,27.8125,44,false,/software/r4-safe-tool-02,0,true
zh,/software,1,483,3,12,12,1,true,all-products,52,52,false,false,"{""left"":423,""right"":467,""top"":840,""bottom"":884,""width"":44,""height"":44}","{""left"":41,""right"":390,""top"":856.359375,""bottom"":900.359375,""width"":349,""height"":44}",443,443,true,443,443,true,test-only-exclusion-disabled,true,33,0,27.640625,44,false,/software/r4-safe-tool-03,0,true
zh,/software,1,483,4,12,12,1,true,all-products,52,52,false,false,"{""left"":423,""right"":467,""top"":840,""bottom"":884,""width"":44,""height"":44}","{""left"":41,""right"":390,""top"":855.53125,""bottom"":899.53125,""width"":349,""height"":44}",443,443,true,443,443,true,test-only-exclusion-disabled,true,33,0,28.46875,44,false,/software/r4-safe-tool-04,0,true
zh,/software,1,483,5,12,12,1,true,all-products,52,52,false,false,"{""left"":423,""right"":467,""top"":840,""bottom"":884,""width"":44,""height"":44}","{""left"":41,""right"":390,""top"":855.703125,""bottom"":899.703125,""width"":349,""height"":44}",443,443,true,443,443,true,test-only-exclusion-disabled,true,33,0,28.296875,44,false,/software/r4-safe-tool-05,0,true
zh,/software,1,483,6,12,12,1,true,all-products,52,52,false,false,"{""left"":423,""right"":467,""top"":840,""bottom"":884,""width"":44,""height"":44}","{""left"":41,""right"":390,""top"":855.875,""bottom"":899.875,""width"":349,""height"":44}",443,443,true,443,443,true,test-only-exclusion-disabled,true,33,0,28.125,44,false,/software/r4-safe-tool-06,0,true
zh,/software,1,483,7,12,12,1,true,all-products,52,52,false,false,"{""left"":423,""right"":467,""top"":840,""bottom"":884,""width"":44,""height"":44}","{""left"":41,""right"":390,""top"":856.046875,""bottom"":900.046875,""width"":349,""height"":44}",443,443,true,443,443,true,test-only-exclusion-disabled,true,33,0,27.953125,44,false,/software/r4-safe-tool-07,0,true
zh,/software,1,483,8,12,12,1,true,all-products,52,52,false,false,"{""left"":423,""right"":467,""top"":840,""bottom"":884,""width"":44,""height"":44}","{""left"":41,""right"":390,""top"":856.21875,""bottom"":900.21875,""width"":349,""height"":44}",443,443,true,443,443,true,test-only-exclusion-disabled,true,33,0,27.78125,44,false,/software/r4-safe-tool-08,0,true
zh,/software,1,483,9,12,12,1,true,all-products,52,52,false,false,"{""left"":423,""right"":467,""top"":840,""bottom"":884,""width"":44,""height"":44}","{""left"":41,""right"":390,""top"":856.390625,""bottom"":900.390625,""width"":349,""height"":44}",443,443,true,443,443,true,test-only-exclusion-disabled,true,33,0,27.609375,44,false,/software/r4-safe-tool-09,0,true
zh,/software,1,483,10,12,12,1,true,all-products,52,52,false,false,"{""left"":423,""right"":467,""top"":840,""bottom"":884,""width"":44,""height"":44}","{""left"":41,""right"":390,""top"":855.5625,""bottom"":899.5625,""width"":349,""height"":44}",443,443,true,443,443,true,test-only-exclusion-disabled,true,33,0,28.4375,44,false,/software/r4-safe-tool-10,0,true
zh,/software,1,483,11,12,12,1,true,all-products,52,52,false,false,"{""left"":423,""right"":467,""top"":840,""bottom"":884,""width"":44,""height"":44}","{""left"":41,""right"":390,""top"":855.734375,""bottom"":899.734375,""width"":349,""height"":44}",443,443,true,443,443,true,test-only-exclusion-disabled,true,33,0,28.265625,44,false,/software/r4-safe-tool-11,0,true
zh,/software,1,483,12,12,12,1,true,all-products,52,52,false,false,"{""left"":423,""right"":467,""top"":840,""bottom"":884,""width"":44,""height"":44}","{""left"":41,""right"":390,""top"":855.90625,""bottom"":899.90625,""width"":349,""height"":44}",443,443,true,443,443,true,test-only-exclusion-disabled,true,33,0,28.09375,44,false,/software/r4-safe-tool-12,0,true
zh,/software?page=2,2,483,1,12,12,1,true,all-products,52,52,false,false,"{""left"":423,""right"":467,""top"":840,""bottom"":884,""width"":44,""height"":44}","{""left"":41,""right"":390,""top"":856.015625,""bottom"":900.015625,""width"":349,""height"":44}",443,443,true,443,443,true,test-only-exclusion-disabled,true,33,0,27.984375,44,false,/software/r4-safe-tool-13,0,true
zh,/software?page=2,2,483,2,12,12,1,true,all-products,52,52,false,false,"{""left"":423,""right"":467,""top"":840,""bottom"":884,""width"":44,""height"":44}","{""left"":41,""right"":390,""top"":856.1875,""bottom"":900.1875,""width"":349,""height"":44}",443,443,true,443,443,true,test-only-exclusion-disabled,true,33,0,27.8125,44,false,/software/r4-safe-tool-14,0,true
zh,/software?page=2,2,483,3,12,12,1,true,all-products,52,52,false,false,"{""left"":423,""right"":467,""top"":840,""bottom"":884,""width"":44,""height"":44}","{""left"":41,""right"":390,""top"":856.359375,""bottom"":900.359375,""width"":349,""height"":44}",443,443,true,443,443,true,test-only-exclusion-disabled,true,33,0,27.640625,44,false,/software/r4-safe-tool-15,0,true
zh,/software?page=2,2,483,4,12,12,1,true,all-products,52,52,false,false,"{""left"":423,""right"":467,""top"":840,""bottom"":884,""width"":44,""height"":44}","{""left"":41,""right"":390,""top"":855.53125,""bottom"":899.53125,""width"":349,""height"":44}",443,443,true,443,443,true,test-only-exclusion-disabled,true,33,0,28.46875,44,false,/software/r4-safe-tool-16,0,true
zh,/software?page=2,2,483,5,12,12,1,true,all-products,52,52,false,false,"{""left"":423,""right"":467,""top"":840,""bottom"":884,""width"":44,""height"":44}","{""left"":41,""right"":390,""top"":855.703125,""bottom"":899.703125,""width"":349,""height"":44}",443,443,true,443,443,true,test-only-exclusion-disabled,true,33,0,28.296875,44,false,/software/r4-safe-tool-17,0,true
zh,/software?page=2,2,483,6,12,12,1,true,all-products,52,52,false,false,"{""left"":423,""right"":467,""top"":840,""bottom"":884,""width"":44,""height"":44}","{""left"":41,""right"":390,""top"":855.875,""bottom"":899.875,""width"":349,""height"":44}",443,443,true,443,443,true,test-only-exclusion-disabled,true,33,0,28.125,44,false,/software/r4-safe-tool-18,0,true
zh,/software?page=2,2,483,7,12,12,1,true,all-products,52,52,false,false,"{""left"":423,""right"":467,""top"":840,""bottom"":884,""width"":44,""height"":44}","{""left"":41,""right"":390,""top"":856.046875,""bottom"":900.046875,""width"":349,""height"":44}",443,443,true,443,443,true,test-only-exclusion-disabled,true,33,0,27.953125,44,false,/software/r4-safe-tool-19,0,true
zh,/software?page=2,2,483,8,12,12,1,true,all-products,52,52,false,false,"{""left"":423,""right"":467,""top"":840,""bottom"":884,""width"":44,""height"":44}","{""left"":41,""right"":390,""top"":856.21875,""bottom"":900.21875,""width"":349,""height"":44}",443,443,true,443,443,true,test-only-exclusion-disabled,true,33,0,27.78125,44,false,/software/r4-safe-tool-20,0,true
zh,/software?page=2,2,483,9,12,12,1,true,all-products,52,52,false,false,"{""left"":423,""right"":467,""top"":840,""bottom"":884,""width"":44,""height"":44}","{""left"":41,""right"":390,""top"":856.390625,""bottom"":900.390625,""width"":349,""height"":44}",443,443,true,443,443,true,test-only-exclusion-disabled,true,33,0,27.609375,44,false,/software/r4-safe-tool-21,0,true
zh,/software?page=2,2,483,10,12,12,1,true,all-products,52,52,false,false,"{""left"":423,""right"":467,""top"":840,""bottom"":884,""width"":44,""height"":44}","{""left"":41,""right"":390,""top"":855.5625,""bottom"":899.5625,""width"":349,""height"":44}",443,443,true,443,443,true,test-only-exclusion-disabled,true,33,0,28.4375,44,false,/software/r4-safe-tool-22,0,true
zh,/software?page=2,2,483,11,12,12,1,true,all-products,52,52,false,false,"{""left"":423,""right"":467,""top"":840,""bottom"":884,""width"":44,""height"":44}","{""left"":41,""right"":390,""top"":855.734375,""bottom"":899.734375,""width"":349,""height"":44}",443,443,true,443,443,true,test-only-exclusion-disabled,true,33,0,28.265625,44,false,/software/r4-safe-tool-23,0,true
zh,/software?page=2,2,483,12,12,12,1,true,all-products,52,52,false,false,"{""left"":423,""right"":467,""top"":840,""bottom"":884,""width"":44,""height"":44}","{""left"":41,""right"":390,""top"":855.90625,""bottom"":899.90625,""width"":349,""height"":44}",443,443,true,443,443,true,test-only-exclusion-disabled,true,33,0,28.09375,44,false,/software/r4-safe-tool-24,0,true
zh,/software?page=3,3,483,1,1,1,1,true,all-products,52,52,false,false,"{""left"":423,""right"":467,""top"":840,""bottom"":884,""width"":44,""height"":44}","{""left"":41,""right"":390,""top"":856.015625,""bottom"":900.015625,""width"":349,""height"":44}",443,443,true,443,443,true,test-only-exclusion-disabled,true,33,0,27.984375,44,false,/software/r4-safe-tool-25,0,true
zh,/software,1,484,1,12,12,1,true,all-products,104,104,false,false,"{""left"":380,""right"":468,""top"":838,""bottom"":884,""width"":88,""height"":46}","{""left"":41,""right"":339,""top"":856.484375,""bottom"":900.484375,""width"":298,""height"":44}",444,444,true,444,444,true,test-only-exclusion-disabled,true,41,0,27.515625,44,false,/software/r4-safe-tool-01,0,true
zh,/software,1,484,2,12,12,1,true,all-products,104,104,false,false,"{""left"":380,""right"":468,""top"":838,""bottom"":884,""width"":88,""height"":46}","{""left"":41,""right"":339,""top"":856.21875,""bottom"":900.21875,""width"":298,""height"":44}",444,444,true,444,444,true,test-only-exclusion-disabled,true,41,0,27.78125,44,false,/software/r4-safe-tool-02,0,true
zh,/software,1,484,3,12,12,1,true,all-products,104,104,false,false,"{""left"":380,""right"":468,""top"":838,""bottom"":884,""width"":88,""height"":46}","{""left"":41,""right"":339,""top"":855.953125,""bottom"":899.953125,""width"":298,""height"":44}",444,444,true,444,444,true,test-only-exclusion-disabled,true,41,0,28.046875,44,false,/software/r4-safe-tool-03,0,true
zh,/software,1,484,4,12,12,1,true,all-products,104,104,false,false,"{""left"":380,""right"":468,""top"":838,""bottom"":884,""width"":88,""height"":46}","{""left"":41,""right"":339,""top"":855.6875,""bottom"":899.6875,""width"":298,""height"":44}",444,444,true,444,444,true,test-only-exclusion-disabled,true,41,0,28.3125,44,false,/software/r4-safe-tool-04,0,true
zh,/software,1,484,5,12,12,1,true,all-products,104,104,false,false,"{""left"":380,""right"":468,""top"":838,""bottom"":884,""width"":88,""height"":46}","{""left"":41,""right"":339,""top"":856.421875,""bottom"":900.421875,""width"":298,""height"":44}",444,444,true,444,444,true,test-only-exclusion-disabled,true,41,0,27.578125,44,false,/software/r4-safe-tool-05,0,true
zh,/software,1,484,6,12,12,1,true,all-products,104,104,false,false,"{""left"":380,""right"":468,""top"":838,""bottom"":884,""width"":88,""height"":46}","{""left"":41,""right"":339,""top"":856.15625,""bottom"":900.15625,""width"":298,""height"":44}",444,444,true,444,444,true,test-only-exclusion-disabled,true,41,0,27.84375,44,false,/software/r4-safe-tool-06,0,true
zh,/software,1,484,7,12,12,1,true,all-products,104,104,false,false,"{""left"":380,""right"":468,""top"":838,""bottom"":884,""width"":88,""height"":46}","{""left"":41,""right"":339,""top"":855.890625,""bottom"":899.890625,""width"":298,""height"":44}",444,444,true,444,444,true,test-only-exclusion-disabled,true,41,0,28.109375,44,false,/software/r4-safe-tool-07,0,true
zh,/software,1,484,8,12,12,1,true,all-products,104,104,false,false,"{""left"":380,""right"":468,""top"":838,""bottom"":884,""width"":88,""height"":46}","{""left"":41,""right"":339,""top"":855.625,""bottom"":899.625,""width"":298,""height"":44}",444,444,true,444,444,true,test-only-exclusion-disabled,true,41,0,28.375,44,false,/software/r4-safe-tool-08,0,true
zh,/software,1,484,9,12,12,1,true,all-products,104,104,false,false,"{""left"":380,""right"":468,""top"":838,""bottom"":884,""width"":88,""height"":46}","{""left"":41,""right"":339,""top"":856.359375,""bottom"":900.359375,""width"":298,""height"":44}",444,444,true,444,444,true,test-only-exclusion-disabled,true,41,0,27.640625,44,false,/software/r4-safe-tool-09,0,true
zh,/software,1,484,10,12,12,1,true,all-products,104,104,false,false,"{""left"":380,""right"":468,""top"":838,""bottom"":884,""width"":88,""height"":46}","{""left"":41,""right"":339,""top"":856.09375,""bottom"":900.09375,""width"":298,""height"":44}",444,444,true,444,444,true,test-only-exclusion-disabled,true,41,0,27.90625,44,false,/software/r4-safe-tool-10,0,true
zh,/software,1,484,11,12,12,1,true,all-products,104,104,false,false,"{""left"":380,""right"":468,""top"":838,""bottom"":884,""width"":88,""height"":46}","{""left"":41,""right"":339,""top"":855.828125,""bottom"":899.828125,""width"":298,""height"":44}",444,444,true,444,444,true,test-only-exclusion-disabled,true,41,0,28.171875,44,false,/software/r4-safe-tool-11,0,true
zh,/software,1,484,12,12,12,1,true,all-products,104,104,false,false,"{""left"":380,""right"":468,""top"":838,""bottom"":884,""width"":88,""height"":46}","{""left"":41,""right"":339,""top"":855.5625,""bottom"":899.5625,""width"":298,""height"":44}",444,444,true,444,444,true,test-only-exclusion-disabled,true,41,0,28.4375,44,false,/software/r4-safe-tool-12,0,true
zh,/software?page=2,2,484,1,12,12,1,true,all-products,104,104,false,false,"{""left"":380,""right"":468,""top"":838,""bottom"":884,""width"":88,""height"":46}","{""left"":41,""right"":339,""top"":856.484375,""bottom"":900.484375,""width"":298,""height"":44}",444,444,true,444,444,true,test-only-exclusion-disabled,true,41,0,27.515625,44,false,/software/r4-safe-tool-13,0,true
zh,/software?page=2,2,484,2,12,12,1,true,all-products,104,104,false,false,"{""left"":380,""right"":468,""top"":838,""bottom"":884,""width"":88,""height"":46}","{""left"":41,""right"":339,""top"":856.21875,""bottom"":900.21875,""width"":298,""height"":44}",444,444,true,444,444,true,test-only-exclusion-disabled,true,41,0,27.78125,44,false,/software/r4-safe-tool-14,0,true
zh,/software?page=2,2,484,3,12,12,1,true,all-products,104,104,false,false,"{""left"":380,""right"":468,""top"":838,""bottom"":884,""width"":88,""height"":46}","{""left"":41,""right"":339,""top"":855.953125,""bottom"":899.953125,""width"":298,""height"":44}",444,444,true,444,444,true,test-only-exclusion-disabled,true,41,0,28.046875,44,false,/software/r4-safe-tool-15,0,true
zh,/software?page=2,2,484,4,12,12,1,true,all-products,104,104,false,false,"{""left"":380,""right"":468,""top"":838,""bottom"":884,""width"":88,""height"":46}","{""left"":41,""right"":339,""top"":855.6875,""bottom"":899.6875,""width"":298,""height"":44}",444,444,true,444,444,true,test-only-exclusion-disabled,true,41,0,28.3125,44,false,/software/r4-safe-tool-16,0,true
zh,/software?page=2,2,484,5,12,12,1,true,all-products,104,104,false,false,"{""left"":380,""right"":468,""top"":838,""bottom"":884,""width"":88,""height"":46}","{""left"":41,""right"":339,""top"":856.421875,""bottom"":900.421875,""width"":298,""height"":44}",444,444,true,444,444,true,test-only-exclusion-disabled,true,41,0,27.578125,44,false,/software/r4-safe-tool-17,0,true
zh,/software?page=2,2,484,6,12,12,1,true,all-products,104,104,false,false,"{""left"":380,""right"":468,""top"":838,""bottom"":884,""width"":88,""height"":46}","{""left"":41,""right"":339,""top"":856.15625,""bottom"":900.15625,""width"":298,""height"":44}",444,444,true,444,444,true,test-only-exclusion-disabled,true,41,0,27.84375,44,false,/software/r4-safe-tool-18,0,true
zh,/software?page=2,2,484,7,12,12,1,true,all-products,104,104,false,false,"{""left"":380,""right"":468,""top"":838,""bottom"":884,""width"":88,""height"":46}","{""left"":41,""right"":339,""top"":855.890625,""bottom"":899.890625,""width"":298,""height"":44}",444,444,true,444,444,true,test-only-exclusion-disabled,true,41,0,28.109375,44,false,/software/r4-safe-tool-19,0,true
zh,/software?page=2,2,484,8,12,12,1,true,all-products,104,104,false,false,"{""left"":380,""right"":468,""top"":838,""bottom"":884,""width"":88,""height"":46}","{""left"":41,""right"":339,""top"":855.625,""bottom"":899.625,""width"":298,""height"":44}",444,444,true,444,444,true,test-only-exclusion-disabled,true,41,0,28.375,44,false,/software/r4-safe-tool-20,0,true
zh,/software?page=2,2,484,9,12,12,1,true,all-products,104,104,false,false,"{""left"":380,""right"":468,""top"":838,""bottom"":884,""width"":88,""height"":46}","{""left"":41,""right"":339,""top"":856.359375,""bottom"":900.359375,""width"":298,""height"":44}",444,444,true,444,444,true,test-only-exclusion-disabled,true,41,0,27.640625,44,false,/software/r4-safe-tool-21,0,true
zh,/software?page=2,2,484,10,12,12,1,true,all-products,104,104,false,false,"{""left"":380,""right"":468,""top"":838,""bottom"":884,""width"":88,""height"":46}","{""left"":41,""right"":339,""top"":856.09375,""bottom"":900.09375,""width"":298,""height"":44}",444,444,true,444,444,true,test-only-exclusion-disabled,true,41,0,27.90625,44,false,/software/r4-safe-tool-22,0,true
zh,/software?page=2,2,484,11,12,12,1,true,all-products,104,104,false,false,"{""left"":380,""right"":468,""top"":838,""bottom"":884,""width"":88,""height"":46}","{""left"":41,""right"":339,""top"":855.828125,""bottom"":899.828125,""width"":298,""height"":44}",444,444,true,444,444,true,test-only-exclusion-disabled,true,41,0,28.171875,44,false,/software/r4-safe-tool-23,0,true
zh,/software?page=2,2,484,12,12,12,1,true,all-products,104,104,false,false,"{""left"":380,""right"":468,""top"":838,""bottom"":884,""width"":88,""height"":46}","{""left"":41,""right"":339,""top"":855.5625,""bottom"":899.5625,""width"":298,""height"":44}",444,444,true,444,444,true,test-only-exclusion-disabled,true,41,0,28.4375,44,false,/software/r4-safe-tool-24,0,true
zh,/software?page=3,3,484,1,1,1,1,true,all-products,104,104,false,false,"{""left"":380,""right"":468,""top"":838,""bottom"":884,""width"":88,""height"":46}","{""left"":41,""right"":339,""top"":856.484375,""bottom"":900.484375,""width"":298,""height"":44}",444,444,true,444,444,true,test-only-exclusion-disabled,true,41,0,27.515625,44,false,/software/r4-safe-tool-25,0,true
zh,/software,1,767,1,12,12,1,true,all-products,104,104,false,false,"{""left"":663,""right"":751,""top"":838,""bottom"":884,""width"":88,""height"":46}","{""left"":41,""right"":622,""top"":856.359375,""bottom"":900.359375,""width"":581,""height"":44}",727,727,true,727,727,true,test-only-exclusion-disabled,true,41,0,27.640625,44,false,/software/r4-safe-tool-01,0,true
zh,/software,1,767,2,12,12,1,true,all-products,104,104,false,false,"{""left"":663,""right"":751,""top"":838,""bottom"":884,""width"":88,""height"":46}","{""left"":41,""right"":622,""top"":856.09375,""bottom"":900.09375,""width"":581,""height"":44}",727,727,true,727,727,true,test-only-exclusion-disabled,true,41,0,27.90625,44,false,/software/r4-safe-tool-02,0,true
zh,/software,1,767,3,12,12,1,true,all-products,104,104,false,false,"{""left"":663,""right"":751,""top"":838,""bottom"":884,""width"":88,""height"":46}","{""left"":41,""right"":622,""top"":855.828125,""bottom"":899.828125,""width"":581,""height"":44}",727,727,true,727,727,true,test-only-exclusion-disabled,true,41,0,28.171875,44,false,/software/r4-safe-tool-03,0,true
zh,/software,1,767,4,12,12,1,true,all-products,104,104,false,false,"{""left"":663,""right"":751,""top"":838,""bottom"":884,""width"":88,""height"":46}","{""left"":41,""right"":622,""top"":855.5625,""bottom"":899.5625,""width"":581,""height"":44}",727,727,true,727,727,true,test-only-exclusion-disabled,true,41,0,28.4375,44,false,/software/r4-safe-tool-04,0,true
zh,/software,1,767,5,12,12,1,true,all-products,104,104,false,false,"{""left"":663,""right"":751,""top"":838,""bottom"":884,""width"":88,""height"":46}","{""left"":41,""right"":622,""top"":856.296875,""bottom"":900.296875,""width"":581,""height"":44}",727,727,true,727,727,true,test-only-exclusion-disabled,true,41,0,27.703125,44,false,/software/r4-safe-tool-05,0,true
zh,/software,1,767,6,12,12,1,true,all-products,104,104,false,false,"{""left"":663,""right"":751,""top"":838,""bottom"":884,""width"":88,""height"":46}","{""left"":41,""right"":622,""top"":856.03125,""bottom"":900.03125,""width"":581,""height"":44}",727,727,true,727,727,true,test-only-exclusion-disabled,true,41,0,27.96875,44,false,/software/r4-safe-tool-06,0,true
zh,/software,1,767,7,12,12,1,true,all-products,104,104,false,false,"{""left"":663,""right"":751,""top"":838,""bottom"":884,""width"":88,""height"":46}","{""left"":41,""right"":622,""top"":855.765625,""bottom"":899.765625,""width"":581,""height"":44}",727,727,true,727,727,true,test-only-exclusion-disabled,true,41,0,28.234375,44,false,/software/r4-safe-tool-07,0,true
zh,/software,1,767,8,12,12,1,true,all-products,104,104,false,false,"{""left"":663,""right"":751,""top"":838,""bottom"":884,""width"":88,""height"":46}","{""left"":41,""right"":622,""top"":855.5,""bottom"":899.5,""width"":581,""height"":44}",727,727,true,727,727,true,test-only-exclusion-disabled,true,41,0,28.5,44,false,/software/r4-safe-tool-08,0,true
zh,/software,1,767,9,12,12,1,true,all-products,104,104,false,false,"{""left"":663,""right"":751,""top"":838,""bottom"":884,""width"":88,""height"":46}","{""left"":41,""right"":622,""top"":856.234375,""bottom"":900.234375,""width"":581,""height"":44}",727,727,true,727,727,true,test-only-exclusion-disabled,true,41,0,27.765625,44,false,/software/r4-safe-tool-09,0,true
zh,/software,1,767,10,12,12,1,true,all-products,104,104,false,false,"{""left"":663,""right"":751,""top"":838,""bottom"":884,""width"":88,""height"":46}","{""left"":41,""right"":622,""top"":855.96875,""bottom"":899.96875,""width"":581,""height"":44}",727,727,true,727,727,true,test-only-exclusion-disabled,true,41,0,28.03125,44,false,/software/r4-safe-tool-10,0,true
zh,/software,1,767,11,12,12,1,true,all-products,104,104,false,false,"{""left"":663,""right"":751,""top"":838,""bottom"":884,""width"":88,""height"":46}","{""left"":41,""right"":622,""top"":855.703125,""bottom"":899.703125,""width"":581,""height"":44}",727,727,true,727,727,true,test-only-exclusion-disabled,true,41,0,28.296875,44,false,/software/r4-safe-tool-11,0,true
zh,/software,1,767,12,12,12,1,true,all-products,104,104,false,false,"{""left"":663,""right"":751,""top"":838,""bottom"":884,""width"":88,""height"":46}","{""left"":41,""right"":622,""top"":856.4375,""bottom"":900.4375,""width"":581,""height"":44}",727,727,true,727,727,true,test-only-exclusion-disabled,true,41,0,27.5625,44,false,/software/r4-safe-tool-12,0,true
zh,/software?page=2,2,767,1,12,12,1,true,all-products,104,104,false,false,"{""left"":663,""right"":751,""top"":838,""bottom"":884,""width"":88,""height"":46}","{""left"":41,""right"":622,""top"":856.359375,""bottom"":900.359375,""width"":581,""height"":44}",727,727,true,727,727,true,test-only-exclusion-disabled,true,41,0,27.640625,44,false,/software/r4-safe-tool-13,0,true
zh,/software?page=2,2,767,2,12,12,1,true,all-products,104,104,false,false,"{""left"":663,""right"":751,""top"":838,""bottom"":884,""width"":88,""height"":46}","{""left"":41,""right"":622,""top"":856.09375,""bottom"":900.09375,""width"":581,""height"":44}",727,727,true,727,727,true,test-only-exclusion-disabled,true,41,0,27.90625,44,false,/software/r4-safe-tool-14,0,true
zh,/software?page=2,2,767,3,12,12,1,true,all-products,104,104,false,false,"{""left"":663,""right"":751,""top"":838,""bottom"":884,""width"":88,""height"":46}","{""left"":41,""right"":622,""top"":855.828125,""bottom"":899.828125,""width"":581,""height"":44}",727,727,true,727,727,true,test-only-exclusion-disabled,true,41,0,28.171875,44,false,/software/r4-safe-tool-15,0,true
zh,/software?page=2,2,767,4,12,12,1,true,all-products,104,104,false,false,"{""left"":663,""right"":751,""top"":838,""bottom"":884,""width"":88,""height"":46}","{""left"":41,""right"":622,""top"":855.5625,""bottom"":899.5625,""width"":581,""height"":44}",727,727,true,727,727,true,test-only-exclusion-disabled,true,41,0,28.4375,44,false,/software/r4-safe-tool-16,0,true
zh,/software?page=2,2,767,5,12,12,1,true,all-products,104,104,false,false,"{""left"":663,""right"":751,""top"":838,""bottom"":884,""width"":88,""height"":46}","{""left"":41,""right"":622,""top"":856.296875,""bottom"":900.296875,""width"":581,""height"":44}",727,727,true,727,727,true,test-only-exclusion-disabled,true,41,0,27.703125,44,false,/software/r4-safe-tool-17,0,true
zh,/software?page=2,2,767,6,12,12,1,true,all-products,104,104,false,false,"{""left"":663,""right"":751,""top"":838,""bottom"":884,""width"":88,""height"":46}","{""left"":41,""right"":622,""top"":856.03125,""bottom"":900.03125,""width"":581,""height"":44}",727,727,true,727,727,true,test-only-exclusion-disabled,true,41,0,27.96875,44,false,/software/r4-safe-tool-18,0,true
zh,/software?page=2,2,767,7,12,12,1,true,all-products,104,104,false,false,"{""left"":663,""right"":751,""top"":838,""bottom"":884,""width"":88,""height"":46}","{""left"":41,""right"":622,""top"":855.765625,""bottom"":899.765625,""width"":581,""height"":44}",727,727,true,727,727,true,test-only-exclusion-disabled,true,41,0,28.234375,44,false,/software/r4-safe-tool-19,0,true
zh,/software?page=2,2,767,8,12,12,1,true,all-products,104,104,false,false,"{""left"":663,""right"":751,""top"":838,""bottom"":884,""width"":88,""height"":46}","{""left"":41,""right"":622,""top"":855.5,""bottom"":899.5,""width"":581,""height"":44}",727,727,true,727,727,true,test-only-exclusion-disabled,true,41,0,28.5,44,false,/software/r4-safe-tool-20,0,true
zh,/software?page=2,2,767,9,12,12,1,true,all-products,104,104,false,false,"{""left"":663,""right"":751,""top"":838,""bottom"":884,""width"":88,""height"":46}","{""left"":41,""right"":622,""top"":856.234375,""bottom"":900.234375,""width"":581,""height"":44}",727,727,true,727,727,true,test-only-exclusion-disabled,true,41,0,27.765625,44,false,/software/r4-safe-tool-21,0,true
zh,/software?page=2,2,767,10,12,12,1,true,all-products,104,104,false,false,"{""left"":663,""right"":751,""top"":838,""bottom"":884,""width"":88,""height"":46}","{""left"":41,""right"":622,""top"":855.96875,""bottom"":899.96875,""width"":581,""height"":44}",727,727,true,727,727,true,test-only-exclusion-disabled,true,41,0,28.03125,44,false,/software/r4-safe-tool-22,0,true
zh,/software?page=2,2,767,11,12,12,1,true,all-products,104,104,false,false,"{""left"":663,""right"":751,""top"":838,""bottom"":884,""width"":88,""height"":46}","{""left"":41,""right"":622,""top"":855.703125,""bottom"":899.703125,""width"":581,""height"":44}",727,727,true,727,727,true,test-only-exclusion-disabled,true,41,0,28.296875,44,false,/software/r4-safe-tool-23,0,true
zh,/software?page=2,2,767,12,12,12,1,true,all-products,104,104,false,false,"{""left"":663,""right"":751,""top"":838,""bottom"":884,""width"":88,""height"":46}","{""left"":41,""right"":622,""top"":856.4375,""bottom"":900.4375,""width"":581,""height"":44}",727,727,true,727,727,true,test-only-exclusion-disabled,true,41,0,27.5625,44,false,/software/r4-safe-tool-24,0,true
zh,/software?page=3,3,767,1,1,1,1,true,all-products,104,104,false,false,"{""left"":663,""right"":751,""top"":838,""bottom"":884,""width"":88,""height"":46}","{""left"":41,""right"":622,""top"":856.359375,""bottom"":900.359375,""width"":581,""height"":44}",727,727,true,727,727,true,test-only-exclusion-disabled,true,41,0,27.640625,44,false,/software/r4-safe-tool-25,0,true
zh,/software,1,768,1,12,12,2,false,all-products,104,0,false,false,"{""left"":656,""right"":744,""top"":830,""bottom"":876,""width"":88,""height"":46}","{""left"":45,""right"":353,""top"":855.953125,""bottom"":899.953125,""width"":308,""height"":44}",350,350,true,720,720,true,pre-implementation-capture,true,303,0,20.046875,44,false,/software/r4-safe-tool-01,0,true
zh,/software,1,768,2,12,12,2,true,all-products,104,104,false,false,"{""left"":656,""right"":744,""top"":830,""bottom"":876,""width"":88,""height"":46}","{""left"":415,""right"":619,""top"":855.953125,""bottom"":899.953125,""width"":204,""height"":44}",350,350,true,720,720,true,pre-implementation-capture,true,37,0,20.046875,44,false,/software/r4-safe-tool-02,0,true
zh,/software,1,768,3,12,12,2,false,all-products,104,0,false,false,"{""left"":656,""right"":744,""top"":830,""bottom"":876,""width"":88,""height"":46}","{""left"":45,""right"":353,""top"":855.8125,""bottom"":899.8125,""width"":308,""height"":44}",350,350,true,720,720,true,pre-implementation-capture,true,303,0,20.1875,44,false,/software/r4-safe-tool-03,0,true
zh,/software,1,768,4,12,12,2,true,all-products,104,104,false,false,"{""left"":656,""right"":744,""top"":830,""bottom"":876,""width"":88,""height"":46}","{""left"":415,""right"":619,""top"":855.8125,""bottom"":899.8125,""width"":204,""height"":44}",350,350,true,720,720,true,pre-implementation-capture,true,37,0,20.1875,44,false,/software/r4-safe-tool-04,0,true
zh,/software,1,768,5,12,12,2,false,all-products,104,0,false,false,"{""left"":656,""right"":744,""top"":830,""bottom"":876,""width"":88,""height"":46}","{""left"":45,""right"":353,""top"":855.671875,""bottom"":899.671875,""width"":308,""height"":44}",350,350,true,720,720,true,pre-implementation-capture,true,303,0,20.328125,44,false,/software/r4-safe-tool-05,0,true
zh,/software,1,768,6,12,12,2,true,all-products,104,104,false,false,"{""left"":656,""right"":744,""top"":830,""bottom"":876,""width"":88,""height"":46}","{""left"":415,""right"":619,""top"":855.671875,""bottom"":899.671875,""width"":204,""height"":44}",350,350,true,720,720,true,pre-implementation-capture,true,37,0,20.328125,44,false,/software/r4-safe-tool-06,0,true
zh,/software,1,768,7,12,12,2,false,all-products,104,0,false,false,"{""left"":656,""right"":744,""top"":830,""bottom"":876,""width"":88,""height"":46}","{""left"":45,""right"":353,""top"":855.53125,""bottom"":899.53125,""width"":308,""height"":44}",350,350,true,720,720,true,pre-implementation-capture,true,303,0,20.46875,44,false,/software/r4-safe-tool-07,0,true
zh,/software,1,768,8,12,12,2,true,all-products,104,104,false,false,"{""left"":656,""right"":744,""top"":830,""bottom"":876,""width"":88,""height"":46}","{""left"":415,""right"":619,""top"":855.53125,""bottom"":899.53125,""width"":204,""height"":44}",350,350,true,720,720,true,pre-implementation-capture,true,37,0,20.46875,44,false,/software/r4-safe-tool-08,0,true
zh,/software,1,768,9,12,12,2,false,all-products,104,0,false,false,"{""left"":656,""right"":744,""top"":830,""bottom"":876,""width"":88,""height"":46}","{""left"":45,""right"":353,""top"":856.390625,""bottom"":900.390625,""width"":308,""height"":44}",350,350,true,720,720,true,pre-implementation-capture,true,303,0,19.609375,44,false,/software/r4-safe-tool-09,0,true
zh,/software,1,768,10,12,12,2,true,all-products,104,104,false,false,"{""left"":656,""right"":744,""top"":830,""bottom"":876,""width"":88,""height"":46}","{""left"":415,""right"":619,""top"":856.390625,""bottom"":900.390625,""width"":204,""height"":44}",350,350,true,720,720,true,pre-implementation-capture,true,37,0,19.609375,44,false,/software/r4-safe-tool-10,0,true
zh,/software,1,768,11,12,12,2,false,all-products,104,0,false,false,"{""left"":656,""right"":744,""top"":830,""bottom"":876,""width"":88,""height"":46}","{""left"":45,""right"":353,""top"":856.25,""bottom"":900.25,""width"":308,""height"":44}",350,350,true,720,720,true,pre-implementation-capture,true,303,0,19.75,44,false,/software/r4-safe-tool-11,0,true
zh,/software,1,768,12,12,12,2,true,all-products,104,104,false,false,"{""left"":656,""right"":744,""top"":830,""bottom"":876,""width"":88,""height"":46}","{""left"":415,""right"":619,""top"":856.25,""bottom"":900.25,""width"":204,""height"":44}",350,350,true,720,720,true,pre-implementation-capture,true,37,0,19.75,44,false,/software/r4-safe-tool-12,0,true
zh,/software?page=2,2,768,1,12,12,2,false,all-products,104,0,false,false,"{""left"":656,""right"":744,""top"":830,""bottom"":876,""width"":88,""height"":46}","{""left"":45,""right"":353,""top"":855.953125,""bottom"":899.953125,""width"":308,""height"":44}",350,350,true,720,720,true,pre-implementation-capture,true,303,0,20.046875,44,false,/software/r4-safe-tool-13,0,true
zh,/software?page=2,2,768,2,12,12,2,true,all-products,104,104,false,false,"{""left"":656,""right"":744,""top"":830,""bottom"":876,""width"":88,""height"":46}","{""left"":415,""right"":619,""top"":855.953125,""bottom"":899.953125,""width"":204,""height"":44}",350,350,true,720,720,true,pre-implementation-capture,true,37,0,20.046875,44,false,/software/r4-safe-tool-14,0,true
zh,/software?page=2,2,768,3,12,12,2,false,all-products,104,0,false,false,"{""left"":656,""right"":744,""top"":830,""bottom"":876,""width"":88,""height"":46}","{""left"":45,""right"":353,""top"":855.8125,""bottom"":899.8125,""width"":308,""height"":44}",350,350,true,720,720,true,pre-implementation-capture,true,303,0,20.1875,44,false,/software/r4-safe-tool-15,0,true
zh,/software?page=2,2,768,4,12,12,2,true,all-products,104,104,false,false,"{""left"":656,""right"":744,""top"":830,""bottom"":876,""width"":88,""height"":46}","{""left"":415,""right"":619,""top"":855.8125,""bottom"":899.8125,""width"":204,""height"":44}",350,350,true,720,720,true,pre-implementation-capture,true,37,0,20.1875,44,false,/software/r4-safe-tool-16,0,true
zh,/software?page=2,2,768,5,12,12,2,false,all-products,104,0,false,false,"{""left"":656,""right"":744,""top"":830,""bottom"":876,""width"":88,""height"":46}","{""left"":45,""right"":353,""top"":855.671875,""bottom"":899.671875,""width"":308,""height"":44}",350,350,true,720,720,true,pre-implementation-capture,true,303,0,20.328125,44,false,/software/r4-safe-tool-17,0,true
zh,/software?page=2,2,768,6,12,12,2,true,all-products,104,104,false,false,"{""left"":656,""right"":744,""top"":830,""bottom"":876,""width"":88,""height"":46}","{""left"":415,""right"":619,""top"":855.671875,""bottom"":899.671875,""width"":204,""height"":44}",350,350,true,720,720,true,pre-implementation-capture,true,37,0,20.328125,44,false,/software/r4-safe-tool-18,0,true
zh,/software?page=2,2,768,7,12,12,2,false,all-products,104,0,false,false,"{""left"":656,""right"":744,""top"":830,""bottom"":876,""width"":88,""height"":46}","{""left"":45,""right"":353,""top"":855.53125,""bottom"":899.53125,""width"":308,""height"":44}",350,350,true,720,720,true,pre-implementation-capture,true,303,0,20.46875,44,false,/software/r4-safe-tool-19,0,true
zh,/software?page=2,2,768,8,12,12,2,true,all-products,104,104,false,false,"{""left"":656,""right"":744,""top"":830,""bottom"":876,""width"":88,""height"":46}","{""left"":415,""right"":619,""top"":855.53125,""bottom"":899.53125,""width"":204,""height"":44}",350,350,true,720,720,true,pre-implementation-capture,true,37,0,20.46875,44,false,/software/r4-safe-tool-20,0,true
zh,/software?page=2,2,768,9,12,12,2,false,all-products,104,0,false,false,"{""left"":656,""right"":744,""top"":830,""bottom"":876,""width"":88,""height"":46}","{""left"":45,""right"":353,""top"":856.390625,""bottom"":900.390625,""width"":308,""height"":44}",350,350,true,720,720,true,pre-implementation-capture,true,303,0,19.609375,44,false,/software/r4-safe-tool-21,0,true
zh,/software?page=2,2,768,10,12,12,2,true,all-products,104,104,false,false,"{""left"":656,""right"":744,""top"":830,""bottom"":876,""width"":88,""height"":46}","{""left"":415,""right"":619,""top"":856.390625,""bottom"":900.390625,""width"":204,""height"":44}",350,350,true,720,720,true,pre-implementation-capture,true,37,0,19.609375,44,false,/software/r4-safe-tool-22,0,true
zh,/software?page=2,2,768,11,12,12,2,false,all-products,104,0,false,false,"{""left"":656,""right"":744,""top"":830,""bottom"":876,""width"":88,""height"":46}","{""left"":45,""right"":353,""top"":856.25,""bottom"":900.25,""width"":308,""height"":44}",350,350,true,720,720,true,pre-implementation-capture,true,303,0,19.75,44,false,/software/r4-safe-tool-23,0,true
zh,/software?page=2,2,768,12,12,12,2,true,all-products,104,104,false,false,"{""left"":656,""right"":744,""top"":830,""bottom"":876,""width"":88,""height"":46}","{""left"":415,""right"":619,""top"":856.25,""bottom"":900.25,""width"":204,""height"":44}",350,350,true,720,720,true,pre-implementation-capture,true,37,0,19.75,44,false,/software/r4-safe-tool-24,0,true
zh,/software?page=3,3,768,1,1,1,2,false,all-products,104,0,false,false,"{""left"":656,""right"":744,""top"":830,""bottom"":876,""width"":88,""height"":46}","{""left"":45,""right"":353,""top"":855.953125,""bottom"":899.953125,""width"":308,""height"":44}",350,350,true,720,720,true,pre-implementation-capture,true,303,0,20.046875,44,false,/software/r4-safe-tool-25,0,true
zh,/software,1,1024,1,12,12,3,false,all-products,104,0,false,false,"{""left"":912,""right"":1000,""top"":830,""bottom"":876,""width"":88,""height"":46}","{""left"":45,""right"":315,""top"":855.8125,""bottom"":899.8125,""width"":270,""height"":44}",312,312,true,976,976,true,test-only-exclusion-disabled,true,597,0,20.1875,44,false,/software/r4-safe-tool-01,0,true
zh,/software,1,1024,2,12,12,3,false,all-products,104,0,false,false,"{""left"":912,""right"":1000,""top"":830,""bottom"":876,""width"":88,""height"":46}","{""left"":377,""right"":647,""top"":855.8125,""bottom"":899.8125,""width"":270,""height"":44}",312,312,true,976,976,true,test-only-exclusion-disabled,true,265,0,20.1875,44,false,/software/r4-safe-tool-02,0,true
zh,/software,1,1024,3,12,12,3,true,all-products,104,104,false,false,"{""left"":912,""right"":1000,""top"":830,""bottom"":876,""width"":88,""height"":46}","{""left"":709,""right"":875,""top"":855.8125,""bottom"":899.8125,""width"":166,""height"":44}",312,312,true,976,976,true,test-only-exclusion-disabled,true,37,0,20.1875,44,false,/software/r4-safe-tool-03,0,true
zh,/software,1,1024,4,12,12,3,false,all-products,104,0,false,false,"{""left"":912,""right"":1000,""top"":830,""bottom"":876,""width"":88,""height"":46}","{""left"":45,""right"":315,""top"":856.296875,""bottom"":900.296875,""width"":270,""height"":44}",312,312,true,976,976,true,test-only-exclusion-disabled,true,597,0,19.703125,44,false,/software/r4-safe-tool-04,0,true
zh,/software,1,1024,5,12,12,3,false,all-products,104,0,false,false,"{""left"":912,""right"":1000,""top"":830,""bottom"":876,""width"":88,""height"":46}","{""left"":377,""right"":647,""top"":856.296875,""bottom"":900.296875,""width"":270,""height"":44}",312,312,true,976,976,true,test-only-exclusion-disabled,true,265,0,19.703125,44,false,/software/r4-safe-tool-05,0,true
zh,/software,1,1024,6,12,12,3,true,all-products,104,104,false,false,"{""left"":912,""right"":1000,""top"":830,""bottom"":876,""width"":88,""height"":46}","{""left"":709,""right"":875,""top"":856.296875,""bottom"":900.296875,""width"":166,""height"":44}",312,312,true,976,976,true,test-only-exclusion-disabled,true,37,0,19.703125,44,false,/software/r4-safe-tool-06,0,true
zh,/software,1,1024,7,12,12,3,false,all-products,104,0,false,false,"{""left"":912,""right"":1000,""top"":830,""bottom"":876,""width"":88,""height"":46}","{""left"":45,""right"":315,""top"":855.78125,""bottom"":899.78125,""width"":270,""height"":44}",312,312,true,976,976,true,test-only-exclusion-disabled,true,597,0,20.21875,44,false,/software/r4-safe-tool-07,0,true
zh,/software,1,1024,8,12,12,3,false,all-products,104,0,false,false,"{""left"":912,""right"":1000,""top"":830,""bottom"":876,""width"":88,""height"":46}","{""left"":377,""right"":647,""top"":855.78125,""bottom"":899.78125,""width"":270,""height"":44}",312,312,true,976,976,true,test-only-exclusion-disabled,true,265,0,20.21875,44,false,/software/r4-safe-tool-08,0,true
zh,/software,1,1024,9,12,12,3,true,all-products,104,104,false,false,"{""left"":912,""right"":1000,""top"":830,""bottom"":876,""width"":88,""height"":46}","{""left"":709,""right"":875,""top"":855.78125,""bottom"":899.78125,""width"":166,""height"":44}",312,312,true,976,976,true,test-only-exclusion-disabled,true,37,0,20.21875,44,false,/software/r4-safe-tool-09,0,true
zh,/software,1,1024,10,12,12,3,false,all-products,104,0,false,false,"{""left"":912,""right"":1000,""top"":830,""bottom"":876,""width"":88,""height"":46}","{""left"":45,""right"":315,""top"":856.265625,""bottom"":900.265625,""width"":270,""height"":44}",312,312,true,976,976,true,test-only-exclusion-disabled,true,597,0,19.734375,44,false,/software/r4-safe-tool-10,0,true
zh,/software,1,1024,11,12,12,3,false,all-products,104,0,false,false,"{""left"":912,""right"":1000,""top"":830,""bottom"":876,""width"":88,""height"":46}","{""left"":377,""right"":647,""top"":856.265625,""bottom"":900.265625,""width"":270,""height"":44}",312,312,true,976,976,true,test-only-exclusion-disabled,true,265,0,19.734375,44,false,/software/r4-safe-tool-11,0,true
zh,/software,1,1024,12,12,12,3,true,all-products,104,104,false,false,"{""left"":912,""right"":1000,""top"":830,""bottom"":876,""width"":88,""height"":46}","{""left"":709,""right"":875,""top"":856.265625,""bottom"":900.265625,""width"":166,""height"":44}",312,312,true,976,976,true,test-only-exclusion-disabled,true,37,0,19.734375,44,false,/software/r4-safe-tool-12,0,true
zh,/software?page=2,2,1024,1,12,12,3,false,all-products,104,0,false,false,"{""left"":912,""right"":1000,""top"":830,""bottom"":876,""width"":88,""height"":46}","{""left"":45,""right"":315,""top"":855.8125,""bottom"":899.8125,""width"":270,""height"":44}",312,312,true,976,976,true,test-only-exclusion-disabled,true,597,0,20.1875,44,false,/software/r4-safe-tool-13,0,true
zh,/software?page=2,2,1024,2,12,12,3,false,all-products,104,0,false,false,"{""left"":912,""right"":1000,""top"":830,""bottom"":876,""width"":88,""height"":46}","{""left"":377,""right"":647,""top"":855.8125,""bottom"":899.8125,""width"":270,""height"":44}",312,312,true,976,976,true,test-only-exclusion-disabled,true,265,0,20.1875,44,false,/software/r4-safe-tool-14,0,true
zh,/software?page=2,2,1024,3,12,12,3,true,all-products,104,104,false,false,"{""left"":912,""right"":1000,""top"":830,""bottom"":876,""width"":88,""height"":46}","{""left"":709,""right"":875,""top"":855.8125,""bottom"":899.8125,""width"":166,""height"":44}",312,312,true,976,976,true,test-only-exclusion-disabled,true,37,0,20.1875,44,false,/software/r4-safe-tool-15,0,true
zh,/software?page=2,2,1024,4,12,12,3,false,all-products,104,0,false,false,"{""left"":912,""right"":1000,""top"":830,""bottom"":876,""width"":88,""height"":46}","{""left"":45,""right"":315,""top"":856.296875,""bottom"":900.296875,""width"":270,""height"":44}",312,312,true,976,976,true,test-only-exclusion-disabled,true,597,0,19.703125,44,false,/software/r4-safe-tool-16,0,true
zh,/software?page=2,2,1024,5,12,12,3,false,all-products,104,0,false,false,"{""left"":912,""right"":1000,""top"":830,""bottom"":876,""width"":88,""height"":46}","{""left"":377,""right"":647,""top"":856.296875,""bottom"":900.296875,""width"":270,""height"":44}",312,312,true,976,976,true,test-only-exclusion-disabled,true,265,0,19.703125,44,false,/software/r4-safe-tool-17,0,true
zh,/software?page=2,2,1024,6,12,12,3,true,all-products,104,104,false,false,"{""left"":912,""right"":1000,""top"":830,""bottom"":876,""width"":88,""height"":46}","{""left"":709,""right"":875,""top"":856.296875,""bottom"":900.296875,""width"":166,""height"":44}",312,312,true,976,976,true,test-only-exclusion-disabled,true,37,0,19.703125,44,false,/software/r4-safe-tool-18,0,true
zh,/software?page=2,2,1024,7,12,12,3,false,all-products,104,0,false,false,"{""left"":912,""right"":1000,""top"":830,""bottom"":876,""width"":88,""height"":46}","{""left"":45,""right"":315,""top"":855.78125,""bottom"":899.78125,""width"":270,""height"":44}",312,312,true,976,976,true,test-only-exclusion-disabled,true,597,0,20.21875,44,false,/software/r4-safe-tool-19,0,true
zh,/software?page=2,2,1024,8,12,12,3,false,all-products,104,0,false,false,"{""left"":912,""right"":1000,""top"":830,""bottom"":876,""width"":88,""height"":46}","{""left"":377,""right"":647,""top"":855.78125,""bottom"":899.78125,""width"":270,""height"":44}",312,312,true,976,976,true,test-only-exclusion-disabled,true,265,0,20.21875,44,false,/software/r4-safe-tool-20,0,true
zh,/software?page=2,2,1024,9,12,12,3,true,all-products,104,104,false,false,"{""left"":912,""right"":1000,""top"":830,""bottom"":876,""width"":88,""height"":46}","{""left"":709,""right"":875,""top"":855.78125,""bottom"":899.78125,""width"":166,""height"":44}",312,312,true,976,976,true,test-only-exclusion-disabled,true,37,0,20.21875,44,false,/software/r4-safe-tool-21,0,true
zh,/software?page=2,2,1024,10,12,12,3,false,all-products,104,0,false,false,"{""left"":912,""right"":1000,""top"":830,""bottom"":876,""width"":88,""height"":46}","{""left"":45,""right"":315,""top"":856.265625,""bottom"":900.265625,""width"":270,""height"":44}",312,312,true,976,976,true,test-only-exclusion-disabled,true,597,0,19.734375,44,false,/software/r4-safe-tool-22,0,true
zh,/software?page=2,2,1024,11,12,12,3,false,all-products,104,0,false,false,"{""left"":912,""right"":1000,""top"":830,""bottom"":876,""width"":88,""height"":46}","{""left"":377,""right"":647,""top"":856.265625,""bottom"":900.265625,""width"":270,""height"":44}",312,312,true,976,976,true,test-only-exclusion-disabled,true,265,0,19.734375,44,false,/software/r4-safe-tool-23,0,true
zh,/software?page=2,2,1024,12,12,12,3,true,all-products,104,104,false,false,"{""left"":912,""right"":1000,""top"":830,""bottom"":876,""width"":88,""height"":46}","{""left"":709,""right"":875,""top"":856.265625,""bottom"":900.265625,""width"":166,""height"":44}",312,312,true,976,976,true,test-only-exclusion-disabled,true,37,0,19.734375,44,false,/software/r4-safe-tool-24,0,true
zh,/software?page=3,3,1024,1,1,1,3,false,all-products,104,0,false,false,"{""left"":912,""right"":1000,""top"":830,""bottom"":876,""width"":88,""height"":46}","{""left"":45,""right"":315,""top"":855.8125,""bottom"":899.8125,""width"":270,""height"":44}",312,312,true,976,976,true,test-only-exclusion-disabled,true,597,0,20.1875,44,false,/software/r4-safe-tool-25,0,true
zh,/software,1,1440,1,12,12,4,false,all-products,104,0,false,false,"{""left"":1328,""right"":1416,""top"":830,""bottom"":876,""width"":88,""height"":46}","{""left"":175,""right"":401,""top"":856.015625,""bottom"":900.015625,""width"":226,""height"":44}",268,268,true,1132,1132,true,pre-implementation-capture,true,927,0,19.984375,44,false,/software/r4-safe-tool-01,0,true
zh,/software,1,1440,2,12,12,4,false,all-products,104,0,false,false,"{""left"":1328,""right"":1416,""top"":830,""bottom"":876,""width"":88,""height"":46}","{""left"":463,""right"":689,""top"":856.015625,""bottom"":900.015625,""width"":226,""height"":44}",268,268,true,1132,1132,true,pre-implementation-capture,true,639,0,19.984375,44,false,/software/r4-safe-tool-02,0,true
zh,/software,1,1440,3,12,12,4,false,all-products,104,0,false,false,"{""left"":1328,""right"":1416,""top"":830,""bottom"":876,""width"":88,""height"":46}","{""left"":751,""right"":977,""top"":856.015625,""bottom"":900.015625,""width"":226,""height"":44}",268,268,true,1132,1132,true,pre-implementation-capture,true,351,0,19.984375,44,false,/software/r4-safe-tool-03,0,true
zh,/software,1,1440,4,12,12,4,true,all-products,104,104,false,false,"{""left"":1328,""right"":1416,""top"":830,""bottom"":876,""width"":88,""height"":46}","{""left"":1039,""right"":1161,""top"":856.015625,""bottom"":900.015625,""width"":122,""height"":44}",268,268,true,1132,1132,true,pre-implementation-capture,true,167,0,19.984375,44,false,/software/r4-safe-tool-04,0,true
zh,/software,1,1440,5,12,12,4,false,all-products,104,0,false,false,"{""left"":1328,""right"":1416,""top"":830,""bottom"":876,""width"":88,""height"":46}","{""left"":175,""right"":401,""top"":855.75,""bottom"":899.75,""width"":226,""height"":44}",268,268,true,1132,1132,true,pre-implementation-capture,true,927,0,20.25,44,false,/software/r4-safe-tool-05,0,true
zh,/software,1,1440,6,12,12,4,false,all-products,104,0,false,false,"{""left"":1328,""right"":1416,""top"":830,""bottom"":876,""width"":88,""height"":46}","{""left"":463,""right"":689,""top"":855.75,""bottom"":899.75,""width"":226,""height"":44}",268,268,true,1132,1132,true,pre-implementation-capture,true,639,0,20.25,44,false,/software/r4-safe-tool-06,0,true
zh,/software,1,1440,7,12,12,4,false,all-products,104,0,false,false,"{""left"":1328,""right"":1416,""top"":830,""bottom"":876,""width"":88,""height"":46}","{""left"":751,""right"":977,""top"":855.75,""bottom"":899.75,""width"":226,""height"":44}",268,268,true,1132,1132,true,pre-implementation-capture,true,351,0,20.25,44,false,/software/r4-safe-tool-07,0,true
zh,/software,1,1440,8,12,12,4,true,all-products,104,104,false,false,"{""left"":1328,""right"":1416,""top"":830,""bottom"":876,""width"":88,""height"":46}","{""left"":1039,""right"":1161,""top"":855.75,""bottom"":899.75,""width"":122,""height"":44}",268,268,true,1132,1132,true,pre-implementation-capture,true,167,0,20.25,44,false,/software/r4-safe-tool-08,0,true
zh,/software,1,1440,9,12,12,4,false,all-products,104,0,false,false,"{""left"":1328,""right"":1416,""top"":830,""bottom"":876,""width"":88,""height"":46}","{""left"":175,""right"":401,""top"":856.484375,""bottom"":900.484375,""width"":226,""height"":44}",268,268,true,1132,1132,true,pre-implementation-capture,true,927,0,19.515625,44,false,/software/r4-safe-tool-09,0,true
zh,/software,1,1440,10,12,12,4,false,all-products,104,0,false,false,"{""left"":1328,""right"":1416,""top"":830,""bottom"":876,""width"":88,""height"":46}","{""left"":463,""right"":689,""top"":856.484375,""bottom"":900.484375,""width"":226,""height"":44}",268,268,true,1132,1132,true,pre-implementation-capture,true,639,0,19.515625,44,false,/software/r4-safe-tool-10,0,true
zh,/software,1,1440,11,12,12,4,false,all-products,104,0,false,false,"{""left"":1328,""right"":1416,""top"":830,""bottom"":876,""width"":88,""height"":46}","{""left"":751,""right"":977,""top"":856.484375,""bottom"":900.484375,""width"":226,""height"":44}",268,268,true,1132,1132,true,pre-implementation-capture,true,351,0,19.515625,44,false,/software/r4-safe-tool-11,0,true
zh,/software,1,1440,12,12,12,4,true,all-products,104,104,false,false,"{""left"":1328,""right"":1416,""top"":830,""bottom"":876,""width"":88,""height"":46}","{""left"":1039,""right"":1161,""top"":856.484375,""bottom"":900.484375,""width"":122,""height"":44}",268,268,true,1132,1132,true,pre-implementation-capture,true,167,0,19.515625,44,false,/software/r4-safe-tool-12,0,true
zh,/software?page=2,2,1440,1,12,12,4,false,all-products,104,0,false,false,"{""left"":1328,""right"":1416,""top"":830,""bottom"":876,""width"":88,""height"":46}","{""left"":175,""right"":401,""top"":856.015625,""bottom"":900.015625,""width"":226,""height"":44}",268,268,true,1132,1132,true,pre-implementation-capture,true,927,0,19.984375,44,false,/software/r4-safe-tool-13,0,true
zh,/software?page=2,2,1440,2,12,12,4,false,all-products,104,0,false,false,"{""left"":1328,""right"":1416,""top"":830,""bottom"":876,""width"":88,""height"":46}","{""left"":463,""right"":689,""top"":856.015625,""bottom"":900.015625,""width"":226,""height"":44}",268,268,true,1132,1132,true,pre-implementation-capture,true,639,0,19.984375,44,false,/software/r4-safe-tool-14,0,true
zh,/software?page=2,2,1440,3,12,12,4,false,all-products,104,0,false,false,"{""left"":1328,""right"":1416,""top"":830,""bottom"":876,""width"":88,""height"":46}","{""left"":751,""right"":977,""top"":856.015625,""bottom"":900.015625,""width"":226,""height"":44}",268,268,true,1132,1132,true,pre-implementation-capture,true,351,0,19.984375,44,false,/software/r4-safe-tool-15,0,true
zh,/software?page=2,2,1440,4,12,12,4,true,all-products,104,104,false,false,"{""left"":1328,""right"":1416,""top"":830,""bottom"":876,""width"":88,""height"":46}","{""left"":1039,""right"":1161,""top"":856.015625,""bottom"":900.015625,""width"":122,""height"":44}",268,268,true,1132,1132,true,pre-implementation-capture,true,167,0,19.984375,44,false,/software/r4-safe-tool-16,0,true
zh,/software?page=2,2,1440,5,12,12,4,false,all-products,104,0,false,false,"{""left"":1328,""right"":1416,""top"":830,""bottom"":876,""width"":88,""height"":46}","{""left"":175,""right"":401,""top"":855.75,""bottom"":899.75,""width"":226,""height"":44}",268,268,true,1132,1132,true,pre-implementation-capture,true,927,0,20.25,44,false,/software/r4-safe-tool-17,0,true
zh,/software?page=2,2,1440,6,12,12,4,false,all-products,104,0,false,false,"{""left"":1328,""right"":1416,""top"":830,""bottom"":876,""width"":88,""height"":46}","{""left"":463,""right"":689,""top"":855.75,""bottom"":899.75,""width"":226,""height"":44}",268,268,true,1132,1132,true,pre-implementation-capture,true,639,0,20.25,44,false,/software/r4-safe-tool-18,0,true
zh,/software?page=2,2,1440,7,12,12,4,false,all-products,104,0,false,false,"{""left"":1328,""right"":1416,""top"":830,""bottom"":876,""width"":88,""height"":46}","{""left"":751,""right"":977,""top"":855.75,""bottom"":899.75,""width"":226,""height"":44}",268,268,true,1132,1132,true,pre-implementation-capture,true,351,0,20.25,44,false,/software/r4-safe-tool-19,0,true
zh,/software?page=2,2,1440,8,12,12,4,true,all-products,104,104,false,false,"{""left"":1328,""right"":1416,""top"":830,""bottom"":876,""width"":88,""height"":46}","{""left"":1039,""right"":1161,""top"":855.75,""bottom"":899.75,""width"":122,""height"":44}",268,268,true,1132,1132,true,pre-implementation-capture,true,167,0,20.25,44,false,/software/r4-safe-tool-20,0,true
zh,/software?page=2,2,1440,9,12,12,4,false,all-products,104,0,false,false,"{""left"":1328,""right"":1416,""top"":830,""bottom"":876,""width"":88,""height"":46}","{""left"":175,""right"":401,""top"":856.484375,""bottom"":900.484375,""width"":226,""height"":44}",268,268,true,1132,1132,true,pre-implementation-capture,true,927,0,19.515625,44,false,/software/r4-safe-tool-21,0,true
zh,/software?page=2,2,1440,10,12,12,4,false,all-products,104,0,false,false,"{""left"":1328,""right"":1416,""top"":830,""bottom"":876,""width"":88,""height"":46}","{""left"":463,""right"":689,""top"":856.484375,""bottom"":900.484375,""width"":226,""height"":44}",268,268,true,1132,1132,true,pre-implementation-capture,true,639,0,19.515625,44,false,/software/r4-safe-tool-22,0,true
zh,/software?page=2,2,1440,11,12,12,4,false,all-products,104,0,false,false,"{""left"":1328,""right"":1416,""top"":830,""bottom"":876,""width"":88,""height"":46}","{""left"":751,""right"":977,""top"":856.484375,""bottom"":900.484375,""width"":226,""height"":44}",268,268,true,1132,1132,true,pre-implementation-capture,true,351,0,19.515625,44,false,/software/r4-safe-tool-23,0,true
zh,/software?page=2,2,1440,12,12,12,4,true,all-products,104,104,false,false,"{""left"":1328,""right"":1416,""top"":830,""bottom"":876,""width"":88,""height"":46}","{""left"":1039,""right"":1161,""top"":856.484375,""bottom"":900.484375,""width"":122,""height"":44}",268,268,true,1132,1132,true,pre-implementation-capture,true,167,0,19.515625,44,false,/software/r4-safe-tool-24,0,true
zh,/software?page=3,3,1440,1,1,1,4,false,all-products,104,0,false,false,"{""left"":1328,""right"":1416,""top"":830,""bottom"":876,""width"":88,""height"":46}","{""left"":175,""right"":401,""top"":856.015625,""bottom"":900.015625,""width"":226,""height"":44}",268,268,true,1132,1132,true,pre-implementation-capture,true,927,0,19.984375,44,false,/software/r4-safe-tool-25,0,true
en,/en/software,1,320,1,12,12,1,true,all-products,52,52,false,false,"{""left"":260,""right"":304,""top"":784,""bottom"":828,""width"":44,""height"":44}","{""left"":41,""right"":227,""top"":799.5625,""bottom"":843.5625,""width"":186,""height"":44}",280,280,true,280,280,true,pre-implementation-capture,true,33,0,28.4375,44,false,/en/software/r4-safe-tool-01,0,true
en,/en/software,1,320,2,12,12,1,true,all-products,52,52,false,false,"{""left"":260,""right"":304,""top"":784,""bottom"":828,""width"":44,""height"":44}","{""left"":41,""right"":227,""top"":800.234375,""bottom"":844.234375,""width"":186,""height"":44}",280,280,true,280,280,true,pre-implementation-capture,true,33,0,27.765625,44,false,/en/software/r4-safe-tool-02,0,true
en,/en/software,1,320,3,12,12,1,true,all-products,52,52,false,false,"{""left"":260,""right"":304,""top"":784,""bottom"":828,""width"":44,""height"":44}","{""left"":41,""right"":227,""top"":799.90625,""bottom"":843.90625,""width"":186,""height"":44}",280,280,true,280,280,true,pre-implementation-capture,true,33,0,28.09375,44,false,/en/software/r4-safe-tool-03,0,true
en,/en/software,1,320,4,12,12,1,true,all-products,52,52,false,false,"{""left"":260,""right"":304,""top"":784,""bottom"":828,""width"":44,""height"":44}","{""left"":41,""right"":227,""top"":799.578125,""bottom"":843.578125,""width"":186,""height"":44}",280,280,true,280,280,true,pre-implementation-capture,true,33,0,28.421875,44,false,/en/software/r4-safe-tool-04,0,true
en,/en/software,1,320,5,12,12,1,true,all-products,52,52,false,false,"{""left"":260,""right"":304,""top"":784,""bottom"":828,""width"":44,""height"":44}","{""left"":41,""right"":227,""top"":800.25,""bottom"":844.25,""width"":186,""height"":44}",280,280,true,280,280,true,pre-implementation-capture,true,33,0,27.75,44,false,/en/software/r4-safe-tool-05,0,true
en,/en/software,1,320,6,12,12,1,true,all-products,52,52,false,false,"{""left"":260,""right"":304,""top"":784,""bottom"":828,""width"":44,""height"":44}","{""left"":41,""right"":227,""top"":799.921875,""bottom"":843.921875,""width"":186,""height"":44}",280,280,true,280,280,true,pre-implementation-capture,true,33,0,28.078125,44,false,/en/software/r4-safe-tool-06,0,true
en,/en/software,1,320,7,12,12,1,true,all-products,52,52,false,false,"{""left"":260,""right"":304,""top"":784,""bottom"":828,""width"":44,""height"":44}","{""left"":41,""right"":227,""top"":799.59375,""bottom"":843.59375,""width"":186,""height"":44}",280,280,true,280,280,true,pre-implementation-capture,true,33,0,28.40625,44,false,/en/software/r4-safe-tool-07,0,true
en,/en/software,1,320,8,12,12,1,true,all-products,52,52,false,false,"{""left"":260,""right"":304,""top"":784,""bottom"":828,""width"":44,""height"":44}","{""left"":41,""right"":227,""top"":800.265625,""bottom"":844.265625,""width"":186,""height"":44}",280,280,true,280,280,true,pre-implementation-capture,true,33,0,27.734375,44,false,/en/software/r4-safe-tool-08,0,true
en,/en/software,1,320,9,12,12,1,true,all-products,52,52,false,false,"{""left"":260,""right"":304,""top"":784,""bottom"":828,""width"":44,""height"":44}","{""left"":41,""right"":227,""top"":799.9375,""bottom"":843.9375,""width"":186,""height"":44}",280,280,true,280,280,true,pre-implementation-capture,true,33,0,28.0625,44,false,/en/software/r4-safe-tool-09,0,true
en,/en/software,1,320,10,12,12,1,true,all-products,52,52,false,false,"{""left"":260,""right"":304,""top"":784,""bottom"":828,""width"":44,""height"":44}","{""left"":41,""right"":227,""top"":799.609375,""bottom"":843.609375,""width"":186,""height"":44}",280,280,true,280,280,true,pre-implementation-capture,true,33,0,28.390625,44,false,/en/software/r4-safe-tool-10,0,true
en,/en/software,1,320,11,12,12,1,true,all-products,52,52,false,false,"{""left"":260,""right"":304,""top"":784,""bottom"":828,""width"":44,""height"":44}","{""left"":41,""right"":227,""top"":800.28125,""bottom"":844.28125,""width"":186,""height"":44}",280,280,true,280,280,true,pre-implementation-capture,true,33,0,27.71875,44,false,/en/software/r4-safe-tool-11,0,true
en,/en/software,1,320,12,12,12,1,true,all-products,52,52,false,false,"{""left"":260,""right"":304,""top"":784,""bottom"":828,""width"":44,""height"":44}","{""left"":41,""right"":227,""top"":799.953125,""bottom"":843.953125,""width"":186,""height"":44}",280,280,true,280,280,true,pre-implementation-capture,true,33,0,28.046875,44,false,/en/software/r4-safe-tool-12,0,true
en,/en/software?page=2,2,320,1,12,12,1,true,all-products,52,52,false,false,"{""left"":260,""right"":304,""top"":784,""bottom"":828,""width"":44,""height"":44}","{""left"":41,""right"":227,""top"":799.5625,""bottom"":843.5625,""width"":186,""height"":44}",280,280,true,280,280,true,pre-implementation-capture,true,33,0,28.4375,44,false,/en/software/r4-safe-tool-13,0,true
en,/en/software?page=2,2,320,2,12,12,1,true,all-products,52,52,false,false,"{""left"":260,""right"":304,""top"":784,""bottom"":828,""width"":44,""height"":44}","{""left"":41,""right"":227,""top"":800.234375,""bottom"":844.234375,""width"":186,""height"":44}",280,280,true,280,280,true,pre-implementation-capture,true,33,0,27.765625,44,false,/en/software/r4-safe-tool-14,0,true
en,/en/software?page=2,2,320,3,12,12,1,true,all-products,52,52,false,false,"{""left"":260,""right"":304,""top"":784,""bottom"":828,""width"":44,""height"":44}","{""left"":41,""right"":227,""top"":799.90625,""bottom"":843.90625,""width"":186,""height"":44}",280,280,true,280,280,true,pre-implementation-capture,true,33,0,28.09375,44,false,/en/software/r4-safe-tool-15,0,true
en,/en/software?page=2,2,320,4,12,12,1,true,all-products,52,52,false,false,"{""left"":260,""right"":304,""top"":784,""bottom"":828,""width"":44,""height"":44}","{""left"":41,""right"":227,""top"":799.578125,""bottom"":843.578125,""width"":186,""height"":44}",280,280,true,280,280,true,pre-implementation-capture,true,33,0,28.421875,44,false,/en/software/r4-safe-tool-16,0,true
en,/en/software?page=2,2,320,5,12,12,1,true,all-products,52,52,false,false,"{""left"":260,""right"":304,""top"":784,""bottom"":828,""width"":44,""height"":44}","{""left"":41,""right"":227,""top"":800.25,""bottom"":844.25,""width"":186,""height"":44}",280,280,true,280,280,true,pre-implementation-capture,true,33,0,27.75,44,false,/en/software/r4-safe-tool-17,0,true
en,/en/software?page=2,2,320,6,12,12,1,true,all-products,52,52,false,false,"{""left"":260,""right"":304,""top"":784,""bottom"":828,""width"":44,""height"":44}","{""left"":41,""right"":227,""top"":799.921875,""bottom"":843.921875,""width"":186,""height"":44}",280,280,true,280,280,true,pre-implementation-capture,true,33,0,28.078125,44,false,/en/software/r4-safe-tool-18,0,true
en,/en/software?page=2,2,320,7,12,12,1,true,all-products,52,52,false,false,"{""left"":260,""right"":304,""top"":784,""bottom"":828,""width"":44,""height"":44}","{""left"":41,""right"":227,""top"":799.59375,""bottom"":843.59375,""width"":186,""height"":44}",280,280,true,280,280,true,pre-implementation-capture,true,33,0,28.40625,44,false,/en/software/r4-safe-tool-19,0,true
en,/en/software?page=2,2,320,8,12,12,1,true,all-products,52,52,false,false,"{""left"":260,""right"":304,""top"":784,""bottom"":828,""width"":44,""height"":44}","{""left"":41,""right"":227,""top"":800.265625,""bottom"":844.265625,""width"":186,""height"":44}",280,280,true,280,280,true,pre-implementation-capture,true,33,0,27.734375,44,false,/en/software/r4-safe-tool-20,0,true
en,/en/software?page=2,2,320,9,12,12,1,true,all-products,52,52,false,false,"{""left"":260,""right"":304,""top"":784,""bottom"":828,""width"":44,""height"":44}","{""left"":41,""right"":227,""top"":799.9375,""bottom"":843.9375,""width"":186,""height"":44}",280,280,true,280,280,true,pre-implementation-capture,true,33,0,28.0625,44,false,/en/software/r4-safe-tool-21,0,true
en,/en/software?page=2,2,320,10,12,12,1,true,all-products,52,52,false,false,"{""left"":260,""right"":304,""top"":784,""bottom"":828,""width"":44,""height"":44}","{""left"":41,""right"":227,""top"":799.609375,""bottom"":843.609375,""width"":186,""height"":44}",280,280,true,280,280,true,pre-implementation-capture,true,33,0,28.390625,44,false,/en/software/r4-safe-tool-22,0,true
en,/en/software?page=2,2,320,11,12,12,1,true,all-products,52,52,false,false,"{""left"":260,""right"":304,""top"":784,""bottom"":828,""width"":44,""height"":44}","{""left"":41,""right"":227,""top"":800.28125,""bottom"":844.28125,""width"":186,""height"":44}",280,280,true,280,280,true,pre-implementation-capture,true,33,0,27.71875,44,false,/en/software/r4-safe-tool-23,0,true
en,/en/software?page=2,2,320,12,12,12,1,true,all-products,52,52,false,false,"{""left"":260,""right"":304,""top"":784,""bottom"":828,""width"":44,""height"":44}","{""left"":41,""right"":227,""top"":799.953125,""bottom"":843.953125,""width"":186,""height"":44}",280,280,true,280,280,true,pre-implementation-capture,true,33,0,28.046875,44,false,/en/software/r4-safe-tool-24,0,true
en,/en/software?page=3,3,320,1,1,1,1,true,all-products,52,52,false,false,"{""left"":260,""right"":304,""top"":784,""bottom"":828,""width"":44,""height"":44}","{""left"":41,""right"":227,""top"":799.5625,""bottom"":843.5625,""width"":186,""height"":44}",280,280,true,280,280,true,pre-implementation-capture,true,33,0,28.4375,44,false,/en/software/r4-safe-tool-25,0,true
en,/en/software,1,360,1,12,12,1,true,all-products,52,52,false,false,"{""left"":300,""right"":344,""top"":784,""bottom"":828,""width"":44,""height"":44}","{""left"":41,""right"":267,""top"":799.890625,""bottom"":843.890625,""width"":226,""height"":44}",320,320,true,320,320,true,pre-implementation-capture,true,33,0,28.109375,44,false,/en/software/r4-safe-tool-01,0,true
en,/en/software,1,360,2,12,12,1,true,all-products,52,52,false,false,"{""left"":300,""right"":344,""top"":784,""bottom"":828,""width"":44,""height"":44}","{""left"":41,""right"":267,""top"":800.0625,""bottom"":844.0625,""width"":226,""height"":44}",320,320,true,320,320,true,pre-implementation-capture,true,33,0,27.9375,44,false,/en/software/r4-safe-tool-02,0,true
en,/en/software,1,360,3,12,12,1,true,all-products,52,52,false,false,"{""left"":300,""right"":344,""top"":784,""bottom"":828,""width"":44,""height"":44}","{""left"":41,""right"":267,""top"":800.234375,""bottom"":844.234375,""width"":226,""height"":44}",320,320,true,320,320,true,pre-implementation-capture,true,33,0,27.765625,44,false,/en/software/r4-safe-tool-03,0,true
en,/en/software,1,360,4,12,12,1,true,all-products,52,52,false,false,"{""left"":300,""right"":344,""top"":784,""bottom"":828,""width"":44,""height"":44}","{""left"":41,""right"":267,""top"":800.40625,""bottom"":844.40625,""width"":226,""height"":44}",320,320,true,320,320,true,pre-implementation-capture,true,33,0,27.59375,44,false,/en/software/r4-safe-tool-04,0,true
en,/en/software,1,360,5,12,12,1,true,all-products,52,52,false,false,"{""left"":300,""right"":344,""top"":784,""bottom"":828,""width"":44,""height"":44}","{""left"":41,""right"":267,""top"":799.578125,""bottom"":843.578125,""width"":226,""height"":44}",320,320,true,320,320,true,pre-implementation-capture,true,33,0,28.421875,44,false,/en/software/r4-safe-tool-05,0,true
en,/en/software,1,360,6,12,12,1,true,all-products,52,52,false,false,"{""left"":300,""right"":344,""top"":784,""bottom"":828,""width"":44,""height"":44}","{""left"":41,""right"":267,""top"":799.75,""bottom"":843.75,""width"":226,""height"":44}",320,320,true,320,320,true,pre-implementation-capture,true,33,0,28.25,44,false,/en/software/r4-safe-tool-06,0,true
en,/en/software,1,360,7,12,12,1,true,all-products,52,52,false,false,"{""left"":300,""right"":344,""top"":784,""bottom"":828,""width"":44,""height"":44}","{""left"":41,""right"":267,""top"":799.921875,""bottom"":843.921875,""width"":226,""height"":44}",320,320,true,320,320,true,pre-implementation-capture,true,33,0,28.078125,44,false,/en/software/r4-safe-tool-07,0,true
en,/en/software,1,360,8,12,12,1,true,all-products,52,52,false,false,"{""left"":300,""right"":344,""top"":784,""bottom"":828,""width"":44,""height"":44}","{""left"":41,""right"":267,""top"":800.09375,""bottom"":844.09375,""width"":226,""height"":44}",320,320,true,320,320,true,pre-implementation-capture,true,33,0,27.90625,44,false,/en/software/r4-safe-tool-08,0,true
en,/en/software,1,360,9,12,12,1,true,all-products,52,52,false,false,"{""left"":300,""right"":344,""top"":784,""bottom"":828,""width"":44,""height"":44}","{""left"":41,""right"":267,""top"":800.265625,""bottom"":844.265625,""width"":226,""height"":44}",320,320,true,320,320,true,pre-implementation-capture,true,33,0,27.734375,44,false,/en/software/r4-safe-tool-09,0,true
en,/en/software,1,360,10,12,12,1,true,all-products,52,52,false,false,"{""left"":300,""right"":344,""top"":784,""bottom"":828,""width"":44,""height"":44}","{""left"":41,""right"":267,""top"":800.4375,""bottom"":844.4375,""width"":226,""height"":44}",320,320,true,320,320,true,pre-implementation-capture,true,33,0,27.5625,44,false,/en/software/r4-safe-tool-10,0,true
en,/en/software,1,360,11,12,12,1,true,all-products,52,52,false,false,"{""left"":300,""right"":344,""top"":784,""bottom"":828,""width"":44,""height"":44}","{""left"":41,""right"":267,""top"":799.609375,""bottom"":843.609375,""width"":226,""height"":44}",320,320,true,320,320,true,pre-implementation-capture,true,33,0,28.390625,44,false,/en/software/r4-safe-tool-11,0,true
en,/en/software,1,360,12,12,12,1,true,all-products,52,52,false,false,"{""left"":300,""right"":344,""top"":784,""bottom"":828,""width"":44,""height"":44}","{""left"":41,""right"":267,""top"":799.78125,""bottom"":843.78125,""width"":226,""height"":44}",320,320,true,320,320,true,pre-implementation-capture,true,33,0,28.21875,44,false,/en/software/r4-safe-tool-12,0,true
en,/en/software?page=2,2,360,1,12,12,1,true,all-products,52,52,false,false,"{""left"":300,""right"":344,""top"":784,""bottom"":828,""width"":44,""height"":44}","{""left"":41,""right"":267,""top"":799.890625,""bottom"":843.890625,""width"":226,""height"":44}",320,320,true,320,320,true,pre-implementation-capture,true,33,0,28.109375,44,false,/en/software/r4-safe-tool-13,0,true
en,/en/software?page=2,2,360,2,12,12,1,true,all-products,52,52,false,false,"{""left"":300,""right"":344,""top"":784,""bottom"":828,""width"":44,""height"":44}","{""left"":41,""right"":267,""top"":800.0625,""bottom"":844.0625,""width"":226,""height"":44}",320,320,true,320,320,true,pre-implementation-capture,true,33,0,27.9375,44,false,/en/software/r4-safe-tool-14,0,true
en,/en/software?page=2,2,360,3,12,12,1,true,all-products,52,52,false,false,"{""left"":300,""right"":344,""top"":784,""bottom"":828,""width"":44,""height"":44}","{""left"":41,""right"":267,""top"":800.234375,""bottom"":844.234375,""width"":226,""height"":44}",320,320,true,320,320,true,pre-implementation-capture,true,33,0,27.765625,44,false,/en/software/r4-safe-tool-15,0,true
en,/en/software?page=2,2,360,4,12,12,1,true,all-products,52,52,false,false,"{""left"":300,""right"":344,""top"":784,""bottom"":828,""width"":44,""height"":44}","{""left"":41,""right"":267,""top"":800.40625,""bottom"":844.40625,""width"":226,""height"":44}",320,320,true,320,320,true,pre-implementation-capture,true,33,0,27.59375,44,false,/en/software/r4-safe-tool-16,0,true
en,/en/software?page=2,2,360,5,12,12,1,true,all-products,52,52,false,false,"{""left"":300,""right"":344,""top"":784,""bottom"":828,""width"":44,""height"":44}","{""left"":41,""right"":267,""top"":799.578125,""bottom"":843.578125,""width"":226,""height"":44}",320,320,true,320,320,true,pre-implementation-capture,true,33,0,28.421875,44,false,/en/software/r4-safe-tool-17,0,true
en,/en/software?page=2,2,360,6,12,12,1,true,all-products,52,52,false,false,"{""left"":300,""right"":344,""top"":784,""bottom"":828,""width"":44,""height"":44}","{""left"":41,""right"":267,""top"":799.75,""bottom"":843.75,""width"":226,""height"":44}",320,320,true,320,320,true,pre-implementation-capture,true,33,0,28.25,44,false,/en/software/r4-safe-tool-18,0,true
en,/en/software?page=2,2,360,7,12,12,1,true,all-products,52,52,false,false,"{""left"":300,""right"":344,""top"":784,""bottom"":828,""width"":44,""height"":44}","{""left"":41,""right"":267,""top"":799.921875,""bottom"":843.921875,""width"":226,""height"":44}",320,320,true,320,320,true,pre-implementation-capture,true,33,0,28.078125,44,false,/en/software/r4-safe-tool-19,0,true
en,/en/software?page=2,2,360,8,12,12,1,true,all-products,52,52,false,false,"{""left"":300,""right"":344,""top"":784,""bottom"":828,""width"":44,""height"":44}","{""left"":41,""right"":267,""top"":800.09375,""bottom"":844.09375,""width"":226,""height"":44}",320,320,true,320,320,true,pre-implementation-capture,true,33,0,27.90625,44,false,/en/software/r4-safe-tool-20,0,true
en,/en/software?page=2,2,360,9,12,12,1,true,all-products,52,52,false,false,"{""left"":300,""right"":344,""top"":784,""bottom"":828,""width"":44,""height"":44}","{""left"":41,""right"":267,""top"":800.265625,""bottom"":844.265625,""width"":226,""height"":44}",320,320,true,320,320,true,pre-implementation-capture,true,33,0,27.734375,44,false,/en/software/r4-safe-tool-21,0,true
en,/en/software?page=2,2,360,10,12,12,1,true,all-products,52,52,false,false,"{""left"":300,""right"":344,""top"":784,""bottom"":828,""width"":44,""height"":44}","{""left"":41,""right"":267,""top"":800.4375,""bottom"":844.4375,""width"":226,""height"":44}",320,320,true,320,320,true,pre-implementation-capture,true,33,0,27.5625,44,false,/en/software/r4-safe-tool-22,0,true
en,/en/software?page=2,2,360,11,12,12,1,true,all-products,52,52,false,false,"{""left"":300,""right"":344,""top"":784,""bottom"":828,""width"":44,""height"":44}","{""left"":41,""right"":267,""top"":799.609375,""bottom"":843.609375,""width"":226,""height"":44}",320,320,true,320,320,true,pre-implementation-capture,true,33,0,28.390625,44,false,/en/software/r4-safe-tool-23,0,true
en,/en/software?page=2,2,360,12,12,12,1,true,all-products,52,52,false,false,"{""left"":300,""right"":344,""top"":784,""bottom"":828,""width"":44,""height"":44}","{""left"":41,""right"":267,""top"":799.78125,""bottom"":843.78125,""width"":226,""height"":44}",320,320,true,320,320,true,pre-implementation-capture,true,33,0,28.21875,44,false,/en/software/r4-safe-tool-24,0,true
en,/en/software?page=3,3,360,1,1,1,1,true,all-products,52,52,false,false,"{""left"":300,""right"":344,""top"":784,""bottom"":828,""width"":44,""height"":44}","{""left"":41,""right"":267,""top"":799.890625,""bottom"":843.890625,""width"":226,""height"":44}",320,320,true,320,320,true,pre-implementation-capture,true,33,0,28.109375,44,false,/en/software/r4-safe-tool-25,0,true
en,/en/software,1,390,1,12,12,1,true,all-products,52,52,false,false,"{""left"":330,""right"":374,""top"":784,""bottom"":828,""width"":44,""height"":44}","{""left"":41,""right"":297,""top"":800.0625,""bottom"":844.0625,""width"":256,""height"":44}",350,350,true,350,350,true,pre-implementation-capture,true,33,0,27.9375,44,false,/en/software/r4-safe-tool-01,0,true
en,/en/software,1,390,2,12,12,1,true,all-products,52,52,false,false,"{""left"":330,""right"":374,""top"":784,""bottom"":828,""width"":44,""height"":44}","{""left"":41,""right"":297,""top"":799.921875,""bottom"":843.921875,""width"":256,""height"":44}",350,350,true,350,350,true,pre-implementation-capture,true,33,0,28.078125,44,false,/en/software/r4-safe-tool-02,0,true
en,/en/software,1,390,3,12,12,1,true,all-products,52,52,false,false,"{""left"":330,""right"":374,""top"":784,""bottom"":828,""width"":44,""height"":44}","{""left"":41,""right"":297,""top"":799.78125,""bottom"":843.78125,""width"":256,""height"":44}",350,350,true,350,350,true,pre-implementation-capture,true,33,0,28.21875,44,false,/en/software/r4-safe-tool-03,0,true
en,/en/software,1,390,4,12,12,1,true,all-products,52,52,false,false,"{""left"":330,""right"":374,""top"":784,""bottom"":828,""width"":44,""height"":44}","{""left"":41,""right"":297,""top"":799.640625,""bottom"":843.640625,""width"":256,""height"":44}",350,350,true,350,350,true,pre-implementation-capture,true,33,0,28.359375,44,false,/en/software/r4-safe-tool-04,0,true
en,/en/software,1,390,5,12,12,1,true,all-products,52,52,false,false,"{""left"":330,""right"":374,""top"":784,""bottom"":828,""width"":44,""height"":44}","{""left"":41,""right"":297,""top"":799.5,""bottom"":843.5,""width"":256,""height"":44}",350,350,true,350,350,true,pre-implementation-capture,true,33,0,28.5,44,false,/en/software/r4-safe-tool-05,0,true
en,/en/software,1,390,6,12,12,1,true,all-products,52,52,false,false,"{""left"":330,""right"":374,""top"":784,""bottom"":828,""width"":44,""height"":44}","{""left"":41,""right"":297,""top"":800.359375,""bottom"":844.359375,""width"":256,""height"":44}",350,350,true,350,350,true,pre-implementation-capture,true,33,0,27.640625,44,false,/en/software/r4-safe-tool-06,0,true
en,/en/software,1,390,7,12,12,1,true,all-products,52,52,false,false,"{""left"":330,""right"":374,""top"":784,""bottom"":828,""width"":44,""height"":44}","{""left"":41,""right"":297,""top"":800.21875,""bottom"":844.21875,""width"":256,""height"":44}",350,350,true,350,350,true,pre-implementation-capture,true,33,0,27.78125,44,false,/en/software/r4-safe-tool-07,0,true
en,/en/software,1,390,8,12,12,1,true,all-products,52,52,false,false,"{""left"":330,""right"":374,""top"":784,""bottom"":828,""width"":44,""height"":44}","{""left"":41,""right"":297,""top"":800.078125,""bottom"":844.078125,""width"":256,""height"":44}",350,350,true,350,350,true,pre-implementation-capture,true,33,0,27.921875,44,false,/en/software/r4-safe-tool-08,0,true
en,/en/software,1,390,9,12,12,1,true,all-products,52,52,false,false,"{""left"":330,""right"":374,""top"":784,""bottom"":828,""width"":44,""height"":44}","{""left"":41,""right"":297,""top"":799.9375,""bottom"":843.9375,""width"":256,""height"":44}",350,350,true,350,350,true,pre-implementation-capture,true,33,0,28.0625,44,false,/en/software/r4-safe-tool-09,0,true
en,/en/software,1,390,10,12,12,1,true,all-products,52,52,false,false,"{""left"":330,""right"":374,""top"":784,""bottom"":828,""width"":44,""height"":44}","{""left"":41,""right"":297,""top"":799.796875,""bottom"":843.796875,""width"":256,""height"":44}",350,350,true,350,350,true,pre-implementation-capture,true,33,0,28.203125,44,false,/en/software/r4-safe-tool-10,0,true
en,/en/software,1,390,11,12,12,1,true,all-products,52,52,false,false,"{""left"":330,""right"":374,""top"":784,""bottom"":828,""width"":44,""height"":44}","{""left"":41,""right"":297,""top"":799.65625,""bottom"":843.65625,""width"":256,""height"":44}",350,350,true,350,350,true,pre-implementation-capture,true,33,0,28.34375,44,false,/en/software/r4-safe-tool-11,0,true
en,/en/software,1,390,12,12,12,1,true,all-products,52,52,false,false,"{""left"":330,""right"":374,""top"":784,""bottom"":828,""width"":44,""height"":44}","{""left"":41,""right"":297,""top"":799.515625,""bottom"":843.515625,""width"":256,""height"":44}",350,350,true,350,350,true,pre-implementation-capture,true,33,0,28.484375,44,false,/en/software/r4-safe-tool-12,0,true
en,/en/software?page=2,2,390,1,12,12,1,true,all-products,52,52,false,false,"{""left"":330,""right"":374,""top"":784,""bottom"":828,""width"":44,""height"":44}","{""left"":41,""right"":297,""top"":800.0625,""bottom"":844.0625,""width"":256,""height"":44}",350,350,true,350,350,true,pre-implementation-capture,true,33,0,27.9375,44,false,/en/software/r4-safe-tool-13,0,true
en,/en/software?page=2,2,390,2,12,12,1,true,all-products,52,52,false,false,"{""left"":330,""right"":374,""top"":784,""bottom"":828,""width"":44,""height"":44}","{""left"":41,""right"":297,""top"":799.921875,""bottom"":843.921875,""width"":256,""height"":44}",350,350,true,350,350,true,pre-implementation-capture,true,33,0,28.078125,44,false,/en/software/r4-safe-tool-14,0,true
en,/en/software?page=2,2,390,3,12,12,1,true,all-products,52,52,false,false,"{""left"":330,""right"":374,""top"":784,""bottom"":828,""width"":44,""height"":44}","{""left"":41,""right"":297,""top"":799.78125,""bottom"":843.78125,""width"":256,""height"":44}",350,350,true,350,350,true,pre-implementation-capture,true,33,0,28.21875,44,false,/en/software/r4-safe-tool-15,0,true
en,/en/software?page=2,2,390,4,12,12,1,true,all-products,52,52,false,false,"{""left"":330,""right"":374,""top"":784,""bottom"":828,""width"":44,""height"":44}","{""left"":41,""right"":297,""top"":799.640625,""bottom"":843.640625,""width"":256,""height"":44}",350,350,true,350,350,true,pre-implementation-capture,true,33,0,28.359375,44,false,/en/software/r4-safe-tool-16,0,true
en,/en/software?page=2,2,390,5,12,12,1,true,all-products,52,52,false,false,"{""left"":330,""right"":374,""top"":784,""bottom"":828,""width"":44,""height"":44}","{""left"":41,""right"":297,""top"":799.5,""bottom"":843.5,""width"":256,""height"":44}",350,350,true,350,350,true,pre-implementation-capture,true,33,0,28.5,44,false,/en/software/r4-safe-tool-17,0,true
en,/en/software?page=2,2,390,6,12,12,1,true,all-products,52,52,false,false,"{""left"":330,""right"":374,""top"":784,""bottom"":828,""width"":44,""height"":44}","{""left"":41,""right"":297,""top"":800.359375,""bottom"":844.359375,""width"":256,""height"":44}",350,350,true,350,350,true,pre-implementation-capture,true,33,0,27.640625,44,false,/en/software/r4-safe-tool-18,0,true
en,/en/software?page=2,2,390,7,12,12,1,true,all-products,52,52,false,false,"{""left"":330,""right"":374,""top"":784,""bottom"":828,""width"":44,""height"":44}","{""left"":41,""right"":297,""top"":800.21875,""bottom"":844.21875,""width"":256,""height"":44}",350,350,true,350,350,true,pre-implementation-capture,true,33,0,27.78125,44,false,/en/software/r4-safe-tool-19,0,true
en,/en/software?page=2,2,390,8,12,12,1,true,all-products,52,52,false,false,"{""left"":330,""right"":374,""top"":784,""bottom"":828,""width"":44,""height"":44}","{""left"":41,""right"":297,""top"":800.078125,""bottom"":844.078125,""width"":256,""height"":44}",350,350,true,350,350,true,pre-implementation-capture,true,33,0,27.921875,44,false,/en/software/r4-safe-tool-20,0,true
en,/en/software?page=2,2,390,9,12,12,1,true,all-products,52,52,false,false,"{""left"":330,""right"":374,""top"":784,""bottom"":828,""width"":44,""height"":44}","{""left"":41,""right"":297,""top"":799.9375,""bottom"":843.9375,""width"":256,""height"":44}",350,350,true,350,350,true,pre-implementation-capture,true,33,0,28.0625,44,false,/en/software/r4-safe-tool-21,0,true
en,/en/software?page=2,2,390,10,12,12,1,true,all-products,52,52,false,false,"{""left"":330,""right"":374,""top"":784,""bottom"":828,""width"":44,""height"":44}","{""left"":41,""right"":297,""top"":799.796875,""bottom"":843.796875,""width"":256,""height"":44}",350,350,true,350,350,true,pre-implementation-capture,true,33,0,28.203125,44,false,/en/software/r4-safe-tool-22,0,true
en,/en/software?page=2,2,390,11,12,12,1,true,all-products,52,52,false,false,"{""left"":330,""right"":374,""top"":784,""bottom"":828,""width"":44,""height"":44}","{""left"":41,""right"":297,""top"":799.65625,""bottom"":843.65625,""width"":256,""height"":44}",350,350,true,350,350,true,pre-implementation-capture,true,33,0,28.34375,44,false,/en/software/r4-safe-tool-23,0,true
en,/en/software?page=2,2,390,12,12,12,1,true,all-products,52,52,false,false,"{""left"":330,""right"":374,""top"":784,""bottom"":828,""width"":44,""height"":44}","{""left"":41,""right"":297,""top"":799.515625,""bottom"":843.515625,""width"":256,""height"":44}",350,350,true,350,350,true,pre-implementation-capture,true,33,0,28.484375,44,false,/en/software/r4-safe-tool-24,0,true
en,/en/software?page=3,3,390,1,1,1,1,true,all-products,52,52,false,false,"{""left"":330,""right"":374,""top"":784,""bottom"":828,""width"":44,""height"":44}","{""left"":41,""right"":297,""top"":800.0625,""bottom"":844.0625,""width"":256,""height"":44}",350,350,true,350,350,true,pre-implementation-capture,true,33,0,27.9375,44,false,/en/software/r4-safe-tool-25,0,true
en,/en/software,1,480,1,12,12,1,true,all-products,52,52,false,false,"{""left"":420,""right"":464,""top"":784,""bottom"":828,""width"":44,""height"":44}","{""left"":41,""right"":387,""top"":800.328125,""bottom"":844.328125,""width"":346,""height"":44}",440,440,true,440,440,true,pre-implementation-capture,true,33,0,27.671875,44,false,/en/software/r4-safe-tool-01,0,true
en,/en/software,1,480,2,12,12,1,true,all-products,52,52,false,false,"{""left"":420,""right"":464,""top"":784,""bottom"":828,""width"":44,""height"":44}","{""left"":41,""right"":387,""top"":799.8125,""bottom"":843.8125,""width"":346,""height"":44}",440,440,true,440,440,true,pre-implementation-capture,true,33,0,28.1875,44,false,/en/software/r4-safe-tool-02,0,true
en,/en/software,1,480,3,12,12,1,true,all-products,52,52,false,false,"{""left"":420,""right"":464,""top"":784,""bottom"":828,""width"":44,""height"":44}","{""left"":41,""right"":387,""top"":800.296875,""bottom"":844.296875,""width"":346,""height"":44}",440,440,true,440,440,true,pre-implementation-capture,true,33,0,27.703125,44,false,/en/software/r4-safe-tool-03,0,true
en,/en/software,1,480,4,12,12,1,true,all-products,52,52,false,false,"{""left"":420,""right"":464,""top"":784,""bottom"":828,""width"":44,""height"":44}","{""left"":41,""right"":387,""top"":799.78125,""bottom"":843.78125,""width"":346,""height"":44}",440,440,true,440,440,true,pre-implementation-capture,true,33,0,28.21875,44,false,/en/software/r4-safe-tool-04,0,true
en,/en/software,1,480,5,12,12,1,true,all-products,52,52,false,false,"{""left"":420,""right"":464,""top"":784,""bottom"":828,""width"":44,""height"":44}","{""left"":41,""right"":387,""top"":800.265625,""bottom"":844.265625,""width"":346,""height"":44}",440,440,true,440,440,true,pre-implementation-capture,true,33,0,27.734375,44,false,/en/software/r4-safe-tool-05,0,true
en,/en/software,1,480,6,12,12,1,true,all-products,52,52,false,false,"{""left"":420,""right"":464,""top"":784,""bottom"":828,""width"":44,""height"":44}","{""left"":41,""right"":387,""top"":799.75,""bottom"":843.75,""width"":346,""height"":44}",440,440,true,440,440,true,pre-implementation-capture,true,33,0,28.25,44,false,/en/software/r4-safe-tool-06,0,true
en,/en/software,1,480,7,12,12,1,true,all-products,52,52,false,false,"{""left"":420,""right"":464,""top"":784,""bottom"":828,""width"":44,""height"":44}","{""left"":41,""right"":387,""top"":800.234375,""bottom"":844.234375,""width"":346,""height"":44}",440,440,true,440,440,true,pre-implementation-capture,true,33,0,27.765625,44,false,/en/software/r4-safe-tool-07,0,true
en,/en/software,1,480,8,12,12,1,true,all-products,52,52,false,false,"{""left"":420,""right"":464,""top"":784,""bottom"":828,""width"":44,""height"":44}","{""left"":41,""right"":387,""top"":799.71875,""bottom"":843.71875,""width"":346,""height"":44}",440,440,true,440,440,true,pre-implementation-capture,true,33,0,28.28125,44,false,/en/software/r4-safe-tool-08,0,true
en,/en/software,1,480,9,12,12,1,true,all-products,52,52,false,false,"{""left"":420,""right"":464,""top"":784,""bottom"":828,""width"":44,""height"":44}","{""left"":41,""right"":387,""top"":800.203125,""bottom"":844.203125,""width"":346,""height"":44}",440,440,true,440,440,true,pre-implementation-capture,true,33,0,27.796875,44,false,/en/software/r4-safe-tool-09,0,true
en,/en/software,1,480,10,12,12,1,true,all-products,52,52,false,false,"{""left"":420,""right"":464,""top"":784,""bottom"":828,""width"":44,""height"":44}","{""left"":41,""right"":387,""top"":799.6875,""bottom"":843.6875,""width"":346,""height"":44}",440,440,true,440,440,true,pre-implementation-capture,true,33,0,28.3125,44,false,/en/software/r4-safe-tool-10,0,true
en,/en/software,1,480,11,12,12,1,true,all-products,52,52,false,false,"{""left"":420,""right"":464,""top"":784,""bottom"":828,""width"":44,""height"":44}","{""left"":41,""right"":387,""top"":800.171875,""bottom"":844.171875,""width"":346,""height"":44}",440,440,true,440,440,true,pre-implementation-capture,true,33,0,27.828125,44,false,/en/software/r4-safe-tool-11,0,true
en,/en/software,1,480,12,12,12,1,true,all-products,52,52,false,false,"{""left"":420,""right"":464,""top"":784,""bottom"":828,""width"":44,""height"":44}","{""left"":41,""right"":387,""top"":799.65625,""bottom"":843.65625,""width"":346,""height"":44}",440,440,true,440,440,true,pre-implementation-capture,true,33,0,28.34375,44,false,/en/software/r4-safe-tool-12,0,true
en,/en/software?page=2,2,480,1,12,12,1,true,all-products,52,52,false,false,"{""left"":420,""right"":464,""top"":784,""bottom"":828,""width"":44,""height"":44}","{""left"":41,""right"":387,""top"":800.328125,""bottom"":844.328125,""width"":346,""height"":44}",440,440,true,440,440,true,pre-implementation-capture,true,33,0,27.671875,44,false,/en/software/r4-safe-tool-13,0,true
en,/en/software?page=2,2,480,2,12,12,1,true,all-products,52,52,false,false,"{""left"":420,""right"":464,""top"":784,""bottom"":828,""width"":44,""height"":44}","{""left"":41,""right"":387,""top"":799.8125,""bottom"":843.8125,""width"":346,""height"":44}",440,440,true,440,440,true,pre-implementation-capture,true,33,0,28.1875,44,false,/en/software/r4-safe-tool-14,0,true
en,/en/software?page=2,2,480,3,12,12,1,true,all-products,52,52,false,false,"{""left"":420,""right"":464,""top"":784,""bottom"":828,""width"":44,""height"":44}","{""left"":41,""right"":387,""top"":800.296875,""bottom"":844.296875,""width"":346,""height"":44}",440,440,true,440,440,true,pre-implementation-capture,true,33,0,27.703125,44,false,/en/software/r4-safe-tool-15,0,true
en,/en/software?page=2,2,480,4,12,12,1,true,all-products,52,52,false,false,"{""left"":420,""right"":464,""top"":784,""bottom"":828,""width"":44,""height"":44}","{""left"":41,""right"":387,""top"":799.78125,""bottom"":843.78125,""width"":346,""height"":44}",440,440,true,440,440,true,pre-implementation-capture,true,33,0,28.21875,44,false,/en/software/r4-safe-tool-16,0,true
en,/en/software?page=2,2,480,5,12,12,1,true,all-products,52,52,false,false,"{""left"":420,""right"":464,""top"":784,""bottom"":828,""width"":44,""height"":44}","{""left"":41,""right"":387,""top"":800.265625,""bottom"":844.265625,""width"":346,""height"":44}",440,440,true,440,440,true,pre-implementation-capture,true,33,0,27.734375,44,false,/en/software/r4-safe-tool-17,0,true
en,/en/software?page=2,2,480,6,12,12,1,true,all-products,52,52,false,false,"{""left"":420,""right"":464,""top"":784,""bottom"":828,""width"":44,""height"":44}","{""left"":41,""right"":387,""top"":799.75,""bottom"":843.75,""width"":346,""height"":44}",440,440,true,440,440,true,pre-implementation-capture,true,33,0,28.25,44,false,/en/software/r4-safe-tool-18,0,true
en,/en/software?page=2,2,480,7,12,12,1,true,all-products,52,52,false,false,"{""left"":420,""right"":464,""top"":784,""bottom"":828,""width"":44,""height"":44}","{""left"":41,""right"":387,""top"":800.234375,""bottom"":844.234375,""width"":346,""height"":44}",440,440,true,440,440,true,pre-implementation-capture,true,33,0,27.765625,44,false,/en/software/r4-safe-tool-19,0,true
en,/en/software?page=2,2,480,8,12,12,1,true,all-products,52,52,false,false,"{""left"":420,""right"":464,""top"":784,""bottom"":828,""width"":44,""height"":44}","{""left"":41,""right"":387,""top"":799.71875,""bottom"":843.71875,""width"":346,""height"":44}",440,440,true,440,440,true,pre-implementation-capture,true,33,0,28.28125,44,false,/en/software/r4-safe-tool-20,0,true
en,/en/software?page=2,2,480,9,12,12,1,true,all-products,52,52,false,false,"{""left"":420,""right"":464,""top"":784,""bottom"":828,""width"":44,""height"":44}","{""left"":41,""right"":387,""top"":800.203125,""bottom"":844.203125,""width"":346,""height"":44}",440,440,true,440,440,true,pre-implementation-capture,true,33,0,27.796875,44,false,/en/software/r4-safe-tool-21,0,true
en,/en/software?page=2,2,480,10,12,12,1,true,all-products,52,52,false,false,"{""left"":420,""right"":464,""top"":784,""bottom"":828,""width"":44,""height"":44}","{""left"":41,""right"":387,""top"":799.6875,""bottom"":843.6875,""width"":346,""height"":44}",440,440,true,440,440,true,pre-implementation-capture,true,33,0,28.3125,44,false,/en/software/r4-safe-tool-22,0,true
en,/en/software?page=2,2,480,11,12,12,1,true,all-products,52,52,false,false,"{""left"":420,""right"":464,""top"":784,""bottom"":828,""width"":44,""height"":44}","{""left"":41,""right"":387,""top"":800.171875,""bottom"":844.171875,""width"":346,""height"":44}",440,440,true,440,440,true,pre-implementation-capture,true,33,0,27.828125,44,false,/en/software/r4-safe-tool-23,0,true
en,/en/software?page=2,2,480,12,12,12,1,true,all-products,52,52,false,false,"{""left"":420,""right"":464,""top"":784,""bottom"":828,""width"":44,""height"":44}","{""left"":41,""right"":387,""top"":799.65625,""bottom"":843.65625,""width"":346,""height"":44}",440,440,true,440,440,true,pre-implementation-capture,true,33,0,28.34375,44,false,/en/software/r4-safe-tool-24,0,true
en,/en/software?page=3,3,480,1,1,1,1,true,all-products,52,52,false,false,"{""left"":420,""right"":464,""top"":784,""bottom"":828,""width"":44,""height"":44}","{""left"":41,""right"":387,""top"":800.328125,""bottom"":844.328125,""width"":346,""height"":44}",440,440,true,440,440,true,pre-implementation-capture,true,33,0,27.671875,44,false,/en/software/r4-safe-tool-25,0,true
en,/en/software,1,483,1,12,12,1,true,all-products,52,52,false,false,"{""left"":423,""right"":467,""top"":840,""bottom"":884,""width"":44,""height"":44}","{""left"":41,""right"":390,""top"":855.59375,""bottom"":899.59375,""width"":349,""height"":44}",443,443,true,443,443,true,test-only-exclusion-disabled,true,33,0,28.40625,44,false,/en/software/r4-safe-tool-01,0,true
en,/en/software,1,483,2,12,12,1,true,all-products,52,52,false,false,"{""left"":423,""right"":467,""top"":840,""bottom"":884,""width"":44,""height"":44}","{""left"":41,""right"":390,""top"":855.765625,""bottom"":899.765625,""width"":349,""height"":44}",443,443,true,443,443,true,test-only-exclusion-disabled,true,33,0,28.234375,44,false,/en/software/r4-safe-tool-02,0,true
en,/en/software,1,483,3,12,12,1,true,all-products,52,52,false,false,"{""left"":423,""right"":467,""top"":840,""bottom"":884,""width"":44,""height"":44}","{""left"":41,""right"":390,""top"":855.9375,""bottom"":899.9375,""width"":349,""height"":44}",443,443,true,443,443,true,test-only-exclusion-disabled,true,33,0,28.0625,44,false,/en/software/r4-safe-tool-03,0,true
en,/en/software,1,483,4,12,12,1,true,all-products,52,52,false,false,"{""left"":423,""right"":467,""top"":840,""bottom"":884,""width"":44,""height"":44}","{""left"":41,""right"":390,""top"":856.109375,""bottom"":900.109375,""width"":349,""height"":44}",443,443,true,443,443,true,test-only-exclusion-disabled,true,33,0,27.890625,44,false,/en/software/r4-safe-tool-04,0,true
en,/en/software,1,483,5,12,12,1,true,all-products,52,52,false,false,"{""left"":423,""right"":467,""top"":840,""bottom"":884,""width"":44,""height"":44}","{""left"":41,""right"":390,""top"":856.28125,""bottom"":900.28125,""width"":349,""height"":44}",443,443,true,443,443,true,test-only-exclusion-disabled,true,33,0,27.71875,44,false,/en/software/r4-safe-tool-05,0,true
en,/en/software,1,483,6,12,12,1,true,all-products,52,52,false,false,"{""left"":423,""right"":467,""top"":840,""bottom"":884,""width"":44,""height"":44}","{""left"":41,""right"":390,""top"":856.453125,""bottom"":900.453125,""width"":349,""height"":44}",443,443,true,443,443,true,test-only-exclusion-disabled,true,33,0,27.546875,44,false,/en/software/r4-safe-tool-06,0,true
en,/en/software,1,483,7,12,12,1,true,all-products,52,52,false,false,"{""left"":423,""right"":467,""top"":840,""bottom"":884,""width"":44,""height"":44}","{""left"":41,""right"":390,""top"":855.625,""bottom"":899.625,""width"":349,""height"":44}",443,443,true,443,443,true,test-only-exclusion-disabled,true,33,0,28.375,44,false,/en/software/r4-safe-tool-07,0,true
en,/en/software,1,483,8,12,12,1,true,all-products,52,52,false,false,"{""left"":423,""right"":467,""top"":840,""bottom"":884,""width"":44,""height"":44}","{""left"":41,""right"":390,""top"":855.796875,""bottom"":899.796875,""width"":349,""height"":44}",443,443,true,443,443,true,test-only-exclusion-disabled,true,33,0,28.203125,44,false,/en/software/r4-safe-tool-08,0,true
en,/en/software,1,483,9,12,12,1,true,all-products,52,52,false,false,"{""left"":423,""right"":467,""top"":840,""bottom"":884,""width"":44,""height"":44}","{""left"":41,""right"":390,""top"":855.96875,""bottom"":899.96875,""width"":349,""height"":44}",443,443,true,443,443,true,test-only-exclusion-disabled,true,33,0,28.03125,44,false,/en/software/r4-safe-tool-09,0,true
en,/en/software,1,483,10,12,12,1,true,all-products,52,52,false,false,"{""left"":423,""right"":467,""top"":840,""bottom"":884,""width"":44,""height"":44}","{""left"":41,""right"":390,""top"":856.140625,""bottom"":900.140625,""width"":349,""height"":44}",443,443,true,443,443,true,test-only-exclusion-disabled,true,33,0,27.859375,44,false,/en/software/r4-safe-tool-10,0,true
en,/en/software,1,483,11,12,12,1,true,all-products,52,52,false,false,"{""left"":423,""right"":467,""top"":840,""bottom"":884,""width"":44,""height"":44}","{""left"":41,""right"":390,""top"":856.3125,""bottom"":900.3125,""width"":349,""height"":44}",443,443,true,443,443,true,test-only-exclusion-disabled,true,33,0,27.6875,44,false,/en/software/r4-safe-tool-11,0,true
en,/en/software,1,483,12,12,12,1,true,all-products,52,52,false,false,"{""left"":423,""right"":467,""top"":840,""bottom"":884,""width"":44,""height"":44}","{""left"":41,""right"":390,""top"":856.484375,""bottom"":900.484375,""width"":349,""height"":44}",443,443,true,443,443,true,test-only-exclusion-disabled,true,33,0,27.515625,44,false,/en/software/r4-safe-tool-12,0,true
en,/en/software?page=2,2,483,1,12,12,1,true,all-products,52,52,false,false,"{""left"":423,""right"":467,""top"":840,""bottom"":884,""width"":44,""height"":44}","{""left"":41,""right"":390,""top"":855.59375,""bottom"":899.59375,""width"":349,""height"":44}",443,443,true,443,443,true,test-only-exclusion-disabled,true,33,0,28.40625,44,false,/en/software/r4-safe-tool-13,0,true
en,/en/software?page=2,2,483,2,12,12,1,true,all-products,52,52,false,false,"{""left"":423,""right"":467,""top"":840,""bottom"":884,""width"":44,""height"":44}","{""left"":41,""right"":390,""top"":855.765625,""bottom"":899.765625,""width"":349,""height"":44}",443,443,true,443,443,true,test-only-exclusion-disabled,true,33,0,28.234375,44,false,/en/software/r4-safe-tool-14,0,true
en,/en/software?page=2,2,483,3,12,12,1,true,all-products,52,52,false,false,"{""left"":423,""right"":467,""top"":840,""bottom"":884,""width"":44,""height"":44}","{""left"":41,""right"":390,""top"":855.9375,""bottom"":899.9375,""width"":349,""height"":44}",443,443,true,443,443,true,test-only-exclusion-disabled,true,33,0,28.0625,44,false,/en/software/r4-safe-tool-15,0,true
en,/en/software?page=2,2,483,4,12,12,1,true,all-products,52,52,false,false,"{""left"":423,""right"":467,""top"":840,""bottom"":884,""width"":44,""height"":44}","{""left"":41,""right"":390,""top"":856.109375,""bottom"":900.109375,""width"":349,""height"":44}",443,443,true,443,443,true,test-only-exclusion-disabled,true,33,0,27.890625,44,false,/en/software/r4-safe-tool-16,0,true
en,/en/software?page=2,2,483,5,12,12,1,true,all-products,52,52,false,false,"{""left"":423,""right"":467,""top"":840,""bottom"":884,""width"":44,""height"":44}","{""left"":41,""right"":390,""top"":856.28125,""bottom"":900.28125,""width"":349,""height"":44}",443,443,true,443,443,true,test-only-exclusion-disabled,true,33,0,27.71875,44,false,/en/software/r4-safe-tool-17,0,true
en,/en/software?page=2,2,483,6,12,12,1,true,all-products,52,52,false,false,"{""left"":423,""right"":467,""top"":840,""bottom"":884,""width"":44,""height"":44}","{""left"":41,""right"":390,""top"":856.453125,""bottom"":900.453125,""width"":349,""height"":44}",443,443,true,443,443,true,test-only-exclusion-disabled,true,33,0,27.546875,44,false,/en/software/r4-safe-tool-18,0,true
en,/en/software?page=2,2,483,7,12,12,1,true,all-products,52,52,false,false,"{""left"":423,""right"":467,""top"":840,""bottom"":884,""width"":44,""height"":44}","{""left"":41,""right"":390,""top"":855.625,""bottom"":899.625,""width"":349,""height"":44}",443,443,true,443,443,true,test-only-exclusion-disabled,true,33,0,28.375,44,false,/en/software/r4-safe-tool-19,0,true
en,/en/software?page=2,2,483,8,12,12,1,true,all-products,52,52,false,false,"{""left"":423,""right"":467,""top"":840,""bottom"":884,""width"":44,""height"":44}","{""left"":41,""right"":390,""top"":855.796875,""bottom"":899.796875,""width"":349,""height"":44}",443,443,true,443,443,true,test-only-exclusion-disabled,true,33,0,28.203125,44,false,/en/software/r4-safe-tool-20,0,true
en,/en/software?page=2,2,483,9,12,12,1,true,all-products,52,52,false,false,"{""left"":423,""right"":467,""top"":840,""bottom"":884,""width"":44,""height"":44}","{""left"":41,""right"":390,""top"":855.96875,""bottom"":899.96875,""width"":349,""height"":44}",443,443,true,443,443,true,test-only-exclusion-disabled,true,33,0,28.03125,44,false,/en/software/r4-safe-tool-21,0,true
en,/en/software?page=2,2,483,10,12,12,1,true,all-products,52,52,false,false,"{""left"":423,""right"":467,""top"":840,""bottom"":884,""width"":44,""height"":44}","{""left"":41,""right"":390,""top"":856.140625,""bottom"":900.140625,""width"":349,""height"":44}",443,443,true,443,443,true,test-only-exclusion-disabled,true,33,0,27.859375,44,false,/en/software/r4-safe-tool-22,0,true
en,/en/software?page=2,2,483,11,12,12,1,true,all-products,52,52,false,false,"{""left"":423,""right"":467,""top"":840,""bottom"":884,""width"":44,""height"":44}","{""left"":41,""right"":390,""top"":856.3125,""bottom"":900.3125,""width"":349,""height"":44}",443,443,true,443,443,true,test-only-exclusion-disabled,true,33,0,27.6875,44,false,/en/software/r4-safe-tool-23,0,true
en,/en/software?page=2,2,483,12,12,12,1,true,all-products,52,52,false,false,"{""left"":423,""right"":467,""top"":840,""bottom"":884,""width"":44,""height"":44}","{""left"":41,""right"":390,""top"":856.484375,""bottom"":900.484375,""width"":349,""height"":44}",443,443,true,443,443,true,test-only-exclusion-disabled,true,33,0,27.515625,44,false,/en/software/r4-safe-tool-24,0,true
en,/en/software?page=3,3,483,1,1,1,1,true,all-products,52,52,false,false,"{""left"":423,""right"":467,""top"":840,""bottom"":884,""width"":44,""height"":44}","{""left"":41,""right"":390,""top"":855.59375,""bottom"":899.59375,""width"":349,""height"":44}",443,443,true,443,443,true,test-only-exclusion-disabled,true,33,0,28.40625,44,false,/en/software/r4-safe-tool-25,0,true
en,/en/software,1,484,1,12,12,1,true,all-products,104,104,false,false,"{""left"":372.453125,""right"":468,""top"":838,""bottom"":884,""width"":95.546875,""height"":46}","{""left"":41,""right"":339,""top"":856.0625,""bottom"":900.0625,""width"":298,""height"":44}",444,444,true,444,444,true,test-only-exclusion-disabled,true,33.453125,0,27.9375,44,false,/en/software/r4-safe-tool-01,0,true
en,/en/software,1,484,2,12,12,1,true,all-products,104,104,false,false,"{""left"":372.453125,""right"":468,""top"":838,""bottom"":884,""width"":95.546875,""height"":46}","{""left"":41,""right"":339,""top"":855.796875,""bottom"":899.796875,""width"":298,""height"":44}",444,444,true,444,444,true,test-only-exclusion-disabled,true,33.453125,0,28.203125,44,false,/en/software/r4-safe-tool-02,0,true
en,/en/software,1,484,3,12,12,1,true,all-products,104,104,false,false,"{""left"":372.453125,""right"":468,""top"":838,""bottom"":884,""width"":95.546875,""height"":46}","{""left"":41,""right"":339,""top"":855.53125,""bottom"":899.53125,""width"":298,""height"":44}",444,444,true,444,444,true,test-only-exclusion-disabled,true,33.453125,0,28.46875,44,false,/en/software/r4-safe-tool-03,0,true
en,/en/software,1,484,4,12,12,1,true,all-products,104,104,false,false,"{""left"":372.453125,""right"":468,""top"":838,""bottom"":884,""width"":95.546875,""height"":46}","{""left"":41,""right"":339,""top"":856.265625,""bottom"":900.265625,""width"":298,""height"":44}",444,444,true,444,444,true,test-only-exclusion-disabled,true,33.453125,0,27.734375,44,false,/en/software/r4-safe-tool-04,0,true
en,/en/software,1,484,5,12,12,1,true,all-products,104,104,false,false,"{""left"":372.453125,""right"":468,""top"":838,""bottom"":884,""width"":95.546875,""height"":46}","{""left"":41,""right"":339,""top"":856,""bottom"":900,""width"":298,""height"":44}",444,444,true,444,444,true,test-only-exclusion-disabled,true,33.453125,0,28,44,false,/en/software/r4-safe-tool-05,0,true
en,/en/software,1,484,6,12,12,1,true,all-products,104,104,false,false,"{""left"":372.453125,""right"":468,""top"":838,""bottom"":884,""width"":95.546875,""height"":46}","{""left"":41,""right"":339,""top"":855.734375,""bottom"":899.734375,""width"":298,""height"":44}",444,444,true,444,444,true,test-only-exclusion-disabled,true,33.453125,0,28.265625,44,false,/en/software/r4-safe-tool-06,0,true
en,/en/software,1,484,7,12,12,1,true,all-products,104,104,false,false,"{""left"":372.453125,""right"":468,""top"":838,""bottom"":884,""width"":95.546875,""height"":46}","{""left"":41,""right"":339,""top"":856.46875,""bottom"":900.46875,""width"":298,""height"":44}",444,444,true,444,444,true,test-only-exclusion-disabled,true,33.453125,0,27.53125,44,false,/en/software/r4-safe-tool-07,0,true
en,/en/software,1,484,8,12,12,1,true,all-products,104,104,false,false,"{""left"":372.453125,""right"":468,""top"":838,""bottom"":884,""width"":95.546875,""height"":46}","{""left"":41,""right"":339,""top"":856.203125,""bottom"":900.203125,""width"":298,""height"":44}",444,444,true,444,444,true,test-only-exclusion-disabled,true,33.453125,0,27.796875,44,false,/en/software/r4-safe-tool-08,0,true
en,/en/software,1,484,9,12,12,1,true,all-products,104,104,false,false,"{""left"":372.453125,""right"":468,""top"":838,""bottom"":884,""width"":95.546875,""height"":46}","{""left"":41,""right"":339,""top"":855.9375,""bottom"":899.9375,""width"":298,""height"":44}",444,444,true,444,444,true,test-only-exclusion-disabled,true,33.453125,0,28.0625,44,false,/en/software/r4-safe-tool-09,0,true
en,/en/software,1,484,10,12,12,1,true,all-products,104,104,false,false,"{""left"":372.453125,""right"":468,""top"":838,""bottom"":884,""width"":95.546875,""height"":46}","{""left"":41,""right"":339,""top"":855.671875,""bottom"":899.671875,""width"":298,""height"":44}",444,444,true,444,444,true,test-only-exclusion-disabled,true,33.453125,0,28.328125,44,false,/en/software/r4-safe-tool-10,0,true
en,/en/software,1,484,11,12,12,1,true,all-products,104,104,false,false,"{""left"":372.453125,""right"":468,""top"":838,""bottom"":884,""width"":95.546875,""height"":46}","{""left"":41,""right"":339,""top"":856.40625,""bottom"":900.40625,""width"":298,""height"":44}",444,444,true,444,444,true,test-only-exclusion-disabled,true,33.453125,0,27.59375,44,false,/en/software/r4-safe-tool-11,0,true
en,/en/software,1,484,12,12,12,1,true,all-products,104,104,false,false,"{""left"":372.453125,""right"":468,""top"":838,""bottom"":884,""width"":95.546875,""height"":46}","{""left"":41,""right"":339,""top"":856.140625,""bottom"":900.140625,""width"":298,""height"":44}",444,444,true,444,444,true,test-only-exclusion-disabled,true,33.453125,0,27.859375,44,false,/en/software/r4-safe-tool-12,0,true
en,/en/software?page=2,2,484,1,12,12,1,true,all-products,104,104,false,false,"{""left"":372.453125,""right"":468,""top"":838,""bottom"":884,""width"":95.546875,""height"":46}","{""left"":41,""right"":339,""top"":856.0625,""bottom"":900.0625,""width"":298,""height"":44}",444,444,true,444,444,true,test-only-exclusion-disabled,true,33.453125,0,27.9375,44,false,/en/software/r4-safe-tool-13,0,true
en,/en/software?page=2,2,484,2,12,12,1,true,all-products,104,104,false,false,"{""left"":372.453125,""right"":468,""top"":838,""bottom"":884,""width"":95.546875,""height"":46}","{""left"":41,""right"":339,""top"":855.796875,""bottom"":899.796875,""width"":298,""height"":44}",444,444,true,444,444,true,test-only-exclusion-disabled,true,33.453125,0,28.203125,44,false,/en/software/r4-safe-tool-14,0,true
en,/en/software?page=2,2,484,3,12,12,1,true,all-products,104,104,false,false,"{""left"":372.453125,""right"":468,""top"":838,""bottom"":884,""width"":95.546875,""height"":46}","{""left"":41,""right"":339,""top"":855.53125,""bottom"":899.53125,""width"":298,""height"":44}",444,444,true,444,444,true,test-only-exclusion-disabled,true,33.453125,0,28.46875,44,false,/en/software/r4-safe-tool-15,0,true
en,/en/software?page=2,2,484,4,12,12,1,true,all-products,104,104,false,false,"{""left"":372.453125,""right"":468,""top"":838,""bottom"":884,""width"":95.546875,""height"":46}","{""left"":41,""right"":339,""top"":856.265625,""bottom"":900.265625,""width"":298,""height"":44}",444,444,true,444,444,true,test-only-exclusion-disabled,true,33.453125,0,27.734375,44,false,/en/software/r4-safe-tool-16,0,true
en,/en/software?page=2,2,484,5,12,12,1,true,all-products,104,104,false,false,"{""left"":372.453125,""right"":468,""top"":838,""bottom"":884,""width"":95.546875,""height"":46}","{""left"":41,""right"":339,""top"":856,""bottom"":900,""width"":298,""height"":44}",444,444,true,444,444,true,test-only-exclusion-disabled,true,33.453125,0,28,44,false,/en/software/r4-safe-tool-17,0,true
en,/en/software?page=2,2,484,6,12,12,1,true,all-products,104,104,false,false,"{""left"":372.453125,""right"":468,""top"":838,""bottom"":884,""width"":95.546875,""height"":46}","{""left"":41,""right"":339,""top"":855.734375,""bottom"":899.734375,""width"":298,""height"":44}",444,444,true,444,444,true,test-only-exclusion-disabled,true,33.453125,0,28.265625,44,false,/en/software/r4-safe-tool-18,0,true
en,/en/software?page=2,2,484,7,12,12,1,true,all-products,104,104,false,false,"{""left"":372.453125,""right"":468,""top"":838,""bottom"":884,""width"":95.546875,""height"":46}","{""left"":41,""right"":339,""top"":856.46875,""bottom"":900.46875,""width"":298,""height"":44}",444,444,true,444,444,true,test-only-exclusion-disabled,true,33.453125,0,27.53125,44,false,/en/software/r4-safe-tool-19,0,true
en,/en/software?page=2,2,484,8,12,12,1,true,all-products,104,104,false,false,"{""left"":372.453125,""right"":468,""top"":838,""bottom"":884,""width"":95.546875,""height"":46}","{""left"":41,""right"":339,""top"":856.203125,""bottom"":900.203125,""width"":298,""height"":44}",444,444,true,444,444,true,test-only-exclusion-disabled,true,33.453125,0,27.796875,44,false,/en/software/r4-safe-tool-20,0,true
en,/en/software?page=2,2,484,9,12,12,1,true,all-products,104,104,false,false,"{""left"":372.453125,""right"":468,""top"":838,""bottom"":884,""width"":95.546875,""height"":46}","{""left"":41,""right"":339,""top"":855.9375,""bottom"":899.9375,""width"":298,""height"":44}",444,444,true,444,444,true,test-only-exclusion-disabled,true,33.453125,0,28.0625,44,false,/en/software/r4-safe-tool-21,0,true
en,/en/software?page=2,2,484,10,12,12,1,true,all-products,104,104,false,false,"{""left"":372.453125,""right"":468,""top"":838,""bottom"":884,""width"":95.546875,""height"":46}","{""left"":41,""right"":339,""top"":855.671875,""bottom"":899.671875,""width"":298,""height"":44}",444,444,true,444,444,true,test-only-exclusion-disabled,true,33.453125,0,28.328125,44,false,/en/software/r4-safe-tool-22,0,true
en,/en/software?page=2,2,484,11,12,12,1,true,all-products,104,104,false,false,"{""left"":372.453125,""right"":468,""top"":838,""bottom"":884,""width"":95.546875,""height"":46}","{""left"":41,""right"":339,""top"":856.40625,""bottom"":900.40625,""width"":298,""height"":44}",444,444,true,444,444,true,test-only-exclusion-disabled,true,33.453125,0,27.59375,44,false,/en/software/r4-safe-tool-23,0,true
en,/en/software?page=2,2,484,12,12,12,1,true,all-products,104,104,false,false,"{""left"":372.453125,""right"":468,""top"":838,""bottom"":884,""width"":95.546875,""height"":46}","{""left"":41,""right"":339,""top"":856.140625,""bottom"":900.140625,""width"":298,""height"":44}",444,444,true,444,444,true,test-only-exclusion-disabled,true,33.453125,0,27.859375,44,false,/en/software/r4-safe-tool-24,0,true
en,/en/software?page=3,3,484,1,1,1,1,true,all-products,104,104,false,false,"{""left"":372.453125,""right"":468,""top"":838,""bottom"":884,""width"":95.546875,""height"":46}","{""left"":41,""right"":339,""top"":856.0625,""bottom"":900.0625,""width"":298,""height"":44}",444,444,true,444,444,true,test-only-exclusion-disabled,true,33.453125,0,27.9375,44,false,/en/software/r4-safe-tool-25,0,true
en,/en/software,1,767,1,12,12,1,true,all-products,104,104,false,false,"{""left"":655.453125,""right"":751,""top"":838,""bottom"":884,""width"":95.546875,""height"":46}","{""left"":41,""right"":622,""top"":856.359375,""bottom"":900.359375,""width"":581,""height"":44}",727,727,true,727,727,true,test-only-exclusion-disabled,true,33.453125,0,27.640625,44,false,/en/software/r4-safe-tool-01,0,true
en,/en/software,1,767,2,12,12,1,true,all-products,104,104,false,false,"{""left"":655.453125,""right"":751,""top"":838,""bottom"":884,""width"":95.546875,""height"":46}","{""left"":41,""right"":622,""top"":856.09375,""bottom"":900.09375,""width"":581,""height"":44}",727,727,true,727,727,true,test-only-exclusion-disabled,true,33.453125,0,27.90625,44,false,/en/software/r4-safe-tool-02,0,true
en,/en/software,1,767,3,12,12,1,true,all-products,104,104,false,false,"{""left"":655.453125,""right"":751,""top"":838,""bottom"":884,""width"":95.546875,""height"":46}","{""left"":41,""right"":622,""top"":855.828125,""bottom"":899.828125,""width"":581,""height"":44}",727,727,true,727,727,true,test-only-exclusion-disabled,true,33.453125,0,28.171875,44,false,/en/software/r4-safe-tool-03,0,true
en,/en/software,1,767,4,12,12,1,true,all-products,104,104,false,false,"{""left"":655.453125,""right"":751,""top"":838,""bottom"":884,""width"":95.546875,""height"":46}","{""left"":41,""right"":622,""top"":855.5625,""bottom"":899.5625,""width"":581,""height"":44}",727,727,true,727,727,true,test-only-exclusion-disabled,true,33.453125,0,28.4375,44,false,/en/software/r4-safe-tool-04,0,true
en,/en/software,1,767,5,12,12,1,true,all-products,104,104,false,false,"{""left"":655.453125,""right"":751,""top"":838,""bottom"":884,""width"":95.546875,""height"":46}","{""left"":41,""right"":622,""top"":856.296875,""bottom"":900.296875,""width"":581,""height"":44}",727,727,true,727,727,true,test-only-exclusion-disabled,true,33.453125,0,27.703125,44,false,/en/software/r4-safe-tool-05,0,true
en,/en/software,1,767,6,12,12,1,true,all-products,104,104,false,false,"{""left"":655.453125,""right"":751,""top"":838,""bottom"":884,""width"":95.546875,""height"":46}","{""left"":41,""right"":622,""top"":856.03125,""bottom"":900.03125,""width"":581,""height"":44}",727,727,true,727,727,true,test-only-exclusion-disabled,true,33.453125,0,27.96875,44,false,/en/software/r4-safe-tool-06,0,true
en,/en/software,1,767,7,12,12,1,true,all-products,104,104,false,false,"{""left"":655.453125,""right"":751,""top"":838,""bottom"":884,""width"":95.546875,""height"":46}","{""left"":41,""right"":622,""top"":855.765625,""bottom"":899.765625,""width"":581,""height"":44}",727,727,true,727,727,true,test-only-exclusion-disabled,true,33.453125,0,28.234375,44,false,/en/software/r4-safe-tool-07,0,true
en,/en/software,1,767,8,12,12,1,true,all-products,104,104,false,false,"{""left"":655.453125,""right"":751,""top"":838,""bottom"":884,""width"":95.546875,""height"":46}","{""left"":41,""right"":622,""top"":855.5,""bottom"":899.5,""width"":581,""height"":44}",727,727,true,727,727,true,test-only-exclusion-disabled,true,33.453125,0,28.5,44,false,/en/software/r4-safe-tool-08,0,true
en,/en/software,1,767,9,12,12,1,true,all-products,104,104,false,false,"{""left"":655.453125,""right"":751,""top"":838,""bottom"":884,""width"":95.546875,""height"":46}","{""left"":41,""right"":622,""top"":856.234375,""bottom"":900.234375,""width"":581,""height"":44}",727,727,true,727,727,true,test-only-exclusion-disabled,true,33.453125,0,27.765625,44,false,/en/software/r4-safe-tool-09,0,true
en,/en/software,1,767,10,12,12,1,true,all-products,104,104,false,false,"{""left"":655.453125,""right"":751,""top"":838,""bottom"":884,""width"":95.546875,""height"":46}","{""left"":41,""right"":622,""top"":855.96875,""bottom"":899.96875,""width"":581,""height"":44}",727,727,true,727,727,true,test-only-exclusion-disabled,true,33.453125,0,28.03125,44,false,/en/software/r4-safe-tool-10,0,true
en,/en/software,1,767,11,12,12,1,true,all-products,104,104,false,false,"{""left"":655.453125,""right"":751,""top"":838,""bottom"":884,""width"":95.546875,""height"":46}","{""left"":41,""right"":622,""top"":855.703125,""bottom"":899.703125,""width"":581,""height"":44}",727,727,true,727,727,true,test-only-exclusion-disabled,true,33.453125,0,28.296875,44,false,/en/software/r4-safe-tool-11,0,true
en,/en/software,1,767,12,12,12,1,true,all-products,104,104,false,false,"{""left"":655.453125,""right"":751,""top"":838,""bottom"":884,""width"":95.546875,""height"":46}","{""left"":41,""right"":622,""top"":856.4375,""bottom"":900.4375,""width"":581,""height"":44}",727,727,true,727,727,true,test-only-exclusion-disabled,true,33.453125,0,27.5625,44,false,/en/software/r4-safe-tool-12,0,true
en,/en/software?page=2,2,767,1,12,12,1,true,all-products,104,104,false,false,"{""left"":655.453125,""right"":751,""top"":838,""bottom"":884,""width"":95.546875,""height"":46}","{""left"":41,""right"":622,""top"":856.359375,""bottom"":900.359375,""width"":581,""height"":44}",727,727,true,727,727,true,test-only-exclusion-disabled,true,33.453125,0,27.640625,44,false,/en/software/r4-safe-tool-13,0,true
en,/en/software?page=2,2,767,2,12,12,1,true,all-products,104,104,false,false,"{""left"":655.453125,""right"":751,""top"":838,""bottom"":884,""width"":95.546875,""height"":46}","{""left"":41,""right"":622,""top"":856.09375,""bottom"":900.09375,""width"":581,""height"":44}",727,727,true,727,727,true,test-only-exclusion-disabled,true,33.453125,0,27.90625,44,false,/en/software/r4-safe-tool-14,0,true
en,/en/software?page=2,2,767,3,12,12,1,true,all-products,104,104,false,false,"{""left"":655.453125,""right"":751,""top"":838,""bottom"":884,""width"":95.546875,""height"":46}","{""left"":41,""right"":622,""top"":855.828125,""bottom"":899.828125,""width"":581,""height"":44}",727,727,true,727,727,true,test-only-exclusion-disabled,true,33.453125,0,28.171875,44,false,/en/software/r4-safe-tool-15,0,true
en,/en/software?page=2,2,767,4,12,12,1,true,all-products,104,104,false,false,"{""left"":655.453125,""right"":751,""top"":838,""bottom"":884,""width"":95.546875,""height"":46}","{""left"":41,""right"":622,""top"":855.5625,""bottom"":899.5625,""width"":581,""height"":44}",727,727,true,727,727,true,test-only-exclusion-disabled,true,33.453125,0,28.4375,44,false,/en/software/r4-safe-tool-16,0,true
en,/en/software?page=2,2,767,5,12,12,1,true,all-products,104,104,false,false,"{""left"":655.453125,""right"":751,""top"":838,""bottom"":884,""width"":95.546875,""height"":46}","{""left"":41,""right"":622,""top"":856.296875,""bottom"":900.296875,""width"":581,""height"":44}",727,727,true,727,727,true,test-only-exclusion-disabled,true,33.453125,0,27.703125,44,false,/en/software/r4-safe-tool-17,0,true
en,/en/software?page=2,2,767,6,12,12,1,true,all-products,104,104,false,false,"{""left"":655.453125,""right"":751,""top"":838,""bottom"":884,""width"":95.546875,""height"":46}","{""left"":41,""right"":622,""top"":856.03125,""bottom"":900.03125,""width"":581,""height"":44}",727,727,true,727,727,true,test-only-exclusion-disabled,true,33.453125,0,27.96875,44,false,/en/software/r4-safe-tool-18,0,true
en,/en/software?page=2,2,767,7,12,12,1,true,all-products,104,104,false,false,"{""left"":655.453125,""right"":751,""top"":838,""bottom"":884,""width"":95.546875,""height"":46}","{""left"":41,""right"":622,""top"":855.765625,""bottom"":899.765625,""width"":581,""height"":44}",727,727,true,727,727,true,test-only-exclusion-disabled,true,33.453125,0,28.234375,44,false,/en/software/r4-safe-tool-19,0,true
en,/en/software?page=2,2,767,8,12,12,1,true,all-products,104,104,false,false,"{""left"":655.453125,""right"":751,""top"":838,""bottom"":884,""width"":95.546875,""height"":46}","{""left"":41,""right"":622,""top"":855.5,""bottom"":899.5,""width"":581,""height"":44}",727,727,true,727,727,true,test-only-exclusion-disabled,true,33.453125,0,28.5,44,false,/en/software/r4-safe-tool-20,0,true
en,/en/software?page=2,2,767,9,12,12,1,true,all-products,104,104,false,false,"{""left"":655.453125,""right"":751,""top"":838,""bottom"":884,""width"":95.546875,""height"":46}","{""left"":41,""right"":622,""top"":856.234375,""bottom"":900.234375,""width"":581,""height"":44}",727,727,true,727,727,true,test-only-exclusion-disabled,true,33.453125,0,27.765625,44,false,/en/software/r4-safe-tool-21,0,true
en,/en/software?page=2,2,767,10,12,12,1,true,all-products,104,104,false,false,"{""left"":655.453125,""right"":751,""top"":838,""bottom"":884,""width"":95.546875,""height"":46}","{""left"":41,""right"":622,""top"":855.96875,""bottom"":899.96875,""width"":581,""height"":44}",727,727,true,727,727,true,test-only-exclusion-disabled,true,33.453125,0,28.03125,44,false,/en/software/r4-safe-tool-22,0,true
en,/en/software?page=2,2,767,11,12,12,1,true,all-products,104,104,false,false,"{""left"":655.453125,""right"":751,""top"":838,""bottom"":884,""width"":95.546875,""height"":46}","{""left"":41,""right"":622,""top"":855.703125,""bottom"":899.703125,""width"":581,""height"":44}",727,727,true,727,727,true,test-only-exclusion-disabled,true,33.453125,0,28.296875,44,false,/en/software/r4-safe-tool-23,0,true
en,/en/software?page=2,2,767,12,12,12,1,true,all-products,104,104,false,false,"{""left"":655.453125,""right"":751,""top"":838,""bottom"":884,""width"":95.546875,""height"":46}","{""left"":41,""right"":622,""top"":856.4375,""bottom"":900.4375,""width"":581,""height"":44}",727,727,true,727,727,true,test-only-exclusion-disabled,true,33.453125,0,27.5625,44,false,/en/software/r4-safe-tool-24,0,true
en,/en/software?page=3,3,767,1,1,1,1,true,all-products,104,104,false,false,"{""left"":655.453125,""right"":751,""top"":838,""bottom"":884,""width"":95.546875,""height"":46}","{""left"":41,""right"":622,""top"":856.359375,""bottom"":900.359375,""width"":581,""height"":44}",727,727,true,727,727,true,test-only-exclusion-disabled,true,33.453125,0,27.640625,44,false,/en/software/r4-safe-tool-25,0,true
en,/en/software,1,768,1,12,12,2,false,all-products,104,0,false,false,"{""left"":648.453125,""right"":744,""top"":830,""bottom"":876,""width"":95.546875,""height"":46}","{""left"":45,""right"":353,""top"":855.953125,""bottom"":899.953125,""width"":308,""height"":44}",350,350,true,720,720,true,pre-implementation-capture,true,295.453125,0,20.046875,44,false,/en/software/r4-safe-tool-01,0,true
en,/en/software,1,768,2,12,12,2,true,all-products,104,104,false,false,"{""left"":648.453125,""right"":744,""top"":830,""bottom"":876,""width"":95.546875,""height"":46}","{""left"":415,""right"":619,""top"":855.953125,""bottom"":899.953125,""width"":204,""height"":44}",350,350,true,720,720,true,pre-implementation-capture,true,29.453125,0,20.046875,44,false,/en/software/r4-safe-tool-02,0,true
en,/en/software,1,768,3,12,12,2,false,all-products,104,0,false,false,"{""left"":648.453125,""right"":744,""top"":830,""bottom"":876,""width"":95.546875,""height"":46}","{""left"":45,""right"":353,""top"":855.8125,""bottom"":899.8125,""width"":308,""height"":44}",350,350,true,720,720,true,pre-implementation-capture,true,295.453125,0,20.1875,44,false,/en/software/r4-safe-tool-03,0,true
en,/en/software,1,768,4,12,12,2,true,all-products,104,104,false,false,"{""left"":648.453125,""right"":744,""top"":830,""bottom"":876,""width"":95.546875,""height"":46}","{""left"":415,""right"":619,""top"":855.8125,""bottom"":899.8125,""width"":204,""height"":44}",350,350,true,720,720,true,pre-implementation-capture,true,29.453125,0,20.1875,44,false,/en/software/r4-safe-tool-04,0,true
en,/en/software,1,768,5,12,12,2,false,all-products,104,0,false,false,"{""left"":648.453125,""right"":744,""top"":830,""bottom"":876,""width"":95.546875,""height"":46}","{""left"":45,""right"":353,""top"":855.671875,""bottom"":899.671875,""width"":308,""height"":44}",350,350,true,720,720,true,pre-implementation-capture,true,295.453125,0,20.328125,44,false,/en/software/r4-safe-tool-05,0,true
en,/en/software,1,768,6,12,12,2,true,all-products,104,104,false,false,"{""left"":648.453125,""right"":744,""top"":830,""bottom"":876,""width"":95.546875,""height"":46}","{""left"":415,""right"":619,""top"":855.671875,""bottom"":899.671875,""width"":204,""height"":44}",350,350,true,720,720,true,pre-implementation-capture,true,29.453125,0,20.328125,44,false,/en/software/r4-safe-tool-06,0,true
en,/en/software,1,768,7,12,12,2,false,all-products,104,0,false,false,"{""left"":648.453125,""right"":744,""top"":830,""bottom"":876,""width"":95.546875,""height"":46}","{""left"":45,""right"":353,""top"":855.53125,""bottom"":899.53125,""width"":308,""height"":44}",350,350,true,720,720,true,pre-implementation-capture,true,295.453125,0,20.46875,44,false,/en/software/r4-safe-tool-07,0,true
en,/en/software,1,768,8,12,12,2,true,all-products,104,104,false,false,"{""left"":648.453125,""right"":744,""top"":830,""bottom"":876,""width"":95.546875,""height"":46}","{""left"":415,""right"":619,""top"":855.53125,""bottom"":899.53125,""width"":204,""height"":44}",350,350,true,720,720,true,pre-implementation-capture,true,29.453125,0,20.46875,44,false,/en/software/r4-safe-tool-08,0,true
en,/en/software,1,768,9,12,12,2,false,all-products,104,0,false,false,"{""left"":648.453125,""right"":744,""top"":830,""bottom"":876,""width"":95.546875,""height"":46}","{""left"":45,""right"":353,""top"":856.390625,""bottom"":900.390625,""width"":308,""height"":44}",350,350,true,720,720,true,pre-implementation-capture,true,295.453125,0,19.609375,44,false,/en/software/r4-safe-tool-09,0,true
en,/en/software,1,768,10,12,12,2,true,all-products,104,104,false,false,"{""left"":648.453125,""right"":744,""top"":830,""bottom"":876,""width"":95.546875,""height"":46}","{""left"":415,""right"":619,""top"":856.390625,""bottom"":900.390625,""width"":204,""height"":44}",350,350,true,720,720,true,pre-implementation-capture,true,29.453125,0,19.609375,44,false,/en/software/r4-safe-tool-10,0,true
en,/en/software,1,768,11,12,12,2,false,all-products,104,0,false,false,"{""left"":648.453125,""right"":744,""top"":830,""bottom"":876,""width"":95.546875,""height"":46}","{""left"":45,""right"":353,""top"":856.25,""bottom"":900.25,""width"":308,""height"":44}",350,350,true,720,720,true,pre-implementation-capture,true,295.453125,0,19.75,44,false,/en/software/r4-safe-tool-11,0,true
en,/en/software,1,768,12,12,12,2,true,all-products,104,104,false,false,"{""left"":648.453125,""right"":744,""top"":830,""bottom"":876,""width"":95.546875,""height"":46}","{""left"":415,""right"":619,""top"":856.25,""bottom"":900.25,""width"":204,""height"":44}",350,350,true,720,720,true,pre-implementation-capture,true,29.453125,0,19.75,44,false,/en/software/r4-safe-tool-12,0,true
en,/en/software?page=2,2,768,1,12,12,2,false,all-products,104,0,false,false,"{""left"":648.453125,""right"":744,""top"":830,""bottom"":876,""width"":95.546875,""height"":46}","{""left"":45,""right"":353,""top"":855.953125,""bottom"":899.953125,""width"":308,""height"":44}",350,350,true,720,720,true,pre-implementation-capture,true,295.453125,0,20.046875,44,false,/en/software/r4-safe-tool-13,0,true
en,/en/software?page=2,2,768,2,12,12,2,true,all-products,104,104,false,false,"{""left"":648.453125,""right"":744,""top"":830,""bottom"":876,""width"":95.546875,""height"":46}","{""left"":415,""right"":619,""top"":855.953125,""bottom"":899.953125,""width"":204,""height"":44}",350,350,true,720,720,true,pre-implementation-capture,true,29.453125,0,20.046875,44,false,/en/software/r4-safe-tool-14,0,true
en,/en/software?page=2,2,768,3,12,12,2,false,all-products,104,0,false,false,"{""left"":648.453125,""right"":744,""top"":830,""bottom"":876,""width"":95.546875,""height"":46}","{""left"":45,""right"":353,""top"":855.8125,""bottom"":899.8125,""width"":308,""height"":44}",350,350,true,720,720,true,pre-implementation-capture,true,295.453125,0,20.1875,44,false,/en/software/r4-safe-tool-15,0,true
en,/en/software?page=2,2,768,4,12,12,2,true,all-products,104,104,false,false,"{""left"":648.453125,""right"":744,""top"":830,""bottom"":876,""width"":95.546875,""height"":46}","{""left"":415,""right"":619,""top"":855.8125,""bottom"":899.8125,""width"":204,""height"":44}",350,350,true,720,720,true,pre-implementation-capture,true,29.453125,0,20.1875,44,false,/en/software/r4-safe-tool-16,0,true
en,/en/software?page=2,2,768,5,12,12,2,false,all-products,104,0,false,false,"{""left"":648.453125,""right"":744,""top"":830,""bottom"":876,""width"":95.546875,""height"":46}","{""left"":45,""right"":353,""top"":855.671875,""bottom"":899.671875,""width"":308,""height"":44}",350,350,true,720,720,true,pre-implementation-capture,true,295.453125,0,20.328125,44,false,/en/software/r4-safe-tool-17,0,true
en,/en/software?page=2,2,768,6,12,12,2,true,all-products,104,104,false,false,"{""left"":648.453125,""right"":744,""top"":830,""bottom"":876,""width"":95.546875,""height"":46}","{""left"":415,""right"":619,""top"":855.671875,""bottom"":899.671875,""width"":204,""height"":44}",350,350,true,720,720,true,pre-implementation-capture,true,29.453125,0,20.328125,44,false,/en/software/r4-safe-tool-18,0,true
en,/en/software?page=2,2,768,7,12,12,2,false,all-products,104,0,false,false,"{""left"":648.453125,""right"":744,""top"":830,""bottom"":876,""width"":95.546875,""height"":46}","{""left"":45,""right"":353,""top"":855.53125,""bottom"":899.53125,""width"":308,""height"":44}",350,350,true,720,720,true,pre-implementation-capture,true,295.453125,0,20.46875,44,false,/en/software/r4-safe-tool-19,0,true
en,/en/software?page=2,2,768,8,12,12,2,true,all-products,104,104,false,false,"{""left"":648.453125,""right"":744,""top"":830,""bottom"":876,""width"":95.546875,""height"":46}","{""left"":415,""right"":619,""top"":855.53125,""bottom"":899.53125,""width"":204,""height"":44}",350,350,true,720,720,true,pre-implementation-capture,true,29.453125,0,20.46875,44,false,/en/software/r4-safe-tool-20,0,true
en,/en/software?page=2,2,768,9,12,12,2,false,all-products,104,0,false,false,"{""left"":648.453125,""right"":744,""top"":830,""bottom"":876,""width"":95.546875,""height"":46}","{""left"":45,""right"":353,""top"":856.390625,""bottom"":900.390625,""width"":308,""height"":44}",350,350,true,720,720,true,pre-implementation-capture,true,295.453125,0,19.609375,44,false,/en/software/r4-safe-tool-21,0,true
en,/en/software?page=2,2,768,10,12,12,2,true,all-products,104,104,false,false,"{""left"":648.453125,""right"":744,""top"":830,""bottom"":876,""width"":95.546875,""height"":46}","{""left"":415,""right"":619,""top"":856.390625,""bottom"":900.390625,""width"":204,""height"":44}",350,350,true,720,720,true,pre-implementation-capture,true,29.453125,0,19.609375,44,false,/en/software/r4-safe-tool-22,0,true
en,/en/software?page=2,2,768,11,12,12,2,false,all-products,104,0,false,false,"{""left"":648.453125,""right"":744,""top"":830,""bottom"":876,""width"":95.546875,""height"":46}","{""left"":45,""right"":353,""top"":856.25,""bottom"":900.25,""width"":308,""height"":44}",350,350,true,720,720,true,pre-implementation-capture,true,295.453125,0,19.75,44,false,/en/software/r4-safe-tool-23,0,true
en,/en/software?page=2,2,768,12,12,12,2,true,all-products,104,104,false,false,"{""left"":648.453125,""right"":744,""top"":830,""bottom"":876,""width"":95.546875,""height"":46}","{""left"":415,""right"":619,""top"":856.25,""bottom"":900.25,""width"":204,""height"":44}",350,350,true,720,720,true,pre-implementation-capture,true,29.453125,0,19.75,44,false,/en/software/r4-safe-tool-24,0,true
en,/en/software?page=3,3,768,1,1,1,2,false,all-products,104,0,false,false,"{""left"":648.453125,""right"":744,""top"":830,""bottom"":876,""width"":95.546875,""height"":46}","{""left"":45,""right"":353,""top"":855.953125,""bottom"":899.953125,""width"":308,""height"":44}",350,350,true,720,720,true,pre-implementation-capture,true,295.453125,0,20.046875,44,false,/en/software/r4-safe-tool-25,0,true
en,/en/software,1,1024,1,12,12,3,false,all-products,104,0,false,false,"{""left"":904.453125,""right"":1000,""top"":830,""bottom"":876,""width"":95.546875,""height"":46}","{""left"":45,""right"":315,""top"":855.953125,""bottom"":899.953125,""width"":270,""height"":44}",312,312,true,976,976,true,test-only-exclusion-disabled,true,589.453125,0,20.046875,44,false,/en/software/r4-safe-tool-01,0,true
en,/en/software,1,1024,2,12,12,3,false,all-products,104,0,false,false,"{""left"":904.453125,""right"":1000,""top"":830,""bottom"":876,""width"":95.546875,""height"":46}","{""left"":377,""right"":647,""top"":855.953125,""bottom"":899.953125,""width"":270,""height"":44}",312,312,true,976,976,true,test-only-exclusion-disabled,true,257.453125,0,20.046875,44,false,/en/software/r4-safe-tool-02,0,true
en,/en/software,1,1024,3,12,12,3,true,all-products,104,104,false,false,"{""left"":904.453125,""right"":1000,""top"":830,""bottom"":876,""width"":95.546875,""height"":46}","{""left"":709,""right"":875,""top"":855.953125,""bottom"":899.953125,""width"":166,""height"":44}",312,312,true,976,976,true,test-only-exclusion-disabled,true,29.453125,0,20.046875,44,false,/en/software/r4-safe-tool-03,0,true
en,/en/software,1,1024,4,12,12,3,false,all-products,104,0,false,false,"{""left"":904.453125,""right"":1000,""top"":830,""bottom"":876,""width"":95.546875,""height"":46}","{""left"":45,""right"":315,""top"":855.625,""bottom"":899.625,""width"":270,""height"":44}",312,312,true,976,976,true,test-only-exclusion-disabled,true,589.453125,0,20.375,44,false,/en/software/r4-safe-tool-04,0,true
en,/en/software,1,1024,5,12,12,3,false,all-products,104,0,false,false,"{""left"":904.453125,""right"":1000,""top"":830,""bottom"":876,""width"":95.546875,""height"":46}","{""left"":377,""right"":647,""top"":855.625,""bottom"":899.625,""width"":270,""height"":44}",312,312,true,976,976,true,test-only-exclusion-disabled,true,257.453125,0,20.375,44,false,/en/software/r4-safe-tool-05,0,true
en,/en/software,1,1024,6,12,12,3,true,all-products,104,104,false,false,"{""left"":904.453125,""right"":1000,""top"":830,""bottom"":876,""width"":95.546875,""height"":46}","{""left"":709,""right"":875,""top"":855.625,""bottom"":899.625,""width"":166,""height"":44}",312,312,true,976,976,true,test-only-exclusion-disabled,true,29.453125,0,20.375,44,false,/en/software/r4-safe-tool-06,0,true
en,/en/software,1,1024,7,12,12,3,false,all-products,104,0,false,false,"{""left"":904.453125,""right"":1000,""top"":830,""bottom"":876,""width"":95.546875,""height"":46}","{""left"":45,""right"":315,""top"":856.296875,""bottom"":900.296875,""width"":270,""height"":44}",312,312,true,976,976,true,test-only-exclusion-disabled,true,589.453125,0,19.703125,44,false,/en/software/r4-safe-tool-07,0,true
en,/en/software,1,1024,8,12,12,3,false,all-products,104,0,false,false,"{""left"":904.453125,""right"":1000,""top"":830,""bottom"":876,""width"":95.546875,""height"":46}","{""left"":377,""right"":647,""top"":856.296875,""bottom"":900.296875,""width"":270,""height"":44}",312,312,true,976,976,true,test-only-exclusion-disabled,true,257.453125,0,19.703125,44,false,/en/software/r4-safe-tool-08,0,true
en,/en/software,1,1024,9,12,12,3,true,all-products,104,104,false,false,"{""left"":904.453125,""right"":1000,""top"":830,""bottom"":876,""width"":95.546875,""height"":46}","{""left"":709,""right"":875,""top"":856.296875,""bottom"":900.296875,""width"":166,""height"":44}",312,312,true,976,976,true,test-only-exclusion-disabled,true,29.453125,0,19.703125,44,false,/en/software/r4-safe-tool-09,0,true
en,/en/software,1,1024,10,12,12,3,false,all-products,104,0,false,false,"{""left"":904.453125,""right"":1000,""top"":830,""bottom"":876,""width"":95.546875,""height"":46}","{""left"":45,""right"":315,""top"":855.96875,""bottom"":899.96875,""width"":270,""height"":44}",312,312,true,976,976,true,test-only-exclusion-disabled,true,589.453125,0,20.03125,44,false,/en/software/r4-safe-tool-10,0,true
en,/en/software,1,1024,11,12,12,3,false,all-products,104,0,false,false,"{""left"":904.453125,""right"":1000,""top"":830,""bottom"":876,""width"":95.546875,""height"":46}","{""left"":377,""right"":647,""top"":855.96875,""bottom"":899.96875,""width"":270,""height"":44}",312,312,true,976,976,true,test-only-exclusion-disabled,true,257.453125,0,20.03125,44,false,/en/software/r4-safe-tool-11,0,true
en,/en/software,1,1024,12,12,12,3,true,all-products,104,104,false,false,"{""left"":904.453125,""right"":1000,""top"":830,""bottom"":876,""width"":95.546875,""height"":46}","{""left"":709,""right"":875,""top"":855.96875,""bottom"":899.96875,""width"":166,""height"":44}",312,312,true,976,976,true,test-only-exclusion-disabled,true,29.453125,0,20.03125,44,false,/en/software/r4-safe-tool-12,0,true
en,/en/software?page=2,2,1024,1,12,12,3,false,all-products,104,0,false,false,"{""left"":904.453125,""right"":1000,""top"":830,""bottom"":876,""width"":95.546875,""height"":46}","{""left"":45,""right"":315,""top"":855.953125,""bottom"":899.953125,""width"":270,""height"":44}",312,312,true,976,976,true,test-only-exclusion-disabled,true,589.453125,0,20.046875,44,false,/en/software/r4-safe-tool-13,0,true
en,/en/software?page=2,2,1024,2,12,12,3,false,all-products,104,0,false,false,"{""left"":904.453125,""right"":1000,""top"":830,""bottom"":876,""width"":95.546875,""height"":46}","{""left"":377,""right"":647,""top"":855.953125,""bottom"":899.953125,""width"":270,""height"":44}",312,312,true,976,976,true,test-only-exclusion-disabled,true,257.453125,0,20.046875,44,false,/en/software/r4-safe-tool-14,0,true
en,/en/software?page=2,2,1024,3,12,12,3,true,all-products,104,104,false,false,"{""left"":904.453125,""right"":1000,""top"":830,""bottom"":876,""width"":95.546875,""height"":46}","{""left"":709,""right"":875,""top"":855.953125,""bottom"":899.953125,""width"":166,""height"":44}",312,312,true,976,976,true,test-only-exclusion-disabled,true,29.453125,0,20.046875,44,false,/en/software/r4-safe-tool-15,0,true
en,/en/software?page=2,2,1024,4,12,12,3,false,all-products,104,0,false,false,"{""left"":904.453125,""right"":1000,""top"":830,""bottom"":876,""width"":95.546875,""height"":46}","{""left"":45,""right"":315,""top"":855.625,""bottom"":899.625,""width"":270,""height"":44}",312,312,true,976,976,true,test-only-exclusion-disabled,true,589.453125,0,20.375,44,false,/en/software/r4-safe-tool-16,0,true
en,/en/software?page=2,2,1024,5,12,12,3,false,all-products,104,0,false,false,"{""left"":904.453125,""right"":1000,""top"":830,""bottom"":876,""width"":95.546875,""height"":46}","{""left"":377,""right"":647,""top"":855.625,""bottom"":899.625,""width"":270,""height"":44}",312,312,true,976,976,true,test-only-exclusion-disabled,true,257.453125,0,20.375,44,false,/en/software/r4-safe-tool-17,0,true
en,/en/software?page=2,2,1024,6,12,12,3,true,all-products,104,104,false,false,"{""left"":904.453125,""right"":1000,""top"":830,""bottom"":876,""width"":95.546875,""height"":46}","{""left"":709,""right"":875,""top"":855.625,""bottom"":899.625,""width"":166,""height"":44}",312,312,true,976,976,true,test-only-exclusion-disabled,true,29.453125,0,20.375,44,false,/en/software/r4-safe-tool-18,0,true
en,/en/software?page=2,2,1024,7,12,12,3,false,all-products,104,0,false,false,"{""left"":904.453125,""right"":1000,""top"":830,""bottom"":876,""width"":95.546875,""height"":46}","{""left"":45,""right"":315,""top"":856.296875,""bottom"":900.296875,""width"":270,""height"":44}",312,312,true,976,976,true,test-only-exclusion-disabled,true,589.453125,0,19.703125,44,false,/en/software/r4-safe-tool-19,0,true
en,/en/software?page=2,2,1024,8,12,12,3,false,all-products,104,0,false,false,"{""left"":904.453125,""right"":1000,""top"":830,""bottom"":876,""width"":95.546875,""height"":46}","{""left"":377,""right"":647,""top"":856.296875,""bottom"":900.296875,""width"":270,""height"":44}",312,312,true,976,976,true,test-only-exclusion-disabled,true,257.453125,0,19.703125,44,false,/en/software/r4-safe-tool-20,0,true
en,/en/software?page=2,2,1024,9,12,12,3,true,all-products,104,104,false,false,"{""left"":904.453125,""right"":1000,""top"":830,""bottom"":876,""width"":95.546875,""height"":46}","{""left"":709,""right"":875,""top"":856.296875,""bottom"":900.296875,""width"":166,""height"":44}",312,312,true,976,976,true,test-only-exclusion-disabled,true,29.453125,0,19.703125,44,false,/en/software/r4-safe-tool-21,0,true
en,/en/software?page=2,2,1024,10,12,12,3,false,all-products,104,0,false,false,"{""left"":904.453125,""right"":1000,""top"":830,""bottom"":876,""width"":95.546875,""height"":46}","{""left"":45,""right"":315,""top"":855.96875,""bottom"":899.96875,""width"":270,""height"":44}",312,312,true,976,976,true,test-only-exclusion-disabled,true,589.453125,0,20.03125,44,false,/en/software/r4-safe-tool-22,0,true
en,/en/software?page=2,2,1024,11,12,12,3,false,all-products,104,0,false,false,"{""left"":904.453125,""right"":1000,""top"":830,""bottom"":876,""width"":95.546875,""height"":46}","{""left"":377,""right"":647,""top"":855.96875,""bottom"":899.96875,""width"":270,""height"":44}",312,312,true,976,976,true,test-only-exclusion-disabled,true,257.453125,0,20.03125,44,false,/en/software/r4-safe-tool-23,0,true
en,/en/software?page=2,2,1024,12,12,12,3,true,all-products,104,104,false,false,"{""left"":904.453125,""right"":1000,""top"":830,""bottom"":876,""width"":95.546875,""height"":46}","{""left"":709,""right"":875,""top"":855.96875,""bottom"":899.96875,""width"":166,""height"":44}",312,312,true,976,976,true,test-only-exclusion-disabled,true,29.453125,0,20.03125,44,false,/en/software/r4-safe-tool-24,0,true
en,/en/software?page=3,3,1024,1,1,1,3,false,all-products,104,0,false,false,"{""left"":904.453125,""right"":1000,""top"":830,""bottom"":876,""width"":95.546875,""height"":46}","{""left"":45,""right"":315,""top"":855.953125,""bottom"":899.953125,""width"":270,""height"":44}",312,312,true,976,976,true,test-only-exclusion-disabled,true,589.453125,0,20.046875,44,false,/en/software/r4-safe-tool-25,0,true
en,/en/software,1,1440,1,12,12,4,false,all-products,104,0,false,false,"{""left"":1320.453125,""right"":1416,""top"":830,""bottom"":876,""width"":95.546875,""height"":46}","{""left"":175,""right"":401,""top"":855.96875,""bottom"":899.96875,""width"":226,""height"":44}",268,268,true,1132,1132,true,pre-implementation-capture,true,919.453125,0,20.03125,44,false,/en/software/r4-safe-tool-01,0,true
en,/en/software,1,1440,2,12,12,4,false,all-products,104,0,false,false,"{""left"":1320.453125,""right"":1416,""top"":830,""bottom"":876,""width"":95.546875,""height"":46}","{""left"":463,""right"":689,""top"":855.96875,""bottom"":899.96875,""width"":226,""height"":44}",268,268,true,1132,1132,true,pre-implementation-capture,true,631.453125,0,20.03125,44,false,/en/software/r4-safe-tool-02,0,true
en,/en/software,1,1440,3,12,12,4,false,all-products,104,0,false,false,"{""left"":1320.453125,""right"":1416,""top"":830,""bottom"":876,""width"":95.546875,""height"":46}","{""left"":751,""right"":977,""top"":855.96875,""bottom"":899.96875,""width"":226,""height"":44}",268,268,true,1132,1132,true,pre-implementation-capture,true,343.453125,0,20.03125,44,false,/en/software/r4-safe-tool-03,0,true
en,/en/software,1,1440,4,12,12,4,true,all-products,104,104,false,false,"{""left"":1320.453125,""right"":1416,""top"":830,""bottom"":876,""width"":95.546875,""height"":46}","{""left"":1039,""right"":1161,""top"":855.96875,""bottom"":899.96875,""width"":122,""height"":44}",268,268,true,1132,1132,true,pre-implementation-capture,true,159.453125,0,20.03125,44,false,/en/software/r4-safe-tool-04,0,true
en,/en/software,1,1440,5,12,12,4,false,all-products,104,0,false,false,"{""left"":1320.453125,""right"":1416,""top"":830,""bottom"":876,""width"":95.546875,""height"":46}","{""left"":175,""right"":401,""top"":855.890625,""bottom"":899.890625,""width"":226,""height"":44}",268,268,true,1132,1132,true,pre-implementation-capture,true,919.453125,0,20.109375,44,false,/en/software/r4-safe-tool-05,0,true
en,/en/software,1,1440,6,12,12,4,false,all-products,104,0,false,false,"{""left"":1320.453125,""right"":1416,""top"":830,""bottom"":876,""width"":95.546875,""height"":46}","{""left"":463,""right"":689,""top"":855.890625,""bottom"":899.890625,""width"":226,""height"":44}",268,268,true,1132,1132,true,pre-implementation-capture,true,631.453125,0,20.109375,44,false,/en/software/r4-safe-tool-06,0,true
en,/en/software,1,1440,7,12,12,4,false,all-products,104,0,false,false,"{""left"":1320.453125,""right"":1416,""top"":830,""bottom"":876,""width"":95.546875,""height"":46}","{""left"":751,""right"":977,""top"":855.890625,""bottom"":899.890625,""width"":226,""height"":44}",268,268,true,1132,1132,true,pre-implementation-capture,true,343.453125,0,20.109375,44,false,/en/software/r4-safe-tool-07,0,true
en,/en/software,1,1440,8,12,12,4,true,all-products,104,104,false,false,"{""left"":1320.453125,""right"":1416,""top"":830,""bottom"":876,""width"":95.546875,""height"":46}","{""left"":1039,""right"":1161,""top"":855.890625,""bottom"":899.890625,""width"":122,""height"":44}",268,268,true,1132,1132,true,pre-implementation-capture,true,159.453125,0,20.109375,44,false,/en/software/r4-safe-tool-08,0,true
en,/en/software,1,1440,9,12,12,4,false,all-products,104,0,false,false,"{""left"":1320.453125,""right"":1416,""top"":830,""bottom"":876,""width"":95.546875,""height"":46}","{""left"":175,""right"":401,""top"":855.8125,""bottom"":899.8125,""width"":226,""height"":44}",268,268,true,1132,1132,true,pre-implementation-capture,true,919.453125,0,20.1875,44,false,/en/software/r4-safe-tool-09,0,true
en,/en/software,1,1440,10,12,12,4,false,all-products,104,0,false,false,"{""left"":1320.453125,""right"":1416,""top"":830,""bottom"":876,""width"":95.546875,""height"":46}","{""left"":463,""right"":689,""top"":855.8125,""bottom"":899.8125,""width"":226,""height"":44}",268,268,true,1132,1132,true,pre-implementation-capture,true,631.453125,0,20.1875,44,false,/en/software/r4-safe-tool-10,0,true
en,/en/software,1,1440,11,12,12,4,false,all-products,104,0,false,false,"{""left"":1320.453125,""right"":1416,""top"":830,""bottom"":876,""width"":95.546875,""height"":46}","{""left"":751,""right"":977,""top"":855.8125,""bottom"":899.8125,""width"":226,""height"":44}",268,268,true,1132,1132,true,pre-implementation-capture,true,343.453125,0,20.1875,44,false,/en/software/r4-safe-tool-11,0,true
en,/en/software,1,1440,12,12,12,4,true,all-products,104,104,false,false,"{""left"":1320.453125,""right"":1416,""top"":830,""bottom"":876,""width"":95.546875,""height"":46}","{""left"":1039,""right"":1161,""top"":855.8125,""bottom"":899.8125,""width"":122,""height"":44}",268,268,true,1132,1132,true,pre-implementation-capture,true,159.453125,0,20.1875,44,false,/en/software/r4-safe-tool-12,0,true
en,/en/software?page=2,2,1440,1,12,12,4,false,all-products,104,0,false,false,"{""left"":1320.453125,""right"":1416,""top"":830,""bottom"":876,""width"":95.546875,""height"":46}","{""left"":175,""right"":401,""top"":855.96875,""bottom"":899.96875,""width"":226,""height"":44}",268,268,true,1132,1132,true,pre-implementation-capture,true,919.453125,0,20.03125,44,false,/en/software/r4-safe-tool-13,0,true
en,/en/software?page=2,2,1440,2,12,12,4,false,all-products,104,0,false,false,"{""left"":1320.453125,""right"":1416,""top"":830,""bottom"":876,""width"":95.546875,""height"":46}","{""left"":463,""right"":689,""top"":855.96875,""bottom"":899.96875,""width"":226,""height"":44}",268,268,true,1132,1132,true,pre-implementation-capture,true,631.453125,0,20.03125,44,false,/en/software/r4-safe-tool-14,0,true
en,/en/software?page=2,2,1440,3,12,12,4,false,all-products,104,0,false,false,"{""left"":1320.453125,""right"":1416,""top"":830,""bottom"":876,""width"":95.546875,""height"":46}","{""left"":751,""right"":977,""top"":855.96875,""bottom"":899.96875,""width"":226,""height"":44}",268,268,true,1132,1132,true,pre-implementation-capture,true,343.453125,0,20.03125,44,false,/en/software/r4-safe-tool-15,0,true
en,/en/software?page=2,2,1440,4,12,12,4,true,all-products,104,104,false,false,"{""left"":1320.453125,""right"":1416,""top"":830,""bottom"":876,""width"":95.546875,""height"":46}","{""left"":1039,""right"":1161,""top"":855.96875,""bottom"":899.96875,""width"":122,""height"":44}",268,268,true,1132,1132,true,pre-implementation-capture,true,159.453125,0,20.03125,44,false,/en/software/r4-safe-tool-16,0,true
en,/en/software?page=2,2,1440,5,12,12,4,false,all-products,104,0,false,false,"{""left"":1320.453125,""right"":1416,""top"":830,""bottom"":876,""width"":95.546875,""height"":46}","{""left"":175,""right"":401,""top"":855.890625,""bottom"":899.890625,""width"":226,""height"":44}",268,268,true,1132,1132,true,pre-implementation-capture,true,919.453125,0,20.109375,44,false,/en/software/r4-safe-tool-17,0,true
en,/en/software?page=2,2,1440,6,12,12,4,false,all-products,104,0,false,false,"{""left"":1320.453125,""right"":1416,""top"":830,""bottom"":876,""width"":95.546875,""height"":46}","{""left"":463,""right"":689,""top"":855.890625,""bottom"":899.890625,""width"":226,""height"":44}",268,268,true,1132,1132,true,pre-implementation-capture,true,631.453125,0,20.109375,44,false,/en/software/r4-safe-tool-18,0,true
en,/en/software?page=2,2,1440,7,12,12,4,false,all-products,104,0,false,false,"{""left"":1320.453125,""right"":1416,""top"":830,""bottom"":876,""width"":95.546875,""height"":46}","{""left"":751,""right"":977,""top"":855.890625,""bottom"":899.890625,""width"":226,""height"":44}",268,268,true,1132,1132,true,pre-implementation-capture,true,343.453125,0,20.109375,44,false,/en/software/r4-safe-tool-19,0,true
en,/en/software?page=2,2,1440,8,12,12,4,true,all-products,104,104,false,false,"{""left"":1320.453125,""right"":1416,""top"":830,""bottom"":876,""width"":95.546875,""height"":46}","{""left"":1039,""right"":1161,""top"":855.890625,""bottom"":899.890625,""width"":122,""height"":44}",268,268,true,1132,1132,true,pre-implementation-capture,true,159.453125,0,20.109375,44,false,/en/software/r4-safe-tool-20,0,true
en,/en/software?page=2,2,1440,9,12,12,4,false,all-products,104,0,false,false,"{""left"":1320.453125,""right"":1416,""top"":830,""bottom"":876,""width"":95.546875,""height"":46}","{""left"":175,""right"":401,""top"":855.8125,""bottom"":899.8125,""width"":226,""height"":44}",268,268,true,1132,1132,true,pre-implementation-capture,true,919.453125,0,20.1875,44,false,/en/software/r4-safe-tool-21,0,true
en,/en/software?page=2,2,1440,10,12,12,4,false,all-products,104,0,false,false,"{""left"":1320.453125,""right"":1416,""top"":830,""bottom"":876,""width"":95.546875,""height"":46}","{""left"":463,""right"":689,""top"":855.8125,""bottom"":899.8125,""width"":226,""height"":44}",268,268,true,1132,1132,true,pre-implementation-capture,true,631.453125,0,20.1875,44,false,/en/software/r4-safe-tool-22,0,true
en,/en/software?page=2,2,1440,11,12,12,4,false,all-products,104,0,false,false,"{""left"":1320.453125,""right"":1416,""top"":830,""bottom"":876,""width"":95.546875,""height"":46}","{""left"":751,""right"":977,""top"":855.8125,""bottom"":899.8125,""width"":226,""height"":44}",268,268,true,1132,1132,true,pre-implementation-capture,true,343.453125,0,20.1875,44,false,/en/software/r4-safe-tool-23,0,true
en,/en/software?page=2,2,1440,12,12,12,4,true,all-products,104,104,false,false,"{""left"":1320.453125,""right"":1416,""top"":830,""bottom"":876,""width"":95.546875,""height"":46}","{""left"":1039,""right"":1161,""top"":855.8125,""bottom"":899.8125,""width"":122,""height"":44}",268,268,true,1132,1132,true,pre-implementation-capture,true,159.453125,0,20.1875,44,false,/en/software/r4-safe-tool-24,0,true
en,/en/software?page=3,3,1440,1,1,1,4,false,all-products,104,0,false,false,"{""left"":1320.453125,""right"":1416,""top"":830,""bottom"":876,""width"":95.546875,""height"":46}","{""left"":175,""right"":401,""top"":855.96875,""bottom"":899.96875,""width"":226,""height"":44}",268,268,true,1132,1132,true,pre-implementation-capture,true,919.453125,0,20.03125,44,false,/en/software/r4-safe-tool-25,0,true
